File Name,Folder Name,Page,Field,Value,Confidence,BBox,Tokens Used,INR Cost,Start Time,End Time
AH-001-2019-2020 - CHAMAN LAL BAJAJ.pdf,Decathlon,1,Invoice No,AH/001/2019-2020,0.95,"[360, 130, 480, 150]",425,2.12,2025-07-17 00:38:00,2025-07-17 00:39:06
AH-001-2019-2020 - CHAMAN LAL BAJAJ.pdf,Decathlon,1,Invoice Date,01/04/2019,0.95,"[360, 170, 420, 190]",425,2.12,2025-07-17 00:38:00,2025-07-17 00:39:06
AH-001-2019-2020 - CHAMAN LAL BAJAJ.pdf,Decathlon,1,Seller GSTIN,05AAZPB4078Q1ZW,0.95,"[100, 70, 240, 90]",425,2.12,2025-07-17 00:38:00,2025-07-17 00:39:06
AH-001-2019-2020 - CHAMAN LAL BAJAJ.pdf,Decathlon,1,Seller Pan,AAZPB4078Q,0.95,"[360, 520, 440, 540]",425,2.12,2025-07-17 00:38:00,2025-07-17 00:39:06
AH-001-2019-2020 - CHAMAN LAL BAJAJ.pdf,Decathlon,1,Seller Name,Mr Chaman Lal Bajaj,0.95,"[20, 20, 200, 40]",425,2.12,2025-07-17 00:38:00,2025-07-17 00:39:06
AH-001-2019-2020 - CHAMAN LAL BAJAJ.pdf,Decathlon,1,Buyer GSTIN,07AAACL9861H1Z8,0.95,"[100, 110, 240, 130]",425,2.12,2025-07-17 00:38:00,2025-07-17 00:39:06
AH-001-2019-2020 - CHAMAN LAL BAJAJ.pdf,Decathlon,1,Buyer Name,Decathlon Sports India Pvt Ltd,0.95,"[100, 90, 300, 110]",425,2.12,2025-07-17 00:38:00,2025-07-17 00:39:06
AH-001-2019-2020 - CHAMAN LAL BAJAJ.pdf,Decathlon,1,Buyer Pan,,0.0,[],425,2.12,2025-07-17 00:38:00,2025-07-17 00:39:06
AH-001-2019-2020 - CHAMAN LAL BAJAJ.pdf,Decathlon,1,Ship to GSTIN,,0.0,[],425,2.12,2025-07-17 00:38:00,2025-07-17 00:39:06
AH-001-2019-2020 - CHAMAN LAL BAJAJ.pdf,Decathlon,1,Ship to Name,,0.0,[],425,2.12,2025-07-17 00:38:00,2025-07-17 00:39:06
AH-001-2019-2020 - CHAMAN LAL BAJAJ.pdf,Decathlon,1,Subtotal Amount,"47,265.00",0.95,"[500, 260, 580, 280]",425,2.12,2025-07-17 00:38:00,2025-07-17 00:39:06
AH-001-2019-2020 - CHAMAN LAL BAJAJ.pdf,Decathlon,1,Discount Amount,0.00,0.95,"[500, 300, 580, 320]",425,2.12,2025-07-17 00:38:00,2025-07-17 00:39:06
AH-001-2019-2020 - CHAMAN LAL BAJAJ.pdf,Decathlon,1,CGST Amount,0.00,0.95,"[500, 340, 580, 360]",425,2.12,2025-07-17 00:38:00,2025-07-17 00:39:06
AH-001-2019-2020 - CHAMAN LAL BAJAJ.pdf,Decathlon,1,SGST Amount,0.00,0.95,"[500, 360, 580, 380]",425,2.12,2025-07-17 00:38:00,2025-07-17 00:39:06
AH-001-2019-2020 - CHAMAN LAL BAJAJ.pdf,Decathlon,1,IGST Amount,"8,508.00",0.95,"[500, 320, 580, 340]",425,2.12,2025-07-17 00:38:00,2025-07-17 00:39:06
AH-001-2019-2020 - CHAMAN LAL BAJAJ.pdf,Decathlon,1,Cess Amount,0.00,0.0,[],425,2.12,2025-07-17 00:38:00,2025-07-17 00:39:06
AH-001-2019-2020 - CHAMAN LAL BAJAJ.pdf,Decathlon,1,Additianal Cess Amount,0.00,0.0,[],425,2.12,2025-07-17 00:38:00,2025-07-17 00:39:06
PB22INV5750.pdf,Decathlon,1,Invoice No,PB22INV5750,0.95,"[450, 100, 550, 120]",446,2.23,2025-07-17 00:39:06,2025-07-17 00:40:20
PB22INV5750.pdf,Decathlon,1,Invoice Date,03-11-2022,0.95,"[450, 120, 550, 140]",446,2.23,2025-07-17 00:39:06,2025-07-17 00:40:20
PB22INV5750.pdf,Decathlon,1,Seller GSTIN,29AACCP3181C1ZL,0.95,"[700, 700, 800, 720]",446,2.23,2025-07-17 00:39:06,2025-07-17 00:40:20
PB22INV5750.pdf,Decathlon,1,Seller Pan,AACCP3181C,0.95,"[100, 700, 200, 720]",446,2.23,2025-07-17 00:39:06,2025-07-17 00:40:20
PB22INV5750.pdf,Decathlon,1,Seller Name,Posiflex Technology (India) Pvt Ltd,0.95,"[500, 600, 700, 620]",446,2.23,2025-07-17 00:39:06,2025-07-17 00:40:20
PB22INV5750.pdf,Decathlon,1,Buyer GSTIN,07AAACL9861H1Z8,0.95,"[200, 200, 350, 220]",446,2.23,2025-07-17 00:39:06,2025-07-17 00:40:20
PB22INV5750.pdf,Decathlon,1,Buyer Name,Decathlon Sports India Private Limited,0.95,"[100, 100, 350, 120]",446,2.23,2025-07-17 00:39:06,2025-07-17 00:40:20
PB22INV5750.pdf,Decathlon,1,Buyer Pan,Not Available,0.0,"[0, 0, 0, 0]",446,2.23,2025-07-17 00:39:06,2025-07-17 00:40:20
PB22INV5750.pdf,Decathlon,1,Ship to GSTIN,07AAACL9861H1Z8,0.95,"[200, 250, 350, 270]",446,2.23,2025-07-17 00:39:06,2025-07-17 00:40:20
PB22INV5750.pdf,Decathlon,1,Ship to Name,Decathlon Sports India Private Limited,0.95,"[100, 150, 350, 170]",446,2.23,2025-07-17 00:39:06,2025-07-17 00:40:20
PB22INV5750.pdf,Decathlon,1,Subtotal Amount,53626.32,0.95,"[500, 500, 600, 520]",446,2.23,2025-07-17 00:39:06,2025-07-17 00:40:20
PB22INV5750.pdf,Decathlon,1,Discount Amount,0.00,0.0,"[0, 0, 0, 0]",446,2.23,2025-07-17 00:39:06,2025-07-17 00:40:20
PB22INV5750.pdf,Decathlon,1,CGST Amount,0.00,0.0,"[0, 0, 0, 0]",446,2.23,2025-07-17 00:39:06,2025-07-17 00:40:20
PB22INV5750.pdf,Decathlon,1,SGST Amount,0.00,0.0,"[0, 0, 0, 0]",446,2.23,2025-07-17 00:39:06,2025-07-17 00:40:20
PB22INV5750.pdf,Decathlon,1,IGST Amount,11462.68,0.95,"[500, 520, 600, 540]",446,2.23,2025-07-17 00:39:06,2025-07-17 00:40:20
PB22INV5750.pdf,Decathlon,1,Cess Amount,0.00,0.0,"[0, 0, 0, 0]",446,2.23,2025-07-17 00:39:06,2025-07-17 00:40:20
PB22INV5750.pdf,Decathlon,1,Additianal Cess Amount,0.00,0.0,"[0, 0, 0, 0]",446,2.23,2025-07-17 00:39:06,2025-07-17 00:40:20
INV-2122-0031.pdf,Decathlon,1,Invoice No,INV-21/22-0031,0.95,"[200, 220, 300, 240]",426,2.13,2025-07-17 00:40:20,2025-07-17 00:41:29
INV-2122-0031.pdf,Decathlon,1,Invoice Date,26/07/2021,0.95,"[200, 240, 300, 260]",426,2.13,2025-07-17 00:40:20,2025-07-17 00:41:29
INV-2122-0031.pdf,Decathlon,1,Seller GSTIN,27AACCL3430G1ZT,0.95,"[400, 100, 550, 120]",426,2.13,2025-07-17 00:40:20,2025-07-17 00:41:29
INV-2122-0031.pdf,Decathlon,1,Seller Pan,U72900MH2012PTC235006,0.95,"[400, 120, 600, 140]",426,2.13,2025-07-17 00:40:20,2025-07-17 00:41:29
INV-2122-0031.pdf,Decathlon,1,Seller Name,Levia Technologies Pvt Ltd,0.95,"[200, 100, 400, 120]",426,2.13,2025-07-17 00:40:20,2025-07-17 00:41:29
INV-2122-0031.pdf,Decathlon,1,Buyer GSTIN,07AAACL9861H1Z8,0.95,"[200, 420, 350, 440]",426,2.13,2025-07-17 00:40:20,2025-07-17 00:41:29
INV-2122-0031.pdf,Decathlon,1,Buyer Name,Decathlon Sport India Private Ltd,0.95,"[200, 360, 400, 380]",426,2.13,2025-07-17 00:40:20,2025-07-17 00:41:29
INV-2122-0031.pdf,Decathlon,1,Buyer Pan,,0.0,[],426,2.13,2025-07-17 00:40:20,2025-07-17 00:41:29
INV-2122-0031.pdf,Decathlon,1,Ship to GSTIN,07AAACL9861H1Z8,0.95,"[600, 360, 750, 380]",426,2.13,2025-07-17 00:40:20,2025-07-17 00:41:29
INV-2122-0031.pdf,Decathlon,1,Ship to Name,Decathlon Sport India Private Ltd,0.95,"[600, 300, 800, 320]",426,2.13,2025-07-17 00:40:20,2025-07-17 00:41:29
INV-2122-0031.pdf,Decathlon,1,Subtotal Amount,"2,00,300.00",0.95,"[700, 600, 800, 620]",426,2.13,2025-07-17 00:40:20,2025-07-17 00:41:29
INV-2122-0031.pdf,Decathlon,1,Discount Amount,0.00,0.0,[],426,2.13,2025-07-17 00:40:20,2025-07-17 00:41:29
INV-2122-0031.pdf,Decathlon,1,CGST Amount,0.00,0.0,[],426,2.13,2025-07-17 00:40:20,2025-07-17 00:41:29
INV-2122-0031.pdf,Decathlon,1,SGST Amount,0.00,0.0,[],426,2.13,2025-07-17 00:40:20,2025-07-17 00:41:29
INV-2122-0031.pdf,Decathlon,1,IGST Amount,"36,054.00",0.95,"[700, 640, 800, 660]",426,2.13,2025-07-17 00:40:20,2025-07-17 00:41:29
INV-2122-0031.pdf,Decathlon,1,Cess Amount,0.00,0.0,[],426,2.13,2025-07-17 00:40:20,2025-07-17 00:41:29
INV-2122-0031.pdf,Decathlon,1,Additianal Cess Amount,0.00,0.0,[],426,2.13,2025-07-17 00:40:20,2025-07-17 00:41:29
INV-2122-0031.pdf,Decathlon,2,Invoice No,,0.0,[],382,1.91,2025-07-17 00:40:20,2025-07-17 00:42:17
INV-2122-0031.pdf,Decathlon,2,Invoice Date,,0.0,[],382,1.91,2025-07-17 00:40:20,2025-07-17 00:42:17
INV-2122-0031.pdf,Decathlon,2,Seller GSTIN,,0.0,[],382,1.91,2025-07-17 00:40:20,2025-07-17 00:42:17
INV-2122-0031.pdf,Decathlon,2,Seller Pan,,0.0,[],382,1.91,2025-07-17 00:40:20,2025-07-17 00:42:17
INV-2122-0031.pdf,Decathlon,2,Seller Name,,0.0,[],382,1.91,2025-07-17 00:40:20,2025-07-17 00:42:17
INV-2122-0031.pdf,Decathlon,2,Buyer GSTIN,,0.0,[],382,1.91,2025-07-17 00:40:20,2025-07-17 00:42:17
INV-2122-0031.pdf,Decathlon,2,Buyer Name,,0.0,[],382,1.91,2025-07-17 00:40:20,2025-07-17 00:42:17
INV-2122-0031.pdf,Decathlon,2,Buyer Pan,,0.0,[],382,1.91,2025-07-17 00:40:20,2025-07-17 00:42:17
INV-2122-0031.pdf,Decathlon,2,Ship to GSTIN,,0.0,[],382,1.91,2025-07-17 00:40:20,2025-07-17 00:42:17
INV-2122-0031.pdf,Decathlon,2,Ship to Name,,0.0,[],382,1.91,2025-07-17 00:40:20,2025-07-17 00:42:17
INV-2122-0031.pdf,Decathlon,2,Subtotal Amount,,0.0,[],382,1.91,2025-07-17 00:40:20,2025-07-17 00:42:17
INV-2122-0031.pdf,Decathlon,2,Discount Amount,,0.0,[],382,1.91,2025-07-17 00:40:20,2025-07-17 00:42:17
INV-2122-0031.pdf,Decathlon,2,CGST Amount,,0.0,[],382,1.91,2025-07-17 00:40:20,2025-07-17 00:42:17
INV-2122-0031.pdf,Decathlon,2,SGST Amount,,0.0,[],382,1.91,2025-07-17 00:40:20,2025-07-17 00:42:17
INV-2122-0031.pdf,Decathlon,2,IGST Amount,,0.0,[],382,1.91,2025-07-17 00:40:20,2025-07-17 00:42:17
INV-2122-0031.pdf,Decathlon,2,Cess Amount,,0.0,[],382,1.91,2025-07-17 00:40:20,2025-07-17 00:42:17
INV-2122-0031.pdf,Decathlon,2,Additianal Cess Amount,,0.0,[],382,1.91,2025-07-17 00:40:20,2025-07-17 00:42:17
24-2019-20 - Sangeetha Madan.pdf,Decathlon,1,Invoice No,24/2019-20,0.95,"[260, 30, 330, 50]",442,2.21,2025-07-17 00:42:17,2025-07-17 00:43:50
24-2019-20 - Sangeetha Madan.pdf,Decathlon,1,Invoice Date,01.07.19,0.95,"[340, 30, 400, 50]",442,2.21,2025-07-17 00:42:17,2025-07-17 00:43:50
24-2019-20 - Sangeetha Madan.pdf,Decathlon,1,Seller GSTIN,07AEHPM1499N1ZU,0.95,"[260, 60, 380, 80]",442,2.21,2025-07-17 00:42:17,2025-07-17 00:43:50
24-2019-20 - Sangeetha Madan.pdf,Decathlon,1,Seller Pan,AEHPM1499N,0.95,"[260, 80, 340, 100]",442,2.21,2025-07-17 00:42:17,2025-07-17 00:43:50
24-2019-20 - Sangeetha Madan.pdf,Decathlon,1,Seller Name,SANGEETA MADAN,0.95,"[260, 40, 380, 60]",442,2.21,2025-07-17 00:42:17,2025-07-17 00:43:50
24-2019-20 - Sangeetha Madan.pdf,Decathlon,1,Buyer GSTIN,07AAACL9861H1Z8,0.95,"[260, 200, 380, 220]",442,2.21,2025-07-17 00:42:17,2025-07-17 00:43:50
24-2019-20 - Sangeetha Madan.pdf,Decathlon,1,Buyer Name,Decathlon Sports India Pvt Ltd,0.95,"[100, 120, 300, 140]",442,2.21,2025-07-17 00:42:17,2025-07-17 00:43:50
24-2019-20 - Sangeetha Madan.pdf,Decathlon,1,Buyer Pan,AAACL9861H,0.95,"[260, 220, 340, 240]",442,2.21,2025-07-17 00:42:17,2025-07-17 00:43:50
24-2019-20 - Sangeetha Madan.pdf,Decathlon,1,Ship to GSTIN,07AAACL9861H1Z8,0.95,"[500, 200, 620, 220]",442,2.21,2025-07-17 00:42:17,2025-07-17 00:43:50
24-2019-20 - Sangeetha Madan.pdf,Decathlon,1,Ship to Name,Decathlon Sports India Pvt Ltd,0.95,"[400, 120, 600, 140]",442,2.21,2025-07-17 00:42:17,2025-07-17 00:43:50
24-2019-20 - Sangeetha Madan.pdf,Decathlon,1,Subtotal Amount,25990,0.95,"[600, 360, 660, 380]",442,2.21,2025-07-17 00:42:17,2025-07-17 00:43:50
24-2019-20 - Sangeetha Madan.pdf,Decathlon,1,Discount Amount,0,0.0,"[0, 0, 0, 0]",442,2.21,2025-07-17 00:42:17,2025-07-17 00:43:50
24-2019-20 - Sangeetha Madan.pdf,Decathlon,1,CGST Amount,2339,0.95,"[600, 380, 660, 400]",442,2.21,2025-07-17 00:42:17,2025-07-17 00:43:50
24-2019-20 - Sangeetha Madan.pdf,Decathlon,1,SGST Amount,2339,0.95,"[600, 400, 660, 420]",442,2.21,2025-07-17 00:42:17,2025-07-17 00:43:50
24-2019-20 - Sangeetha Madan.pdf,Decathlon,1,IGST Amount,0,0.95,"[600, 420, 660, 440]",442,2.21,2025-07-17 00:42:17,2025-07-17 00:43:50
24-2019-20 - Sangeetha Madan.pdf,Decathlon,1,Cess Amount,0,0.0,"[0, 0, 0, 0]",442,2.21,2025-07-17 00:42:17,2025-07-17 00:43:50
24-2019-20 - Sangeetha Madan.pdf,Decathlon,1,Additianal Cess Amount,0,0.0,"[0, 0, 0, 0]",442,2.21,2025-07-17 00:42:17,2025-07-17 00:43:50
17182903.pdf,Decathlon,1,Invoice No,17182903,0.95,"[160, 200, 260, 220]",416,2.08,2025-07-17 00:43:50,2025-07-17 00:45:11
17182903.pdf,Decathlon,1,Invoice Date,15/02/2022,0.95,"[160, 220, 260, 240]",416,2.08,2025-07-17 00:43:50,2025-07-17 00:45:11
17182903.pdf,Decathlon,1,Seller GSTIN,33AADCE4476C1ZY,0.95,"[400, 100, 550, 120]",416,2.08,2025-07-17 00:43:50,2025-07-17 00:45:11
17182903.pdf,Decathlon,1,Seller Pan,AADCE4476C,0.95,"[400, 120, 500, 140]",416,2.08,2025-07-17 00:43:50,2025-07-17 00:45:11
17182903.pdf,Decathlon,1,Seller Name,Earth Recycler Private Limited,0.95,"[200, 60, 450, 80]",416,2.08,2025-07-17 00:43:50,2025-07-17 00:45:11
17182903.pdf,Decathlon,1,Buyer GSTIN,07AAACL9861H1Z8,0.95,"[200, 400, 350, 420]",416,2.08,2025-07-17 00:43:50,2025-07-17 00:45:11
17182903.pdf,Decathlon,1,Buyer Name,Decathlon Sports India Private Limited,0.95,"[100, 300, 400, 320]",416,2.08,2025-07-17 00:43:50,2025-07-17 00:45:11
17182903.pdf,Decathlon,1,Buyer Pan,,0.0,[],416,2.08,2025-07-17 00:43:50,2025-07-17 00:45:11
17182903.pdf,Decathlon,1,Ship to GSTIN,,0.0,[],416,2.08,2025-07-17 00:43:50,2025-07-17 00:45:11
17182903.pdf,Decathlon,1,Ship to Name,,0.0,[],416,2.08,2025-07-17 00:43:50,2025-07-17 00:45:11
17182903.pdf,Decathlon,1,Subtotal Amount,16800.00,0.95,"[600, 560, 700, 580]",416,2.08,2025-07-17 00:43:50,2025-07-17 00:45:11
17182903.pdf,Decathlon,1,Discount Amount,0.00,0.0,[],416,2.08,2025-07-17 00:43:50,2025-07-17 00:45:11
17182903.pdf,Decathlon,1,CGST Amount,0.00,0.0,[],416,2.08,2025-07-17 00:43:50,2025-07-17 00:45:11
17182903.pdf,Decathlon,1,SGST Amount,0.00,0.0,[],416,2.08,2025-07-17 00:43:50,2025-07-17 00:45:11
17182903.pdf,Decathlon,1,IGST Amount,3024.00,0.95,"[600, 580, 700, 600]",416,2.08,2025-07-17 00:43:50,2025-07-17 00:45:11
17182903.pdf,Decathlon,1,Cess Amount,0.00,0.0,[],416,2.08,2025-07-17 00:43:50,2025-07-17 00:45:11
17182903.pdf,Decathlon,1,Additianal Cess Amount,0.00,0.0,[],416,2.08,2025-07-17 00:43:50,2025-07-17 00:45:11
GKA22-122846.pdf,Decathlon,1,Invoice No,GKA22-122846,0.95,"[330, 300, 420, 320]",444,2.22,2025-07-17 00:45:11,2025-07-17 00:46:48
GKA22-122846.pdf,Decathlon,1,Invoice Date,06/12/2022,0.95,"[470, 300, 550, 320]",444,2.22,2025-07-17 00:45:11,2025-07-17 00:46:48
GKA22-122846.pdf,Decathlon,1,Seller GSTIN,29AAACQ5169M1ZT,0.95,"[200, 140, 350, 160]",444,2.22,2025-07-17 00:45:11,2025-07-17 00:46:48
GKA22-122846.pdf,Decathlon,1,Seller Pan,AAACQ5169M,0.95,"[200, 160, 280, 180]",444,2.22,2025-07-17 00:45:11,2025-07-17 00:46:48
GKA22-122846.pdf,Decathlon,1,Seller Name,Qodenext India Private Limited,0.95,"[150, 70, 350, 90]",444,2.22,2025-07-17 00:45:11,2025-07-17 00:46:48
GKA22-122846.pdf,Decathlon,1,Buyer GSTIN,07AAACL9861H1Z8,0.95,"[100, 460, 250, 480]",444,2.22,2025-07-17 00:45:11,2025-07-17 00:46:48
GKA22-122846.pdf,Decathlon,1,Buyer Name,Decathlon Sports India Pvt. Ltd.,0.95,"[100, 400, 300, 420]",444,2.22,2025-07-17 00:45:11,2025-07-17 00:46:48
GKA22-122846.pdf,Decathlon,1,Buyer Pan,AAACL9861H,0.95,"[100, 480, 180, 500]",444,2.22,2025-07-17 00:45:11,2025-07-17 00:46:48
GKA22-122846.pdf,Decathlon,1,Ship to GSTIN,07AAACL9861H1Z8,0.95,"[450, 460, 600, 480]",444,2.22,2025-07-17 00:45:11,2025-07-17 00:46:48
GKA22-122846.pdf,Decathlon,1,Ship to Name,Decathlon Sports India Pvt. Ltd.,0.95,"[450, 400, 650, 420]",444,2.22,2025-07-17 00:45:11,2025-07-17 00:46:48
GKA22-122846.pdf,Decathlon,1,Subtotal Amount,117411.00,0.95,"[600, 600, 680, 620]",444,2.22,2025-07-17 00:45:11,2025-07-17 00:46:48
GKA22-122846.pdf,Decathlon,1,Discount Amount,0.00,0.0,"[0, 0, 0, 0]",444,2.22,2025-07-17 00:45:11,2025-07-17 00:46:48
GKA22-122846.pdf,Decathlon,1,CGST Amount,0.00,0.95,"[680, 600, 720, 620]",444,2.22,2025-07-17 00:45:11,2025-07-17 00:46:48
GKA22-122846.pdf,Decathlon,1,SGST Amount,0.00,0.95,"[760, 600, 800, 620]",444,2.22,2025-07-17 00:45:11,2025-07-17 00:46:48
GKA22-122846.pdf,Decathlon,1,IGST Amount,21133.98,0.95,"[840, 600, 900, 620]",444,2.22,2025-07-17 00:45:11,2025-07-17 00:46:48
GKA22-122846.pdf,Decathlon,1,Cess Amount,0.00,0.0,"[0, 0, 0, 0]",444,2.22,2025-07-17 00:45:11,2025-07-17 00:46:48
GKA22-122846.pdf,Decathlon,1,Additianal Cess Amount,0.00,0.0,"[0, 0, 0, 0]",444,2.22,2025-07-17 00:45:11,2025-07-17 00:46:48
12028.pdf,Decathlon,1,Invoice No,12028,0.95,"[520, 100, 580, 120]",427,2.13,2025-07-17 00:46:48,2025-07-17 00:48:15
12028.pdf,Decathlon,1,Invoice Date,29-12-2022,0.95,"[520, 140, 600, 160]",427,2.13,2025-07-17 00:46:48,2025-07-17 00:48:15
12028.pdf,Decathlon,1,Seller GSTIN,36AADCE2731L1ZN,0.95,"[520, 220, 640, 240]",427,2.13,2025-07-17 00:46:48,2025-07-17 00:48:15
12028.pdf,Decathlon,1,Seller Pan,AADCE2731L,0.95,"[520, 200, 600, 220]",427,2.13,2025-07-17 00:46:48,2025-07-17 00:48:15
12028.pdf,Decathlon,1,Seller Name,Exceloid Soft Systems Pvt Ltd,0.95,"[100, 100, 350, 140]",427,2.13,2025-07-17 00:46:48,2025-07-17 00:48:15
12028.pdf,Decathlon,1,Buyer GSTIN,07AAACL9861H1Z8,0.95,"[200, 340, 320, 360]",427,2.13,2025-07-17 00:46:48,2025-07-17 00:48:15
12028.pdf,Decathlon,1,Buyer Name,Decathlon Sports india Pvt Ltd,0.95,"[100, 260, 350, 280]",427,2.13,2025-07-17 00:46:48,2025-07-17 00:48:15
12028.pdf,Decathlon,1,Buyer Pan,,0.0,[],427,2.13,2025-07-17 00:46:48,2025-07-17 00:48:15
12028.pdf,Decathlon,1,Ship to GSTIN,07AAACL9861H1Z8,0.95,"[600, 340, 720, 360]",427,2.13,2025-07-17 00:46:48,2025-07-17 00:48:15
12028.pdf,Decathlon,1,Ship to Name,Decathlon Sports india Pvt Ltd,0.95,"[500, 260, 750, 280]",427,2.13,2025-07-17 00:46:48,2025-07-17 00:48:15
12028.pdf,Decathlon,1,Subtotal Amount,106520.00,0.95,"[700, 560, 780, 580]",427,2.13,2025-07-17 00:46:48,2025-07-17 00:48:15
12028.pdf,Decathlon,1,Discount Amount,0.00,0.0,[],427,2.13,2025-07-17 00:46:48,2025-07-17 00:48:15
12028.pdf,Decathlon,1,CGST Amount,0.00,0.0,[],427,2.13,2025-07-17 00:46:48,2025-07-17 00:48:15
12028.pdf,Decathlon,1,SGST Amount,0.00,0.0,[],427,2.13,2025-07-17 00:46:48,2025-07-17 00:48:15
12028.pdf,Decathlon,1,IGST Amount,19173.60,0.95,"[700, 600, 780, 620]",427,2.13,2025-07-17 00:46:48,2025-07-17 00:48:15
12028.pdf,Decathlon,1,Cess Amount,0.00,0.0,[],427,2.13,2025-07-17 00:46:48,2025-07-17 00:48:15
12028.pdf,Decathlon,1,Additianal Cess Amount,0.00,0.0,[],427,2.13,2025-07-17 00:46:48,2025-07-17 00:48:15
EP-03-71-21-22 - Ambience.pdf,Decathlon,1,Invoice No,EP/03/71/21-22,0.95,"[260, 160, 360, 180]",424,2.12,2025-07-17 00:48:15,2025-07-17 00:49:43
EP-03-71-21-22 - Ambience.pdf,Decathlon,1,Invoice Date,26-Mar-22,0.95,"[440, 160, 520, 180]",424,2.12,2025-07-17 00:48:15,2025-07-17 00:49:43
EP-03-71-21-22 - Ambience.pdf,Decathlon,1,Seller GSTIN,07AAECA6845N1Z8,0.95,"[100, 220, 240, 240]",424,2.12,2025-07-17 00:48:15,2025-07-17 00:49:43
EP-03-71-21-22 - Ambience.pdf,Decathlon,1,Seller Pan,U74899DL1984PTC019045,0.95,"[100, 200, 260, 220]",424,2.12,2025-07-17 00:48:15,2025-07-17 00:49:43
EP-03-71-21-22 - Ambience.pdf,Decathlon,1,Seller Name,Ambience Commercial Developers (P) Ltd.,0.95,"[100, 100, 300, 120]",424,2.12,2025-07-17 00:48:15,2025-07-17 00:49:43
EP-03-71-21-22 - Ambience.pdf,Decathlon,1,Buyer GSTIN,07AAACL9861H1Z8,0.95,"[300, 280, 440, 300]",424,2.12,2025-07-17 00:48:15,2025-07-17 00:49:43
EP-03-71-21-22 - Ambience.pdf,Decathlon,1,Buyer Name,Decathlon Sports India Pvt. Ltd.,0.95,"[300, 240, 440, 260]",424,2.12,2025-07-17 00:48:15,2025-07-17 00:49:43
EP-03-71-21-22 - Ambience.pdf,Decathlon,1,Buyer Pan,,0.0,[],424,2.12,2025-07-17 00:48:15,2025-07-17 00:49:43
EP-03-71-21-22 - Ambience.pdf,Decathlon,1,Ship to GSTIN,07AAACL9861H1Z8,0.95,"[300, 320, 440, 340]",424,2.12,2025-07-17 00:48:15,2025-07-17 00:49:43
EP-03-71-21-22 - Ambience.pdf,Decathlon,1,Ship to Name,Decathlon Sports India Pvt. Ltd.,0.95,"[300, 280, 440, 300]",424,2.12,2025-07-17 00:48:15,2025-07-17 00:49:43
EP-03-71-21-22 - Ambience.pdf,Decathlon,1,Subtotal Amount,"1,25,000.00",0.95,"[560, 460, 640, 480]",424,2.12,2025-07-17 00:48:15,2025-07-17 00:49:43
EP-03-71-21-22 - Ambience.pdf,Decathlon,1,Discount Amount,,0.0,[],424,2.12,2025-07-17 00:48:15,2025-07-17 00:49:43
EP-03-71-21-22 - Ambience.pdf,Decathlon,1,CGST Amount,,0.0,[],424,2.12,2025-07-17 00:48:15,2025-07-17 00:49:43
EP-03-71-21-22 - Ambience.pdf,Decathlon,1,SGST Amount,,0.0,[],424,2.12,2025-07-17 00:48:15,2025-07-17 00:49:43
EP-03-71-21-22 - Ambience.pdf,Decathlon,1,IGST Amount,,0.0,[],424,2.12,2025-07-17 00:48:15,2025-07-17 00:49:43
EP-03-71-21-22 - Ambience.pdf,Decathlon,1,Cess Amount,,0.0,[],424,2.12,2025-07-17 00:48:15,2025-07-17 00:49:43
EP-03-71-21-22 - Ambience.pdf,Decathlon,1,Additianal Cess Amount,,0.0,[],424,2.12,2025-07-17 00:48:15,2025-07-17 00:49:43
EP-03-71-21-22 - Ambience.pdf,Decathlon,2,Invoice No,EP/03/71/21-22,0.95,"[330, 100, 450, 120]",430,2.15,2025-07-17 00:48:15,2025-07-17 00:51:16
EP-03-71-21-22 - Ambience.pdf,Decathlon,2,Invoice Date,26-Mar-22,0.95,"[550, 100, 650, 120]",430,2.15,2025-07-17 00:48:15,2025-07-17 00:51:16
EP-03-71-21-22 - Ambience.pdf,Decathlon,2,Seller GSTIN,07AAECA6845N1Z8,0.95,"[100, 150, 250, 170]",430,2.15,2025-07-17 00:48:15,2025-07-17 00:51:16
EP-03-71-21-22 - Ambience.pdf,Decathlon,2,Seller Pan,AAECA6845N,0.95,"[100, 750, 250, 770]",430,2.15,2025-07-17 00:48:15,2025-07-17 00:51:16
EP-03-71-21-22 - Ambience.pdf,Decathlon,2,Seller Name,Ambience Commercial Developers (P) Ltd.,0.95,"[100, 50, 350, 70]",430,2.15,2025-07-17 00:48:15,2025-07-17 00:51:16
EP-03-71-21-22 - Ambience.pdf,Decathlon,2,Buyer GSTIN,07AAACL9861H1Z8,0.95,"[300, 250, 450, 270]",430,2.15,2025-07-17 00:48:15,2025-07-17 00:51:16
EP-03-71-21-22 - Ambience.pdf,Decathlon,2,Buyer Name,Decathlon Sports India Pvt. Ltd.,0.95,"[100, 200, 350, 220]",430,2.15,2025-07-17 00:48:15,2025-07-17 00:51:16
EP-03-71-21-22 - Ambience.pdf,Decathlon,2,Buyer Pan,,0.0,[],430,2.15,2025-07-17 00:48:15,2025-07-17 00:51:16
EP-03-71-21-22 - Ambience.pdf,Decathlon,2,Ship to GSTIN,07AAACL9861H1Z8,0.95,"[300, 300, 450, 320]",430,2.15,2025-07-17 00:48:15,2025-07-17 00:51:16
EP-03-71-21-22 - Ambience.pdf,Decathlon,2,Ship to Name,Decathlon Sports India Pvt. Ltd.,0.95,"[100, 270, 350, 290]",430,2.15,2025-07-17 00:48:15,2025-07-17 00:51:16
EP-03-71-21-22 - Ambience.pdf,Decathlon,2,Subtotal Amount,125000.00,0.95,"[600, 500, 700, 520]",430,2.15,2025-07-17 00:48:15,2025-07-17 00:51:16
EP-03-71-21-22 - Ambience.pdf,Decathlon,2,Discount Amount,0.00,0.0,[],430,2.15,2025-07-17 00:48:15,2025-07-17 00:51:16
EP-03-71-21-22 - Ambience.pdf,Decathlon,2,CGST Amount,11250.00,0.95,"[600, 550, 700, 570]",430,2.15,2025-07-17 00:48:15,2025-07-17 00:51:16
EP-03-71-21-22 - Ambience.pdf,Decathlon,2,SGST Amount,11250.00,0.95,"[600, 570, 700, 590]",430,2.15,2025-07-17 00:48:15,2025-07-17 00:51:16
EP-03-71-21-22 - Ambience.pdf,Decathlon,2,IGST Amount,0.00,0.0,[],430,2.15,2025-07-17 00:48:15,2025-07-17 00:51:16
EP-03-71-21-22 - Ambience.pdf,Decathlon,2,Cess Amount,0.00,0.0,[],430,2.15,2025-07-17 00:48:15,2025-07-17 00:51:16
EP-03-71-21-22 - Ambience.pdf,Decathlon,2,Additianal Cess Amount,0.00,0.0,[],430,2.15,2025-07-17 00:48:15,2025-07-17 00:51:16
24-2019-20 - Sanjay Madan.pdf,Decathlon,1,Invoice No,24/2019-20,0.95,"[330, 30, 410, 50]",442,2.21,2025-07-17 00:51:16,2025-07-17 00:52:53
24-2019-20 - Sanjay Madan.pdf,Decathlon,1,Invoice Date,01.07.19,0.95,"[420, 30, 480, 50]",442,2.21,2025-07-17 00:51:16,2025-07-17 00:52:53
24-2019-20 - Sanjay Madan.pdf,Decathlon,1,Seller GSTIN,07AEHPM1494B1ZO,0.95,"[200, 60, 360, 80]",442,2.21,2025-07-17 00:51:16,2025-07-17 00:52:53
24-2019-20 - Sanjay Madan.pdf,Decathlon,1,Seller Pan,AEHPM1494B,0.95,"[200, 80, 300, 100]",442,2.21,2025-07-17 00:51:16,2025-07-17 00:52:53
24-2019-20 - Sanjay Madan.pdf,Decathlon,1,Seller Name,SANJAY MADAN,0.95,"[100, 40, 250, 60]",442,2.21,2025-07-17 00:51:16,2025-07-17 00:52:53
24-2019-20 - Sanjay Madan.pdf,Decathlon,1,Buyer GSTIN,07AAACL9861H1Z8,0.95,"[200, 180, 360, 200]",442,2.21,2025-07-17 00:51:16,2025-07-17 00:52:53
24-2019-20 - Sanjay Madan.pdf,Decathlon,1,Buyer Name,Decathlon Sports India Pvt Ltd,0.95,"[100, 120, 300, 140]",442,2.21,2025-07-17 00:51:16,2025-07-17 00:52:53
24-2019-20 - Sanjay Madan.pdf,Decathlon,1,Buyer Pan,AAACL9861H,0.95,"[200, 200, 300, 220]",442,2.21,2025-07-17 00:51:16,2025-07-17 00:52:53
24-2019-20 - Sanjay Madan.pdf,Decathlon,1,Ship to GSTIN,07AAACL9861H1Z8,0.95,"[400, 180, 560, 200]",442,2.21,2025-07-17 00:51:16,2025-07-17 00:52:53
24-2019-20 - Sanjay Madan.pdf,Decathlon,1,Ship to Name,Decathlon Sports India Pvt Ltd,0.95,"[300, 120, 500, 140]",442,2.21,2025-07-17 00:51:16,2025-07-17 00:52:53
24-2019-20 - Sanjay Madan.pdf,Decathlon,1,Subtotal Amount,25990,0.95,"[550, 320, 600, 340]",442,2.21,2025-07-17 00:51:16,2025-07-17 00:52:53
24-2019-20 - Sanjay Madan.pdf,Decathlon,1,Discount Amount,0,0.0,"[0, 0, 0, 0]",442,2.21,2025-07-17 00:51:16,2025-07-17 00:52:53
24-2019-20 - Sanjay Madan.pdf,Decathlon,1,CGST Amount,2339,0.95,"[550, 340, 600, 360]",442,2.21,2025-07-17 00:51:16,2025-07-17 00:52:53
24-2019-20 - Sanjay Madan.pdf,Decathlon,1,SGST Amount,2339,0.95,"[550, 360, 600, 380]",442,2.21,2025-07-17 00:51:16,2025-07-17 00:52:53
24-2019-20 - Sanjay Madan.pdf,Decathlon,1,IGST Amount,0,0.95,"[550, 380, 600, 400]",442,2.21,2025-07-17 00:51:16,2025-07-17 00:52:53
24-2019-20 - Sanjay Madan.pdf,Decathlon,1,Cess Amount,0,0.0,"[0, 0, 0, 0]",442,2.21,2025-07-17 00:51:16,2025-07-17 00:52:53
24-2019-20 - Sanjay Madan.pdf,Decathlon,1,Additianal Cess Amount,0,0.0,"[0, 0, 0, 0]",442,2.21,2025-07-17 00:51:16,2025-07-17 00:52:53
DL1-AR-006-19-20.pdf,Decathlon,1,Invoice No,DLVAR/00918-20,0.95,"[200, 300, 300, 320]",447,2.23,2025-07-17 00:52:53,2025-07-17 00:54:29
DL1-AR-006-19-20.pdf,Decathlon,1,Invoice Date,27.01.2020,0.95,"[350, 300, 450, 320]",447,2.23,2025-07-17 00:52:53,2025-07-17 00:54:29
DL1-AR-006-19-20.pdf,Decathlon,1,Seller GSTIN,07AAECB2681L1ZZ,0.95,"[100, 150, 250, 170]",447,2.23,2025-07-17 00:52:53,2025-07-17 00:54:29
DL1-AR-006-19-20.pdf,Decathlon,1,Seller Pan,AAECI2651L,0.95,"[300, 150, 400, 170]",447,2.23,2025-07-17 00:52:53,2025-07-17 00:54:29
DL1-AR-006-19-20.pdf,Decathlon,1,Seller Name,Intelligreen Technologies Private Limited,0.95,"[100, 50, 500, 70]",447,2.23,2025-07-17 00:52:53,2025-07-17 00:54:29
DL1-AR-006-19-20.pdf,Decathlon,1,Buyer GSTIN,07AALPS988H1Z8,0.95,"[100, 450, 250, 470]",447,2.23,2025-07-17 00:52:53,2025-07-17 00:54:29
DL1-AR-006-19-20.pdf,Decathlon,1,Buyer Name,M/S Decathlon Sports India Pvt. Ltd.,0.95,"[100, 350, 350, 370]",447,2.23,2025-07-17 00:52:53,2025-07-17 00:54:29
DL1-AR-006-19-20.pdf,Decathlon,1,Buyer Pan,Not Available,0.0,"[0, 0, 0, 0]",447,2.23,2025-07-17 00:52:53,2025-07-17 00:54:29
DL1-AR-006-19-20.pdf,Decathlon,1,Ship to GSTIN,07AALPS988H1Z8,0.95,"[400, 450, 550, 470]",447,2.23,2025-07-17 00:52:53,2025-07-17 00:54:29
DL1-AR-006-19-20.pdf,Decathlon,1,Ship to Name,M/S Decathlon Sports India Pvt. Ltd.,0.95,"[400, 350, 650, 370]",447,2.23,2025-07-17 00:52:53,2025-07-17 00:54:29
DL1-AR-006-19-20.pdf,Decathlon,1,Subtotal Amount,816090.50,0.95,"[500, 850, 600, 870]",447,2.23,2025-07-17 00:52:53,2025-07-17 00:54:29
DL1-AR-006-19-20.pdf,Decathlon,1,Discount Amount,0.00,0.0,"[0, 0, 0, 0]",447,2.23,2025-07-17 00:52:53,2025-07-17 00:54:29
DL1-AR-006-19-20.pdf,Decathlon,1,CGST Amount,36748.15,0.95,"[600, 900, 700, 920]",447,2.23,2025-07-17 00:52:53,2025-07-17 00:54:29
DL1-AR-006-19-20.pdf,Decathlon,1,SGST Amount,36748.15,0.95,"[600, 920, 700, 940]",447,2.23,2025-07-17 00:52:53,2025-07-17 00:54:29
DL1-AR-006-19-20.pdf,Decathlon,1,IGST Amount,0.00,0.0,"[0, 0, 0, 0]",447,2.23,2025-07-17 00:52:53,2025-07-17 00:54:29
DL1-AR-006-19-20.pdf,Decathlon,1,Cess Amount,0.00,0.0,"[0, 0, 0, 0]",447,2.23,2025-07-17 00:52:53,2025-07-17 00:54:29
DL1-AR-006-19-20.pdf,Decathlon,1,Additianal Cess Amount,0.00,0.0,"[0, 0, 0, 0]",447,2.23,2025-07-17 00:52:53,2025-07-17 00:54:29
BOLPF 1236 - PETS CENTRIC PRIVATE LIMITED - DL - Muhammed Noufal.pdf,Petfully,1,Invoice No,BOLPF/24-25/1236,0.95,"[420, 160, 540, 180]",427,2.13,2025-07-17 00:54:29,2025-07-17 00:55:58
BOLPF 1236 - PETS CENTRIC PRIVATE LIMITED - DL - Muhammed Noufal.pdf,Petfully,1,Invoice Date,4-Dec-24,0.95,"[580, 160, 660, 180]",427,2.13,2025-07-17 00:54:29,2025-07-17 00:55:58
BOLPF 1236 - PETS CENTRIC PRIVATE LIMITED - DL - Muhammed Noufal.pdf,Petfully,1,Seller GSTIN,27AAECV8384M1ZH,0.95,"[100, 300, 220, 320]",427,2.13,2025-07-17 00:54:29,2025-07-17 00:55:58
BOLPF 1236 - PETS CENTRIC PRIVATE LIMITED - DL - Muhammed Noufal.pdf,Petfully,1,Seller Pan,AAECV8384H,0.95,"[100, 320, 180, 340]",427,2.13,2025-07-17 00:54:29,2025-07-17 00:55:58
BOLPF 1236 - PETS CENTRIC PRIVATE LIMITED - DL - Muhammed Noufal.pdf,Petfully,1,Seller Name,VIVALDIS HEALTH AND FOODS PVT LTD.,0.95,"[100, 200, 350, 220]",427,2.13,2025-07-17 00:54:29,2025-07-17 00:55:58
BOLPF 1236 - PETS CENTRIC PRIVATE LIMITED - DL - Muhammed Noufal.pdf,Petfully,1,Buyer GSTIN,07AALCP9335K1ZT,0.95,"[100, 420, 220, 440]",427,2.13,2025-07-17 00:54:29,2025-07-17 00:55:58
BOLPF 1236 - PETS CENTRIC PRIVATE LIMITED - DL - Muhammed Noufal.pdf,Petfully,1,Buyer Name,PETS CENTRIC PRIVATE LIMITED - DL,0.95,"[100, 360, 300, 380]",427,2.13,2025-07-17 00:54:29,2025-07-17 00:55:58
BOLPF 1236 - PETS CENTRIC PRIVATE LIMITED - DL - Muhammed Noufal.pdf,Petfully,1,Buyer Pan,AALCP9335H,0.95,"[100, 440, 180, 460]",427,2.13,2025-07-17 00:54:29,2025-07-17 00:55:58
BOLPF 1236 - PETS CENTRIC PRIVATE LIMITED - DL - Muhammed Noufal.pdf,Petfully,1,Ship to GSTIN,07AALCP9335K1ZT,0.95,"[100, 420, 220, 440]",427,2.13,2025-07-17 00:54:29,2025-07-17 00:55:58
BOLPF 1236 - PETS CENTRIC PRIVATE LIMITED - DL - Muhammed Noufal.pdf,Petfully,1,Ship to Name,PETS CENTRIC PRIVATE LIMITED - DL,0.95,"[100, 360, 300, 380]",427,2.13,2025-07-17 00:54:29,2025-07-17 00:55:58
BOLPF 1236 - PETS CENTRIC PRIVATE LIMITED - DL - Muhammed Noufal.pdf,Petfully,1,Subtotal Amount,,0.0,[],427,2.13,2025-07-17 00:54:29,2025-07-17 00:55:58
BOLPF 1236 - PETS CENTRIC PRIVATE LIMITED - DL - Muhammed Noufal.pdf,Petfully,1,Discount Amount,,0.0,[],427,2.13,2025-07-17 00:54:29,2025-07-17 00:55:58
BOLPF 1236 - PETS CENTRIC PRIVATE LIMITED - DL - Muhammed Noufal.pdf,Petfully,1,CGST Amount,,0.0,[],427,2.13,2025-07-17 00:54:29,2025-07-17 00:55:58
BOLPF 1236 - PETS CENTRIC PRIVATE LIMITED - DL - Muhammed Noufal.pdf,Petfully,1,SGST Amount,,0.0,[],427,2.13,2025-07-17 00:54:29,2025-07-17 00:55:58
BOLPF 1236 - PETS CENTRIC PRIVATE LIMITED - DL - Muhammed Noufal.pdf,Petfully,1,IGST Amount,,0.0,[],427,2.13,2025-07-17 00:54:29,2025-07-17 00:55:58
BOLPF 1236 - PETS CENTRIC PRIVATE LIMITED - DL - Muhammed Noufal.pdf,Petfully,1,Cess Amount,,0.0,[],427,2.13,2025-07-17 00:54:29,2025-07-17 00:55:58
BOLPF 1236 - PETS CENTRIC PRIVATE LIMITED - DL - Muhammed Noufal.pdf,Petfully,1,Additianal Cess Amount,,0.0,[],427,2.13,2025-07-17 00:54:29,2025-07-17 00:55:58
BOLPF 1236 - PETS CENTRIC PRIVATE LIMITED - DL - Muhammed Noufal.pdf,Petfully,2,Invoice No,BOLPF/24-25/1236,0.95,"[350, 100, 470, 120]",449,2.25,2025-07-17 00:54:29,2025-07-17 00:57:42
BOLPF 1236 - PETS CENTRIC PRIVATE LIMITED - DL - Muhammed Noufal.pdf,Petfully,2,Invoice Date,4-Dec-24,0.95,"[600, 100, 680, 120]",449,2.25,2025-07-17 00:54:29,2025-07-17 00:57:42
BOLPF 1236 - PETS CENTRIC PRIVATE LIMITED - DL - Muhammed Noufal.pdf,Petfully,2,Seller GSTIN,27AAECV8384M1ZH,0.95,"[100, 160, 250, 180]",449,2.25,2025-07-17 00:54:29,2025-07-17 00:57:42
BOLPF 1236 - PETS CENTRIC PRIVATE LIMITED - DL - Muhammed Noufal.pdf,Petfully,2,Seller Pan,AAECV8384M,0.95,"[100, 680, 200, 700]",449,2.25,2025-07-17 00:54:29,2025-07-17 00:57:42
BOLPF 1236 - PETS CENTRIC PRIVATE LIMITED - DL - Muhammed Noufal.pdf,Petfully,2,Seller Name,VIVALDIS HEALTH AND FOODS PVT LTD.,0.95,"[100, 120, 400, 140]",449,2.25,2025-07-17 00:54:29,2025-07-17 00:57:42
BOLPF 1236 - PETS CENTRIC PRIVATE LIMITED - DL - Muhammed Noufal.pdf,Petfully,2,Buyer GSTIN,07AALCP9335K1ZT,0.95,"[100, 300, 250, 320]",449,2.25,2025-07-17 00:54:29,2025-07-17 00:57:42
BOLPF 1236 - PETS CENTRIC PRIVATE LIMITED - DL - Muhammed Noufal.pdf,Petfully,2,Buyer Name,PETS CENTRIC PRIVATE LIMITED - DL,0.95,"[100, 260, 350, 280]",449,2.25,2025-07-17 00:54:29,2025-07-17 00:57:42
BOLPF 1236 - PETS CENTRIC PRIVATE LIMITED - DL - Muhammed Noufal.pdf,Petfully,2,Buyer Pan,Not Available,0.0,"[0, 0, 0, 0]",449,2.25,2025-07-17 00:54:29,2025-07-17 00:57:42
BOLPF 1236 - PETS CENTRIC PRIVATE LIMITED - DL - Muhammed Noufal.pdf,Petfully,2,Ship to GSTIN,07AALCP9335K1ZT,0.95,"[100, 380, 250, 400]",449,2.25,2025-07-17 00:54:29,2025-07-17 00:57:42
BOLPF 1236 - PETS CENTRIC PRIVATE LIMITED - DL - Muhammed Noufal.pdf,Petfully,2,Ship to Name,PETS CENTRIC PRIVATE LIMITED - DL,0.95,"[100, 340, 350, 360]",449,2.25,2025-07-17 00:54:29,2025-07-17 00:57:42
BOLPF 1236 - PETS CENTRIC PRIVATE LIMITED - DL - Muhammed Noufal.pdf,Petfully,2,Subtotal Amount,"74,373.00",0.95,"[600, 520, 680, 540]",449,2.25,2025-07-17 00:54:29,2025-07-17 00:57:42
BOLPF 1236 - PETS CENTRIC PRIVATE LIMITED - DL - Muhammed Noufal.pdf,Petfully,2,Discount Amount,0.14,0.95,"[680, 520, 720, 540]",449,2.25,2025-07-17 00:54:29,2025-07-17 00:57:42
BOLPF 1236 - PETS CENTRIC PRIVATE LIMITED - DL - Muhammed Noufal.pdf,Petfully,2,CGST Amount,0.00,0.0,"[0, 0, 0, 0]",449,2.25,2025-07-17 00:54:29,2025-07-17 00:57:42
BOLPF 1236 - PETS CENTRIC PRIVATE LIMITED - DL - Muhammed Noufal.pdf,Petfully,2,SGST Amount,0.00,0.0,"[0, 0, 0, 0]",449,2.25,2025-07-17 00:54:29,2025-07-17 00:57:42
BOLPF 1236 - PETS CENTRIC PRIVATE LIMITED - DL - Muhammed Noufal.pdf,Petfully,2,IGST Amount,"13,387.14",0.95,"[680, 580, 760, 600]",449,2.25,2025-07-17 00:54:29,2025-07-17 00:57:42
BOLPF 1236 - PETS CENTRIC PRIVATE LIMITED - DL - Muhammed Noufal.pdf,Petfully,2,Cess Amount,0.00,0.0,"[0, 0, 0, 0]",449,2.25,2025-07-17 00:54:29,2025-07-17 00:57:42
BOLPF 1236 - PETS CENTRIC PRIVATE LIMITED - DL - Muhammed Noufal.pdf,Petfully,2,Additianal Cess Amount,0.00,0.0,"[0, 0, 0, 0]",449,2.25,2025-07-17 00:54:29,2025-07-17 00:57:42
VIV 7998 - PETS CENTRIC PRIVATE LIMITED - MH - Muhammed Noufal.pdf,Petfully,1,Invoice No,VIV/24-25/7998,0.95,"[350, 160, 450, 180]",449,2.25,2025-07-17 00:57:42,2025-07-17 00:59:32
VIV 7998 - PETS CENTRIC PRIVATE LIMITED - MH - Muhammed Noufal.pdf,Petfully,1,Invoice Date,4-Dec-24,0.95,"[500, 160, 580, 180]",449,2.25,2025-07-17 00:57:42,2025-07-17 00:59:32
VIV 7998 - PETS CENTRIC PRIVATE LIMITED - MH - Muhammed Noufal.pdf,Petfully,1,Seller GSTIN,27AAECV8384M1ZH,0.95,"[100, 260, 250, 280]",449,2.25,2025-07-17 00:57:42,2025-07-17 00:59:32
VIV 7998 - PETS CENTRIC PRIVATE LIMITED - MH - Muhammed Noufal.pdf,Petfully,1,Seller Pan,AAECV8384M,0.95,"[100, 780, 200, 800]",449,2.25,2025-07-17 00:57:42,2025-07-17 00:59:32
VIV 7998 - PETS CENTRIC PRIVATE LIMITED - MH - Muhammed Noufal.pdf,Petfully,1,Seller Name,VIVALDIS HEALTH AND FOODS PVT. LTD.,0.95,"[100, 190, 350, 230]",449,2.25,2025-07-17 00:57:42,2025-07-17 00:59:32
VIV 7998 - PETS CENTRIC PRIVATE LIMITED - MH - Muhammed Noufal.pdf,Petfully,1,Buyer GSTIN,27AALCP9335K1ZR,0.95,"[100, 400, 250, 420]",449,2.25,2025-07-17 00:57:42,2025-07-17 00:59:32
VIV 7998 - PETS CENTRIC PRIVATE LIMITED - MH - Muhammed Noufal.pdf,Petfully,1,Buyer Name,PETS CENTRIC PRIVATE LIMITED - MH,0.95,"[100, 340, 300, 360]",449,2.25,2025-07-17 00:57:42,2025-07-17 00:59:32
VIV 7998 - PETS CENTRIC PRIVATE LIMITED - MH - Muhammed Noufal.pdf,Petfully,1,Buyer Pan,Not Available,0.0,"[0, 0, 0, 0]",449,2.25,2025-07-17 00:57:42,2025-07-17 00:59:32
VIV 7998 - PETS CENTRIC PRIVATE LIMITED - MH - Muhammed Noufal.pdf,Petfully,1,Ship to GSTIN,27AALCP9335K1ZR,0.95,"[100, 460, 250, 480]",449,2.25,2025-07-17 00:57:42,2025-07-17 00:59:32
VIV 7998 - PETS CENTRIC PRIVATE LIMITED - MH - Muhammed Noufal.pdf,Petfully,1,Ship to Name,PETS CENTRIC PRIVATE LIMITED - MH,0.95,"[100, 400, 300, 420]",449,2.25,2025-07-17 00:57:42,2025-07-17 00:59:32
VIV 7998 - PETS CENTRIC PRIVATE LIMITED - MH - Muhammed Noufal.pdf,Petfully,1,Subtotal Amount,333.00,0.95,"[600, 520, 650, 540]",449,2.25,2025-07-17 00:57:42,2025-07-17 00:59:32
VIV 7998 - PETS CENTRIC PRIVATE LIMITED - MH - Muhammed Noufal.pdf,Petfully,1,Discount Amount,0.00,0.0,"[0, 0, 0, 0]",449,2.25,2025-07-17 00:57:42,2025-07-17 00:59:32
VIV 7998 - PETS CENTRIC PRIVATE LIMITED - MH - Muhammed Noufal.pdf,Petfully,1,CGST Amount,29.97,0.95,"[600, 580, 650, 600]",449,2.25,2025-07-17 00:57:42,2025-07-17 00:59:32
VIV 7998 - PETS CENTRIC PRIVATE LIMITED - MH - Muhammed Noufal.pdf,Petfully,1,SGST Amount,29.97,0.95,"[680, 580, 730, 600]",449,2.25,2025-07-17 00:57:42,2025-07-17 00:59:32
VIV 7998 - PETS CENTRIC PRIVATE LIMITED - MH - Muhammed Noufal.pdf,Petfully,1,IGST Amount,0.00,0.0,"[0, 0, 0, 0]",449,2.25,2025-07-17 00:57:42,2025-07-17 00:59:32
VIV 7998 - PETS CENTRIC PRIVATE LIMITED - MH - Muhammed Noufal.pdf,Petfully,1,Cess Amount,0.00,0.0,"[0, 0, 0, 0]",449,2.25,2025-07-17 00:57:42,2025-07-17 00:59:32
VIV 7998 - PETS CENTRIC PRIVATE LIMITED - MH - Muhammed Noufal.pdf,Petfully,1,Additianal Cess Amount,0.00,0.0,"[0, 0, 0, 0]",449,2.25,2025-07-17 00:57:42,2025-07-17 00:59:32
BOLPF 1235 - PETS CENTRIC PRIVATE LIMITED - MH - Muhammed Noufal.pdf,Petfully,1,Invoice No,BOLPF/24-25/1235,0.95,"[420, 200, 540, 220]",427,2.13,2025-07-17 00:59:32,2025-07-17 01:01:16
BOLPF 1235 - PETS CENTRIC PRIVATE LIMITED - MH - Muhammed Noufal.pdf,Petfully,1,Invoice Date,4-Dec-24,0.95,"[600, 200, 680, 220]",427,2.13,2025-07-17 00:59:32,2025-07-17 01:01:16
BOLPF 1235 - PETS CENTRIC PRIVATE LIMITED - MH - Muhammed Noufal.pdf,Petfully,1,Seller GSTIN,27AAECV8384M1ZH,0.95,"[100, 300, 240, 320]",427,2.13,2025-07-17 00:59:32,2025-07-17 01:01:16
BOLPF 1235 - PETS CENTRIC PRIVATE LIMITED - MH - Muhammed Noufal.pdf,Petfully,1,Seller Pan,AAECV8384M,0.95,"[100, 320, 200, 340]",427,2.13,2025-07-17 00:59:32,2025-07-17 01:01:16
BOLPF 1235 - PETS CENTRIC PRIVATE LIMITED - MH - Muhammed Noufal.pdf,Petfully,1,Seller Name,VIVALDIS HEALTH AND FOODS PVT LTD.,0.95,"[100, 220, 400, 260]",427,2.13,2025-07-17 00:59:32,2025-07-17 01:01:16
BOLPF 1235 - PETS CENTRIC PRIVATE LIMITED - MH - Muhammed Noufal.pdf,Petfully,1,Buyer GSTIN,27AALCP9335K1ZR,0.95,"[100, 460, 240, 480]",427,2.13,2025-07-17 00:59:32,2025-07-17 01:01:16
BOLPF 1235 - PETS CENTRIC PRIVATE LIMITED - MH - Muhammed Noufal.pdf,Petfully,1,Buyer Name,PETS CENTRIC PRIVATE LIMITED - MH,0.95,"[100, 380, 350, 420]",427,2.13,2025-07-17 00:59:32,2025-07-17 01:01:16
BOLPF 1235 - PETS CENTRIC PRIVATE LIMITED - MH - Muhammed Noufal.pdf,Petfully,1,Buyer Pan,AALCP9335K,0.95,"[100, 480, 200, 500]",427,2.13,2025-07-17 00:59:32,2025-07-17 01:01:16
BOLPF 1235 - PETS CENTRIC PRIVATE LIMITED - MH - Muhammed Noufal.pdf,Petfully,1,Ship to GSTIN,27AALCP9335K1ZR,0.95,"[100, 400, 240, 420]",427,2.13,2025-07-17 00:59:32,2025-07-17 01:01:16
BOLPF 1235 - PETS CENTRIC PRIVATE LIMITED - MH - Muhammed Noufal.pdf,Petfully,1,Ship to Name,PETS CENTRIC PRIVATE LIMITED - MH,0.95,"[100, 340, 350, 380]",427,2.13,2025-07-17 00:59:32,2025-07-17 01:01:16
BOLPF 1235 - PETS CENTRIC PRIVATE LIMITED - MH - Muhammed Noufal.pdf,Petfully,1,Subtotal Amount,,0.0,[],427,2.13,2025-07-17 00:59:32,2025-07-17 01:01:16
BOLPF 1235 - PETS CENTRIC PRIVATE LIMITED - MH - Muhammed Noufal.pdf,Petfully,1,Discount Amount,,0.0,[],427,2.13,2025-07-17 00:59:32,2025-07-17 01:01:16
BOLPF 1235 - PETS CENTRIC PRIVATE LIMITED - MH - Muhammed Noufal.pdf,Petfully,1,CGST Amount,,0.0,[],427,2.13,2025-07-17 00:59:32,2025-07-17 01:01:16
BOLPF 1235 - PETS CENTRIC PRIVATE LIMITED - MH - Muhammed Noufal.pdf,Petfully,1,SGST Amount,,0.0,[],427,2.13,2025-07-17 00:59:32,2025-07-17 01:01:16
BOLPF 1235 - PETS CENTRIC PRIVATE LIMITED - MH - Muhammed Noufal.pdf,Petfully,1,IGST Amount,,0.0,[],427,2.13,2025-07-17 00:59:32,2025-07-17 01:01:16
BOLPF 1235 - PETS CENTRIC PRIVATE LIMITED - MH - Muhammed Noufal.pdf,Petfully,1,Cess Amount,,0.0,[],427,2.13,2025-07-17 00:59:32,2025-07-17 01:01:16
BOLPF 1235 - PETS CENTRIC PRIVATE LIMITED - MH - Muhammed Noufal.pdf,Petfully,1,Additianal Cess Amount,,0.0,[],427,2.13,2025-07-17 00:59:32,2025-07-17 01:01:16
BOLPF 1235 - PETS CENTRIC PRIVATE LIMITED - MH - Muhammed Noufal.pdf,Petfully,2,Invoice No,INVOICPF/24-25/1235,0.95,"[360, 100, 480, 120]",449,2.25,2025-07-17 00:59:32,2025-07-17 01:03:18
BOLPF 1235 - PETS CENTRIC PRIVATE LIMITED - MH - Muhammed Noufal.pdf,Petfully,2,Invoice Date,4-Dec-24,0.95,"[600, 100, 680, 120]",449,2.25,2025-07-17 00:59:32,2025-07-17 01:03:18
BOLPF 1235 - PETS CENTRIC PRIVATE LIMITED - MH - Muhammed Noufal.pdf,Petfully,2,Seller GSTIN,27AAECV8384M1ZH,0.95,"[100, 160, 240, 180]",449,2.25,2025-07-17 00:59:32,2025-07-17 01:03:18
BOLPF 1235 - PETS CENTRIC PRIVATE LIMITED - MH - Muhammed Noufal.pdf,Petfully,2,Seller Pan,AAECV8384M,0.95,"[100, 380, 200, 400]",449,2.25,2025-07-17 00:59:32,2025-07-17 01:03:18
BOLPF 1235 - PETS CENTRIC PRIVATE LIMITED - MH - Muhammed Noufal.pdf,Petfully,2,Seller Name,VIVALDIS HEALTH AND FOODS PVT LTD.,0.95,"[100, 120, 350, 140]",449,2.25,2025-07-17 00:59:32,2025-07-17 01:03:18
BOLPF 1235 - PETS CENTRIC PRIVATE LIMITED - MH - Muhammed Noufal.pdf,Petfully,2,Buyer GSTIN,27AALCP9335K1ZR,0.95,"[100, 260, 240, 280]",449,2.25,2025-07-17 00:59:32,2025-07-17 01:03:18
BOLPF 1235 - PETS CENTRIC PRIVATE LIMITED - MH - Muhammed Noufal.pdf,Petfully,2,Buyer Name,PETS CENTRIC PRIVATE LIMITED - MH,0.95,"[100, 220, 350, 240]",449,2.25,2025-07-17 00:59:32,2025-07-17 01:03:18
BOLPF 1235 - PETS CENTRIC PRIVATE LIMITED - MH - Muhammed Noufal.pdf,Petfully,2,Buyer Pan,Not Available,0.0,"[0, 0, 0, 0]",449,2.25,2025-07-17 00:59:32,2025-07-17 01:03:18
BOLPF 1235 - PETS CENTRIC PRIVATE LIMITED - MH - Muhammed Noufal.pdf,Petfully,2,Ship to GSTIN,27AALCP9335K1ZR,0.95,"[100, 300, 240, 320]",449,2.25,2025-07-17 00:59:32,2025-07-17 01:03:18
BOLPF 1235 - PETS CENTRIC PRIVATE LIMITED - MH - Muhammed Noufal.pdf,Petfully,2,Ship to Name,PETS CENTRIC PRIVATE LIMITED - MH,0.95,"[100, 280, 350, 300]",449,2.25,2025-07-17 00:59:32,2025-07-17 01:03:18
BOLPF 1235 - PETS CENTRIC PRIVATE LIMITED - MH - Muhammed Noufal.pdf,Petfully,2,Subtotal Amount,101155.00,0.95,"[650, 560, 720, 580]",449,2.25,2025-07-17 00:59:32,2025-07-17 01:03:18
BOLPF 1235 - PETS CENTRIC PRIVATE LIMITED - MH - Muhammed Noufal.pdf,Petfully,2,Discount Amount,0.00,0.0,"[0, 0, 0, 0]",449,2.25,2025-07-17 00:59:32,2025-07-17 01:03:18
BOLPF 1235 - PETS CENTRIC PRIVATE LIMITED - MH - Muhammed Noufal.pdf,Petfully,2,CGST Amount,9103.95,0.95,"[650, 600, 720, 620]",449,2.25,2025-07-17 00:59:32,2025-07-17 01:03:18
BOLPF 1235 - PETS CENTRIC PRIVATE LIMITED - MH - Muhammed Noufal.pdf,Petfully,2,SGST Amount,9103.95,0.95,"[650, 620, 720, 640]",449,2.25,2025-07-17 00:59:32,2025-07-17 01:03:18
BOLPF 1235 - PETS CENTRIC PRIVATE LIMITED - MH - Muhammed Noufal.pdf,Petfully,2,IGST Amount,0.00,0.0,"[0, 0, 0, 0]",449,2.25,2025-07-17 00:59:32,2025-07-17 01:03:18
BOLPF 1235 - PETS CENTRIC PRIVATE LIMITED - MH - Muhammed Noufal.pdf,Petfully,2,Cess Amount,0.00,0.0,"[0, 0, 0, 0]",449,2.25,2025-07-17 00:59:32,2025-07-17 01:03:18
BOLPF 1235 - PETS CENTRIC PRIVATE LIMITED - MH - Muhammed Noufal.pdf,Petfully,2,Additianal Cess Amount,0.00,0.0,"[0, 0, 0, 0]",449,2.25,2025-07-17 00:59:32,2025-07-17 01:03:18
VIV 7999 - PETS CENTRIC PRIVATE LIMITED - DL - Muhammed Noufal.pdf,Petfully,1,Invoice No,VIV/24-25/7999,0.95,"[350, 160, 450, 180]",449,2.25,2025-07-17 01:03:18,2025-07-17 01:05:15
VIV 7999 - PETS CENTRIC PRIVATE LIMITED - DL - Muhammed Noufal.pdf,Petfully,1,Invoice Date,4-Dec-24,0.95,"[500, 160, 580, 180]",449,2.25,2025-07-17 01:03:18,2025-07-17 01:05:15
VIV 7999 - PETS CENTRIC PRIVATE LIMITED - DL - Muhammed Noufal.pdf,Petfully,1,Seller GSTIN,27AAECV8384M1ZH,0.95,"[100, 250, 250, 270]",449,2.25,2025-07-17 01:03:18,2025-07-17 01:05:15
VIV 7999 - PETS CENTRIC PRIVATE LIMITED - DL - Muhammed Noufal.pdf,Petfully,1,Seller Pan,AAECV8384M,0.95,"[100, 750, 200, 770]",449,2.25,2025-07-17 01:03:18,2025-07-17 01:05:15
VIV 7999 - PETS CENTRIC PRIVATE LIMITED - DL - Muhammed Noufal.pdf,Petfully,1,Seller Name,VIVALDIS HEALTH AND FOODS PVT LTD.,0.95,"[100, 190, 350, 230]",449,2.25,2025-07-17 01:03:18,2025-07-17 01:05:15
VIV 7999 - PETS CENTRIC PRIVATE LIMITED - DL - Muhammed Noufal.pdf,Petfully,1,Buyer GSTIN,07AALCP9335K1ZT,0.95,"[100, 380, 250, 400]",449,2.25,2025-07-17 01:03:18,2025-07-17 01:05:15
VIV 7999 - PETS CENTRIC PRIVATE LIMITED - DL - Muhammed Noufal.pdf,Petfully,1,Buyer Name,PETS CENTRIC PRIVATE LIMITED - DL,0.95,"[100, 320, 350, 340]",449,2.25,2025-07-17 01:03:18,2025-07-17 01:05:15
VIV 7999 - PETS CENTRIC PRIVATE LIMITED - DL - Muhammed Noufal.pdf,Petfully,1,Buyer Pan,Not Available,0.0,"[0, 0, 0, 0]",449,2.25,2025-07-17 01:03:18,2025-07-17 01:05:15
VIV 7999 - PETS CENTRIC PRIVATE LIMITED - DL - Muhammed Noufal.pdf,Petfully,1,Ship to GSTIN,07AALCP9335K1ZT,0.95,"[100, 450, 250, 470]",449,2.25,2025-07-17 01:03:18,2025-07-17 01:05:15
VIV 7999 - PETS CENTRIC PRIVATE LIMITED - DL - Muhammed Noufal.pdf,Petfully,1,Ship to Name,PETS CENTRIC PRIVATE LIMITED - DL,0.95,"[100, 390, 350, 410]",449,2.25,2025-07-17 01:03:18,2025-07-17 01:05:15
VIV 7999 - PETS CENTRIC PRIVATE LIMITED - DL - Muhammed Noufal.pdf,Petfully,1,Subtotal Amount,1665.00,0.95,"[600, 550, 680, 570]",449,2.25,2025-07-17 01:03:18,2025-07-17 01:05:15
VIV 7999 - PETS CENTRIC PRIVATE LIMITED - DL - Muhammed Noufal.pdf,Petfully,1,Discount Amount,0.00,0.0,"[0, 0, 0, 0]",449,2.25,2025-07-17 01:03:18,2025-07-17 01:05:15
VIV 7999 - PETS CENTRIC PRIVATE LIMITED - DL - Muhammed Noufal.pdf,Petfully,1,CGST Amount,0.00,0.0,"[0, 0, 0, 0]",449,2.25,2025-07-17 01:03:18,2025-07-17 01:05:15
VIV 7999 - PETS CENTRIC PRIVATE LIMITED - DL - Muhammed Noufal.pdf,Petfully,1,SGST Amount,0.00,0.0,"[0, 0, 0, 0]",449,2.25,2025-07-17 01:03:18,2025-07-17 01:05:15
VIV 7999 - PETS CENTRIC PRIVATE LIMITED - DL - Muhammed Noufal.pdf,Petfully,1,IGST Amount,299.70,0.95,"[600, 620, 680, 640]",449,2.25,2025-07-17 01:03:18,2025-07-17 01:05:15
VIV 7999 - PETS CENTRIC PRIVATE LIMITED - DL - Muhammed Noufal.pdf,Petfully,1,Cess Amount,0.00,0.0,"[0, 0, 0, 0]",449,2.25,2025-07-17 01:03:18,2025-07-17 01:05:15
VIV 7999 - PETS CENTRIC PRIVATE LIMITED - DL - Muhammed Noufal.pdf,Petfully,1,Additianal Cess Amount,0.00,0.0,"[0, 0, 0, 0]",449,2.25,2025-07-17 01:03:18,2025-07-17 01:05:15
BOLPF 1234 - PETS CENTRIC PRIVATE LIMITED - KA - Muhammed Noufal.pdf,Petfully,1,Invoice No,BOLPF/24-25/1234,0.95,"[420, 160, 560, 180]",448,2.24,2025-07-17 01:05:15,2025-07-17 01:07:14
BOLPF 1234 - PETS CENTRIC PRIVATE LIMITED - KA - Muhammed Noufal.pdf,Petfully,1,Invoice Date,4-Dec-24,0.95,"[600, 160, 680, 180]",448,2.24,2025-07-17 01:05:15,2025-07-17 01:07:14
BOLPF 1234 - PETS CENTRIC PRIVATE LIMITED - KA - Muhammed Noufal.pdf,Petfully,1,Seller GSTIN,27AAECV8384M1ZH,0.95,"[100, 300, 240, 320]",448,2.24,2025-07-17 01:05:15,2025-07-17 01:07:14
BOLPF 1234 - PETS CENTRIC PRIVATE LIMITED - KA - Muhammed Noufal.pdf,Petfully,1,Seller Pan,AAECV8384H,0.95,"[100, 320, 200, 340]",448,2.24,2025-07-17 01:05:15,2025-07-17 01:07:14
BOLPF 1234 - PETS CENTRIC PRIVATE LIMITED - KA - Muhammed Noufal.pdf,Petfully,1,Seller Name,VIVALDIS HEALTH AND FOODS PVT LTD.,0.95,"[100, 200, 400, 240]",448,2.24,2025-07-17 01:05:15,2025-07-17 01:07:14
BOLPF 1234 - PETS CENTRIC PRIVATE LIMITED - KA - Muhammed Noufal.pdf,Petfully,1,Buyer GSTIN,29AALCP9335K1ZN,0.95,"[100, 460, 240, 480]",448,2.24,2025-07-17 01:05:15,2025-07-17 01:07:14
BOLPF 1234 - PETS CENTRIC PRIVATE LIMITED - KA - Muhammed Noufal.pdf,Petfully,1,Buyer Name,PETS CENTRIC PRIVATE LIMITED - KA,0.95,"[100, 380, 350, 420]",448,2.24,2025-07-17 01:05:15,2025-07-17 01:07:14
BOLPF 1234 - PETS CENTRIC PRIVATE LIMITED - KA - Muhammed Noufal.pdf,Petfully,1,Buyer Pan,AALCP9335H,0.95,"[100, 480, 200, 500]",448,2.24,2025-07-17 01:05:15,2025-07-17 01:07:14
BOLPF 1234 - PETS CENTRIC PRIVATE LIMITED - KA - Muhammed Noufal.pdf,Petfully,1,Ship to GSTIN,29AALCP9335K1ZN,0.95,"[100, 540, 240, 560]",448,2.24,2025-07-17 01:05:15,2025-07-17 01:07:14
BOLPF 1234 - PETS CENTRIC PRIVATE LIMITED - KA - Muhammed Noufal.pdf,Petfully,1,Ship to Name,PETS CENTRIC PRIVATE LIMITED - KA,0.95,"[100, 500, 350, 540]",448,2.24,2025-07-17 01:05:15,2025-07-17 01:07:14
BOLPF 1234 - PETS CENTRIC PRIVATE LIMITED - KA - Muhammed Noufal.pdf,Petfully,1,Subtotal Amount,"29,146.00",0.95,"[700, 780, 780, 800]",448,2.24,2025-07-17 01:05:15,2025-07-17 01:07:14
BOLPF 1234 - PETS CENTRIC PRIVATE LIMITED - KA - Muhammed Noufal.pdf,Petfully,1,Discount Amount,0.00,0.95,"[700, 800, 780, 820]",448,2.24,2025-07-17 01:05:15,2025-07-17 01:07:14
BOLPF 1234 - PETS CENTRIC PRIVATE LIMITED - KA - Muhammed Noufal.pdf,Petfully,1,CGST Amount,0.00,0.95,"[700, 820, 780, 840]",448,2.24,2025-07-17 01:05:15,2025-07-17 01:07:14
BOLPF 1234 - PETS CENTRIC PRIVATE LIMITED - KA - Muhammed Noufal.pdf,Petfully,1,SGST Amount,0.00,0.95,"[700, 840, 780, 860]",448,2.24,2025-07-17 01:05:15,2025-07-17 01:07:14
BOLPF 1234 - PETS CENTRIC PRIVATE LIMITED - KA - Muhammed Noufal.pdf,Petfully,1,IGST Amount,0.00,0.95,"[700, 860, 780, 880]",448,2.24,2025-07-17 01:05:15,2025-07-17 01:07:14
BOLPF 1234 - PETS CENTRIC PRIVATE LIMITED - KA - Muhammed Noufal.pdf,Petfully,1,Cess Amount,0.00,0.95,"[700, 880, 780, 900]",448,2.24,2025-07-17 01:05:15,2025-07-17 01:07:14
BOLPF 1234 - PETS CENTRIC PRIVATE LIMITED - KA - Muhammed Noufal.pdf,Petfully,1,Additianal Cess Amount,0.00,0.95,"[700, 900, 780, 920]",448,2.24,2025-07-17 01:05:15,2025-07-17 01:07:14
BOLPF 1234 - PETS CENTRIC PRIVATE LIMITED - KA - Muhammed Noufal.pdf,Petfully,2,Invoice No,BOLPF/24-25/1234,0.95,"[350, 100, 450, 120]",449,2.25,2025-07-17 01:05:15,2025-07-17 01:09:04
BOLPF 1234 - PETS CENTRIC PRIVATE LIMITED - KA - Muhammed Noufal.pdf,Petfully,2,Invoice Date,4-Dec-24,0.95,"[600, 100, 680, 120]",449,2.25,2025-07-17 01:05:15,2025-07-17 01:09:04
BOLPF 1234 - PETS CENTRIC PRIVATE LIMITED - KA - Muhammed Noufal.pdf,Petfully,2,Seller GSTIN,27AAECV8384M1ZH,0.95,"[100, 160, 250, 180]",449,2.25,2025-07-17 01:05:15,2025-07-17 01:09:04
BOLPF 1234 - PETS CENTRIC PRIVATE LIMITED - KA - Muhammed Noufal.pdf,Petfully,2,Seller Pan,AAECV8384M,0.95,"[100, 480, 200, 500]",449,2.25,2025-07-17 01:05:15,2025-07-17 01:09:04
BOLPF 1234 - PETS CENTRIC PRIVATE LIMITED - KA - Muhammed Noufal.pdf,Petfully,2,Seller Name,VIVALDIS HEALTH AND FOODS PVT LTD.,0.95,"[100, 120, 350, 140]",449,2.25,2025-07-17 01:05:15,2025-07-17 01:09:04
BOLPF 1234 - PETS CENTRIC PRIVATE LIMITED - KA - Muhammed Noufal.pdf,Petfully,2,Buyer GSTIN,29AALCP9335K1ZN,0.95,"[100, 280, 250, 300]",449,2.25,2025-07-17 01:05:15,2025-07-17 01:09:04
BOLPF 1234 - PETS CENTRIC PRIVATE LIMITED - KA - Muhammed Noufal.pdf,Petfully,2,Buyer Name,PETS CENTRIC PRIVATE LIMITED - KA,0.95,"[100, 240, 350, 260]",449,2.25,2025-07-17 01:05:15,2025-07-17 01:09:04
BOLPF 1234 - PETS CENTRIC PRIVATE LIMITED - KA - Muhammed Noufal.pdf,Petfully,2,Buyer Pan,Not Available,0.0,"[0, 0, 0, 0]",449,2.25,2025-07-17 01:05:15,2025-07-17 01:09:04
BOLPF 1234 - PETS CENTRIC PRIVATE LIMITED - KA - Muhammed Noufal.pdf,Petfully,2,Ship to GSTIN,29AALCP9335K1ZN,0.95,"[100, 360, 250, 380]",449,2.25,2025-07-17 01:05:15,2025-07-17 01:09:04
BOLPF 1234 - PETS CENTRIC PRIVATE LIMITED - KA - Muhammed Noufal.pdf,Petfully,2,Ship to Name,PETS CENTRIC PRIVATE LIMITED - KA,0.95,"[100, 320, 350, 340]",449,2.25,2025-07-17 01:05:15,2025-07-17 01:09:04
BOLPF 1234 - PETS CENTRIC PRIVATE LIMITED - KA - Muhammed Noufal.pdf,Petfully,2,Subtotal Amount,"1,32,022.00",0.95,"[650, 520, 750, 540]",449,2.25,2025-07-17 01:05:15,2025-07-17 01:09:04
BOLPF 1234 - PETS CENTRIC PRIVATE LIMITED - KA - Muhammed Noufal.pdf,Petfully,2,Discount Amount,0.00,0.0,"[0, 0, 0, 0]",449,2.25,2025-07-17 01:05:15,2025-07-17 01:09:04
BOLPF 1234 - PETS CENTRIC PRIVATE LIMITED - KA - Muhammed Noufal.pdf,Petfully,2,CGST Amount,0.00,0.0,"[0, 0, 0, 0]",449,2.25,2025-07-17 01:05:15,2025-07-17 01:09:04
BOLPF 1234 - PETS CENTRIC PRIVATE LIMITED - KA - Muhammed Noufal.pdf,Petfully,2,SGST Amount,0.00,0.0,"[0, 0, 0, 0]",449,2.25,2025-07-17 01:05:15,2025-07-17 01:09:04
BOLPF 1234 - PETS CENTRIC PRIVATE LIMITED - KA - Muhammed Noufal.pdf,Petfully,2,IGST Amount,"23,763.96",0.95,"[650, 560, 750, 580]",449,2.25,2025-07-17 01:05:15,2025-07-17 01:09:04
BOLPF 1234 - PETS CENTRIC PRIVATE LIMITED - KA - Muhammed Noufal.pdf,Petfully,2,Cess Amount,0.00,0.0,"[0, 0, 0, 0]",449,2.25,2025-07-17 01:05:15,2025-07-17 01:09:04
BOLPF 1234 - PETS CENTRIC PRIVATE LIMITED - KA - Muhammed Noufal.pdf,Petfully,2,Additianal Cess Amount,0.00,0.0,"[0, 0, 0, 0]",449,2.25,2025-07-17 01:05:15,2025-07-17 01:09:04
VIV 7997 - PETS CENTRIC PRIVATE LIMITED - KA - Muhammed Noufal.pdf,Petfully,1,Invoice No,VIV/24-25/7997,0.95,"[350, 160, 450, 180]",449,2.25,2025-07-17 01:09:04,2025-07-17 01:10:50
VIV 7997 - PETS CENTRIC PRIVATE LIMITED - KA - Muhammed Noufal.pdf,Petfully,1,Invoice Date,4-Dec-24,0.95,"[500, 160, 580, 180]",449,2.25,2025-07-17 01:09:04,2025-07-17 01:10:50
VIV 7997 - PETS CENTRIC PRIVATE LIMITED - KA - Muhammed Noufal.pdf,Petfully,1,Seller GSTIN,27AAECV8384M1ZH,0.95,"[100, 260, 250, 280]",449,2.25,2025-07-17 01:09:04,2025-07-17 01:10:50
VIV 7997 - PETS CENTRIC PRIVATE LIMITED - KA - Muhammed Noufal.pdf,Petfully,1,Seller Pan,AAECV8384M,0.95,"[100, 780, 200, 800]",449,2.25,2025-07-17 01:09:04,2025-07-17 01:10:50
VIV 7997 - PETS CENTRIC PRIVATE LIMITED - KA - Muhammed Noufal.pdf,Petfully,1,Seller Name,VIVALDIS HEALTH AND FOODS PVT LTD.,0.95,"[100, 190, 350, 220]",449,2.25,2025-07-17 01:09:04,2025-07-17 01:10:50
VIV 7997 - PETS CENTRIC PRIVATE LIMITED - KA - Muhammed Noufal.pdf,Petfully,1,Buyer GSTIN,29AALCP9335K1ZN,0.95,"[100, 420, 250, 440]",449,2.25,2025-07-17 01:09:04,2025-07-17 01:10:50
VIV 7997 - PETS CENTRIC PRIVATE LIMITED - KA - Muhammed Noufal.pdf,Petfully,1,Buyer Name,PETS CENTRIC PRIVATE LIMITED - KA,0.95,"[100, 350, 350, 370]",449,2.25,2025-07-17 01:09:04,2025-07-17 01:10:50
VIV 7997 - PETS CENTRIC PRIVATE LIMITED - KA - Muhammed Noufal.pdf,Petfully,1,Buyer Pan,Not Available,0.0,"[0, 0, 0, 0]",449,2.25,2025-07-17 01:09:04,2025-07-17 01:10:50
VIV 7997 - PETS CENTRIC PRIVATE LIMITED - KA - Muhammed Noufal.pdf,Petfully,1,Ship to GSTIN,29AALCP9335K1ZN,0.95,"[100, 420, 250, 440]",449,2.25,2025-07-17 01:09:04,2025-07-17 01:10:50
VIV 7997 - PETS CENTRIC PRIVATE LIMITED - KA - Muhammed Noufal.pdf,Petfully,1,Ship to Name,PETS CENTRIC PRIVATE LIMITED - KA,0.95,"[100, 350, 350, 370]",449,2.25,2025-07-17 01:09:04,2025-07-17 01:10:50
VIV 7997 - PETS CENTRIC PRIVATE LIMITED - KA - Muhammed Noufal.pdf,Petfully,1,Subtotal Amount,999.00,0.95,"[600, 580, 680, 600]",449,2.25,2025-07-17 01:09:04,2025-07-17 01:10:50
VIV 7997 - PETS CENTRIC PRIVATE LIMITED - KA - Muhammed Noufal.pdf,Petfully,1,Discount Amount,0.00,0.0,"[0, 0, 0, 0]",449,2.25,2025-07-17 01:09:04,2025-07-17 01:10:50
VIV 7997 - PETS CENTRIC PRIVATE LIMITED - KA - Muhammed Noufal.pdf,Petfully,1,CGST Amount,0.00,0.0,"[0, 0, 0, 0]",449,2.25,2025-07-17 01:09:04,2025-07-17 01:10:50
VIV 7997 - PETS CENTRIC PRIVATE LIMITED - KA - Muhammed Noufal.pdf,Petfully,1,SGST Amount,0.00,0.0,"[0, 0, 0, 0]",449,2.25,2025-07-17 01:09:04,2025-07-17 01:10:50
VIV 7997 - PETS CENTRIC PRIVATE LIMITED - KA - Muhammed Noufal.pdf,Petfully,1,IGST Amount,179.82,0.95,"[680, 640, 760, 660]",449,2.25,2025-07-17 01:09:04,2025-07-17 01:10:50
VIV 7997 - PETS CENTRIC PRIVATE LIMITED - KA - Muhammed Noufal.pdf,Petfully,1,Cess Amount,0.00,0.0,"[0, 0, 0, 0]",449,2.25,2025-07-17 01:09:04,2025-07-17 01:10:50
VIV 7997 - PETS CENTRIC PRIVATE LIMITED - KA - Muhammed Noufal.pdf,Petfully,1,Additianal Cess Amount,0.00,0.0,"[0, 0, 0, 0]",449,2.25,2025-07-17 01:09:04,2025-07-17 01:10:50
208_0003342_2324_PMRMO24437_2_20230803123014.pdf,Hamdard,1,Invoice No,GST/563,0.95,"[350, 180, 420, 200]",422,2.11,2025-07-17 01:10:50,2025-07-17 01:12:26
208_0003342_2324_PMRMO24437_2_20230803123014.pdf,Hamdard,1,Invoice Date,25-Jul-23,0.95,"[550, 180, 620, 200]",422,2.11,2025-07-17 01:10:50,2025-07-17 01:12:26
208_0003342_2324_PMRMO24437_2_20230803123014.pdf,Hamdard,1,Seller GSTIN,09ACZPG8509P1ZH,0.95,"[150, 220, 300, 240]",422,2.11,2025-07-17 01:10:50,2025-07-17 01:12:26
208_0003342_2324_PMRMO24437_2_20230803123014.pdf,Hamdard,1,Seller Pan,ACZPG8509P,0.95,"[550, 750, 650, 770]",422,2.11,2025-07-17 01:10:50,2025-07-17 01:12:26
208_0003342_2324_PMRMO24437_2_20230803123014.pdf,Hamdard,1,Seller Name,VIJAY PLASTICS,0.95,"[100, 120, 250, 140]",422,2.11,2025-07-17 01:10:50,2025-07-17 01:12:26
208_0003342_2324_PMRMO24437_2_20230803123014.pdf,Hamdard,1,Buyer GSTIN,07AAATH0842H1ZY,0.95,"[350, 300, 480, 320]",422,2.11,2025-07-17 01:10:50,2025-07-17 01:12:26
208_0003342_2324_PMRMO24437_2_20230803123014.pdf,Hamdard,1,Buyer Name,Hamdard Laboratories India (Delhi),0.95,"[150, 280, 400, 300]",422,2.11,2025-07-17 01:10:50,2025-07-17 01:12:26
208_0003342_2324_PMRMO24437_2_20230803123014.pdf,Hamdard,1,Buyer Pan,,0.0,[],422,2.11,2025-07-17 01:10:50,2025-07-17 01:12:26
208_0003342_2324_PMRMO24437_2_20230803123014.pdf,Hamdard,1,Ship to GSTIN,07AAATH0842H1ZY,0.95,"[350, 340, 480, 360]",422,2.11,2025-07-17 01:10:50,2025-07-17 01:12:26
208_0003342_2324_PMRMO24437_2_20230803123014.pdf,Hamdard,1,Ship to Name,Hamdard Laboratories India (Delhi),0.95,"[150, 320, 400, 340]",422,2.11,2025-07-17 01:10:50,2025-07-17 01:12:26
208_0003342_2324_PMRMO24437_2_20230803123014.pdf,Hamdard,1,Subtotal Amount,"3,79,374.000",0.95,"[650, 550, 750, 570]",422,2.11,2025-07-17 01:10:50,2025-07-17 01:12:26
208_0003342_2324_PMRMO24437_2_20230803123014.pdf,Hamdard,1,Discount Amount,0.000,0.0,[],422,2.11,2025-07-17 01:10:50,2025-07-17 01:12:26
208_0003342_2324_PMRMO24437_2_20230803123014.pdf,Hamdard,1,CGST Amount,0.000,0.0,[],422,2.11,2025-07-17 01:10:50,2025-07-17 01:12:26
208_0003342_2324_PMRMO24437_2_20230803123014.pdf,Hamdard,1,SGST Amount,0.000,0.0,[],422,2.11,2025-07-17 01:10:50,2025-07-17 01:12:26
208_0003342_2324_PMRMO24437_2_20230803123014.pdf,Hamdard,1,IGST Amount,"68,287.320",0.95,"[650, 620, 750, 640]",422,2.11,2025-07-17 01:10:50,2025-07-17 01:12:26
208_0003342_2324_PMRMO24437_2_20230803123014.pdf,Hamdard,1,Cess Amount,0.000,0.0,[],422,2.11,2025-07-17 01:10:50,2025-07-17 01:12:26
208_0003342_2324_PMRMO24437_2_20230803123014.pdf,Hamdard,1,Additianal Cess Amount,0.000,0.0,[],422,2.11,2025-07-17 01:10:50,2025-07-17 01:12:26
208_0003311_2324_PMRMO24405_1_20230802122016.pdf,Hamdard,1,Invoice No,08,0.95,"[520, 100, 560, 120]",426,2.13,2025-07-17 01:12:26,2025-07-17 01:13:55
208_0003311_2324_PMRMO24405_1_20230802122016.pdf,Hamdard,1,Invoice Date,31.7.2023,0.95,"[520, 130, 600, 150]",426,2.13,2025-07-17 01:12:26,2025-07-17 01:13:55
208_0003311_2324_PMRMO24405_1_20230802122016.pdf,Hamdard,1,Seller GSTIN,09ANHPK5353N1ZG,0.95,"[0, 20, 150, 40]",426,2.13,2025-07-17 01:12:26,2025-07-17 01:13:55
208_0003311_2324_PMRMO24405_1_20230802122016.pdf,Hamdard,1,Seller Pan,,0.0,[],426,2.13,2025-07-17 01:12:26,2025-07-17 01:13:55
208_0003311_2324_PMRMO24405_1_20230802122016.pdf,Hamdard,1,Seller Name,A-BEE ASSOCIATES,0.95,"[100, 170, 350, 200]",426,2.13,2025-07-17 01:12:26,2025-07-17 01:13:55
208_0003311_2324_PMRMO24405_1_20230802122016.pdf,Hamdard,1,Buyer GSTIN,,0.0,[],426,2.13,2025-07-17 01:12:26,2025-07-17 01:13:55
208_0003311_2324_PMRMO24405_1_20230802122016.pdf,Hamdard,1,Buyer Name,Hamdard Lab India,0.95,"[100, 300, 250, 320]",426,2.13,2025-07-17 01:12:26,2025-07-17 01:13:55
208_0003311_2324_PMRMO24405_1_20230802122016.pdf,Hamdard,1,Buyer Pan,,0.0,[],426,2.13,2025-07-17 01:12:26,2025-07-17 01:13:55
208_0003311_2324_PMRMO24405_1_20230802122016.pdf,Hamdard,1,Ship to GSTIN,,0.0,[],426,2.13,2025-07-17 01:12:26,2025-07-17 01:13:55
208_0003311_2324_PMRMO24405_1_20230802122016.pdf,Hamdard,1,Ship to Name,Hamdard Lab India,0.95,"[100, 300, 250, 320]",426,2.13,2025-07-17 01:12:26,2025-07-17 01:13:55
208_0003311_2324_PMRMO24405_1_20230802122016.pdf,Hamdard,1,Subtotal Amount,4130,0.95,"[600, 650, 650, 670]",426,2.13,2025-07-17 01:12:26,2025-07-17 01:13:55
208_0003311_2324_PMRMO24405_1_20230802122016.pdf,Hamdard,1,Discount Amount,0,0.95,"[600, 630, 650, 650]",426,2.13,2025-07-17 01:12:26,2025-07-17 01:13:55
208_0003311_2324_PMRMO24405_1_20230802122016.pdf,Hamdard,1,CGST Amount,630,0.95,"[600, 690, 650, 710]",426,2.13,2025-07-17 01:12:26,2025-07-17 01:13:55
208_0003311_2324_PMRMO24405_1_20230802122016.pdf,Hamdard,1,SGST Amount,630,0.95,"[600, 710, 650, 730]",426,2.13,2025-07-17 01:12:26,2025-07-17 01:13:55
208_0003311_2324_PMRMO24405_1_20230802122016.pdf,Hamdard,1,IGST Amount,0,0.95,"[600, 730, 650, 750]",426,2.13,2025-07-17 01:12:26,2025-07-17 01:13:55
208_0003311_2324_PMRMO24405_1_20230802122016.pdf,Hamdard,1,Cess Amount,0,0.95,"[600, 750, 650, 770]",426,2.13,2025-07-17 01:12:26,2025-07-17 01:13:55
208_0003311_2324_PMRMO24405_1_20230802122016.pdf,Hamdard,1,Additianal Cess Amount,0,0.95,"[600, 770, 650, 790]",426,2.13,2025-07-17 01:12:26,2025-07-17 01:13:55
208_0003325_2324_PMRMO24419_1_20230802124712.pdf,Hamdard,1,Invoice No,730/23-24,0.95,"[120, 260, 240, 280]",439,2.19,2025-07-17 01:13:55,2025-07-17 01:15:35
208_0003325_2324_PMRMO24419_1_20230802124712.pdf,Hamdard,1,Invoice Date,07-07-2023,0.95,"[120, 280, 240, 300]",439,2.19,2025-07-17 01:13:55,2025-07-17 01:15:35
208_0003325_2324_PMRMO24419_1_20230802124712.pdf,Hamdard,1,Seller GSTIN,07AAZPH9110K1Z7,0.95,"[10, 10, 150, 30]",439,2.19,2025-07-17 01:13:55,2025-07-17 01:15:35
208_0003325_2324_PMRMO24419_1_20230802124712.pdf,Hamdard,1,Seller Pan,AAZPH9110K,0.95,"[250, 130, 350, 150]",439,2.19,2025-07-17 01:13:55,2025-07-17 01:15:35
208_0003325_2324_PMRMO24419_1_20230802124712.pdf,Hamdard,1,Seller Name,CAPITAL TRADERS,0.95,"[200, 70, 400, 90]",439,2.19,2025-07-17 01:13:55,2025-07-17 01:15:35
208_0003325_2324_PMRMO24419_1_20230802124712.pdf,Hamdard,1,Buyer GSTIN,09AAATH0842H1ZU,0.95,"[120, 460, 300, 480]",439,2.19,2025-07-17 01:13:55,2025-07-17 01:15:35
208_0003325_2324_PMRMO24419_1_20230802124712.pdf,Hamdard,1,Buyer Name,HAMDARD LABORATORIES (INDIA),0.95,"[120, 360, 400, 380]",439,2.19,2025-07-17 01:13:55,2025-07-17 01:15:35
208_0003325_2324_PMRMO24419_1_20230802124712.pdf,Hamdard,1,Buyer Pan,Not Available,0.0,"[0, 0, 0, 0]",439,2.19,2025-07-17 01:13:55,2025-07-17 01:15:35
208_0003325_2324_PMRMO24419_1_20230802124712.pdf,Hamdard,1,Ship to GSTIN,09AAATH0842H1ZU,0.95,"[450, 460, 630, 480]",439,2.19,2025-07-17 01:13:55,2025-07-17 01:15:35
208_0003325_2324_PMRMO24419_1_20230802124712.pdf,Hamdard,1,Ship to Name,HAMDARD LABORATORIES (INDIA),0.95,"[450, 360, 730, 380]",439,2.19,2025-07-17 01:13:55,2025-07-17 01:15:35
208_0003325_2324_PMRMO24419_1_20230802124712.pdf,Hamdard,1,Subtotal Amount,"2,62,052.00",0.95,"[700, 680, 780, 700]",439,2.19,2025-07-17 01:13:55,2025-07-17 01:15:35
208_0003325_2324_PMRMO24419_1_20230802124712.pdf,Hamdard,1,Discount Amount,0.00,0.0,"[0, 0, 0, 0]",439,2.19,2025-07-17 01:13:55,2025-07-17 01:15:35
208_0003325_2324_PMRMO24419_1_20230802124712.pdf,Hamdard,1,CGST Amount,"12,070.10",0.95,"[650, 740, 720, 760]",439,2.19,2025-07-17 01:13:55,2025-07-17 01:15:35
208_0003325_2324_PMRMO24419_1_20230802124712.pdf,Hamdard,1,SGST Amount,"12,070.10",0.95,"[650, 740, 720, 760]",439,2.19,2025-07-17 01:13:55,2025-07-17 01:15:35
208_0003325_2324_PMRMO24419_1_20230802124712.pdf,Hamdard,1,IGST Amount,"13,102.60",0.95,"[650, 720, 720, 740]",439,2.19,2025-07-17 01:13:55,2025-07-17 01:15:35
208_0003325_2324_PMRMO24419_1_20230802124712.pdf,Hamdard,1,Cess Amount,0.00,0.0,"[0, 0, 0, 0]",439,2.19,2025-07-17 01:13:55,2025-07-17 01:15:35
208_0003325_2324_PMRMO24419_1_20230802124712.pdf,Hamdard,1,Additianal Cess Amount,0.00,0.0,"[0, 0, 0, 0]",439,2.19,2025-07-17 01:13:55,2025-07-17 01:15:35
208_0003325_2324_PMRMO24419_1_20230802124712.pdf,Hamdard,2,Invoice No,730/23-24,0.95,"[110, 220, 220, 240]",438,2.19,2025-07-17 01:13:55,2025-07-17 01:17:12
208_0003325_2324_PMRMO24419_1_20230802124712.pdf,Hamdard,2,Invoice Date,07-07-2023,0.95,"[110, 240, 220, 260]",438,2.19,2025-07-17 01:13:55,2025-07-17 01:17:12
208_0003325_2324_PMRMO24419_1_20230802124712.pdf,Hamdard,2,Seller GSTIN,07AAZPH9110K1Z7,0.95,"[10, 30, 150, 50]",438,2.19,2025-07-17 01:13:55,2025-07-17 01:17:12
208_0003325_2324_PMRMO24419_1_20230802124712.pdf,Hamdard,2,Seller Pan,AAZPH9110K,0.95,"[110, 120, 220, 140]",438,2.19,2025-07-17 01:13:55,2025-07-17 01:17:12
208_0003325_2324_PMRMO24419_1_20230802124712.pdf,Hamdard,2,Seller Name,CAPITAL TRADERS,0.95,"[110, 60, 300, 80]",438,2.19,2025-07-17 01:13:55,2025-07-17 01:17:12
208_0003325_2324_PMRMO24419_1_20230802124712.pdf,Hamdard,2,Buyer GSTIN,09AAATH0842H1ZU,0.95,"[110, 360, 280, 380]",438,2.19,2025-07-17 01:13:55,2025-07-17 01:17:12
208_0003325_2324_PMRMO24419_1_20230802124712.pdf,Hamdard,2,Buyer Name,HAMDARD LABORATORIES (INDIA),0.95,"[110, 320, 350, 340]",438,2.19,2025-07-17 01:13:55,2025-07-17 01:17:12
208_0003325_2324_PMRMO24419_1_20230802124712.pdf,Hamdard,2,Buyer Pan,NA,0.0,"[0, 0, 0, 0]",438,2.19,2025-07-17 01:13:55,2025-07-17 01:17:12
208_0003325_2324_PMRMO24419_1_20230802124712.pdf,Hamdard,2,Ship to GSTIN,09AAATH0842H1ZU,0.95,"[350, 360, 520, 380]",438,2.19,2025-07-17 01:13:55,2025-07-17 01:17:12
208_0003325_2324_PMRMO24419_1_20230802124712.pdf,Hamdard,2,Ship to Name,HAMDARD LABORATORIES (INDIA),0.95,"[350, 320, 590, 340]",438,2.19,2025-07-17 01:13:55,2025-07-17 01:17:12
208_0003325_2324_PMRMO24419_1_20230802124712.pdf,Hamdard,2,Subtotal Amount,"2,62,052.00",0.95,"[110, 560, 220, 580]",438,2.19,2025-07-17 01:13:55,2025-07-17 01:17:12
208_0003325_2324_PMRMO24419_1_20230802124712.pdf,Hamdard,2,Discount Amount,0.00,0.0,"[0, 0, 0, 0]",438,2.19,2025-07-17 01:13:55,2025-07-17 01:17:12
208_0003325_2324_PMRMO24419_1_20230802124712.pdf,Hamdard,2,CGST Amount,"13,102.60",0.95,"[350, 560, 400, 580]",438,2.19,2025-07-17 01:13:55,2025-07-17 01:17:12
208_0003325_2324_PMRMO24419_1_20230802124712.pdf,Hamdard,2,SGST Amount,"13,102.60",0.95,"[400, 560, 450, 580]",438,2.19,2025-07-17 01:13:55,2025-07-17 01:17:12
208_0003325_2324_PMRMO24419_1_20230802124712.pdf,Hamdard,2,IGST Amount,0.00,0.0,"[0, 0, 0, 0]",438,2.19,2025-07-17 01:13:55,2025-07-17 01:17:12
208_0003325_2324_PMRMO24419_1_20230802124712.pdf,Hamdard,2,Cess Amount,0.00,0.0,"[0, 0, 0, 0]",438,2.19,2025-07-17 01:13:55,2025-07-17 01:17:12
208_0003325_2324_PMRMO24419_1_20230802124712.pdf,Hamdard,2,Additianal Cess Amount,0.00,0.0,"[0, 0, 0, 0]",438,2.19,2025-07-17 01:13:55,2025-07-17 01:17:12
208_0003317_2324_PMRMO24411_1_20230802123434.pdf,Hamdard,1,Invoice No,109,0.95,"[200, 200, 250, 220]",435,2.17,2025-07-17 01:17:12,2025-07-17 01:18:31
208_0003317_2324_PMRMO24411_1_20230802123434.pdf,Hamdard,1,Invoice Date,24/07/2023,0.95,"[450, 300, 550, 320]",435,2.17,2025-07-17 01:17:12,2025-07-17 01:18:31
208_0003317_2324_PMRMO24411_1_20230802123434.pdf,Hamdard,1,Seller GSTIN,,0.0,"[0, 0, 0, 0]",435,2.17,2025-07-17 01:17:12,2025-07-17 01:18:31
208_0003317_2324_PMRMO24411_1_20230802123434.pdf,Hamdard,1,Seller Pan,,0.0,"[0, 0, 0, 0]",435,2.17,2025-07-17 01:17:12,2025-07-17 01:18:31
208_0003317_2324_PMRMO24411_1_20230802123434.pdf,Hamdard,1,Seller Name,NAJIM,0.95,"[100, 50, 200, 70]",435,2.17,2025-07-17 01:17:12,2025-07-17 01:18:31
208_0003317_2324_PMRMO24411_1_20230802123434.pdf,Hamdard,1,Buyer GSTIN,,0.0,"[0, 0, 0, 0]",435,2.17,2025-07-17 01:17:12,2025-07-17 01:18:31
208_0003317_2324_PMRMO24411_1_20230802123434.pdf,Hamdard,1,Buyer Name,Hamdard Laboratories (India),0.95,"[150, 350, 400, 370]",435,2.17,2025-07-17 01:17:12,2025-07-17 01:18:31
208_0003317_2324_PMRMO24411_1_20230802123434.pdf,Hamdard,1,Buyer Pan,,0.0,"[0, 0, 0, 0]",435,2.17,2025-07-17 01:17:12,2025-07-17 01:18:31
208_0003317_2324_PMRMO24411_1_20230802123434.pdf,Hamdard,1,Ship to GSTIN,,0.0,"[0, 0, 0, 0]",435,2.17,2025-07-17 01:17:12,2025-07-17 01:18:31
208_0003317_2324_PMRMO24411_1_20230802123434.pdf,Hamdard,1,Ship to Name,,0.0,"[0, 0, 0, 0]",435,2.17,2025-07-17 01:17:12,2025-07-17 01:18:31
208_0003317_2324_PMRMO24411_1_20230802123434.pdf,Hamdard,1,Subtotal Amount,660,0.95,"[550, 500, 600, 520]",435,2.17,2025-07-17 01:17:12,2025-07-17 01:18:31
208_0003317_2324_PMRMO24411_1_20230802123434.pdf,Hamdard,1,Discount Amount,0,0.0,"[0, 0, 0, 0]",435,2.17,2025-07-17 01:17:12,2025-07-17 01:18:31
208_0003317_2324_PMRMO24411_1_20230802123434.pdf,Hamdard,1,CGST Amount,0,0.0,"[0, 0, 0, 0]",435,2.17,2025-07-17 01:17:12,2025-07-17 01:18:31
208_0003317_2324_PMRMO24411_1_20230802123434.pdf,Hamdard,1,SGST Amount,0,0.0,"[0, 0, 0, 0]",435,2.17,2025-07-17 01:17:12,2025-07-17 01:18:31
208_0003317_2324_PMRMO24411_1_20230802123434.pdf,Hamdard,1,IGST Amount,0,0.0,"[0, 0, 0, 0]",435,2.17,2025-07-17 01:17:12,2025-07-17 01:18:31
208_0003317_2324_PMRMO24411_1_20230802123434.pdf,Hamdard,1,Cess Amount,0,0.0,"[0, 0, 0, 0]",435,2.17,2025-07-17 01:17:12,2025-07-17 01:18:31
208_0003317_2324_PMRMO24411_1_20230802123434.pdf,Hamdard,1,Additianal Cess Amount,0,0.0,"[0, 0, 0, 0]",435,2.17,2025-07-17 01:17:12,2025-07-17 01:18:31
208_0003312_2324_PMRMO24406_1_20230802122144.pdf,Hamdard,1,Invoice No,SE-0930/23-24,0.95,"[450, 160, 550, 180]",437,2.19,2025-07-17 01:18:31,2025-07-17 01:20:07
208_0003312_2324_PMRMO24406_1_20230802122144.pdf,Hamdard,1,Invoice Date,27/07/2023,0.95,"[550, 160, 650, 180]",437,2.19,2025-07-17 01:18:31,2025-07-17 01:20:07
208_0003312_2324_PMRMO24406_1_20230802122144.pdf,Hamdard,1,Seller GSTIN,05ATPPS9456A1ZB,0.95,"[10, 20, 130, 40]",437,2.19,2025-07-17 01:18:31,2025-07-17 01:20:07
208_0003312_2324_PMRMO24406_1_20230802122144.pdf,Hamdard,1,Seller Pan,ATPPS9456A,0.95,"[100, 80, 220, 100]",437,2.19,2025-07-17 01:18:31,2025-07-17 01:20:07
208_0003312_2324_PMRMO24406_1_20230802122144.pdf,Hamdard,1,Seller Name,SHIVALIK ENTERPRISES,0.95,"[150, 100, 450, 130]",437,2.19,2025-07-17 01:18:31,2025-07-17 01:20:07
208_0003312_2324_PMRMO24406_1_20230802122144.pdf,Hamdard,1,Buyer GSTIN,09AAATH0842H1ZU,0.95,"[350, 240, 470, 260]",437,2.19,2025-07-17 01:18:31,2025-07-17 01:20:07
208_0003312_2324_PMRMO24406_1_20230802122144.pdf,Hamdard,1,Buyer Name,M/s HAMDARD LABORATORIES (INDIA),0.95,"[150, 180, 400, 210]",437,2.19,2025-07-17 01:18:31,2025-07-17 01:20:07
208_0003312_2324_PMRMO24406_1_20230802122144.pdf,Hamdard,1,Buyer Pan,,0.0,"[0, 0, 0, 0]",437,2.19,2025-07-17 01:18:31,2025-07-17 01:20:07
208_0003312_2324_PMRMO24406_1_20230802122144.pdf,Hamdard,1,Ship to GSTIN,,0.0,"[0, 0, 0, 0]",437,2.19,2025-07-17 01:18:31,2025-07-17 01:20:07
208_0003312_2324_PMRMO24406_1_20230802122144.pdf,Hamdard,1,Ship to Name,,0.0,"[0, 0, 0, 0]",437,2.19,2025-07-17 01:18:31,2025-07-17 01:20:07
208_0003312_2324_PMRMO24406_1_20230802122144.pdf,Hamdard,1,Subtotal Amount,1014.00,0.95,"[600, 650, 680, 670]",437,2.19,2025-07-17 01:18:31,2025-07-17 01:20:07
208_0003312_2324_PMRMO24406_1_20230802122144.pdf,Hamdard,1,Discount Amount,0.00,0.95,"[600, 670, 680, 690]",437,2.19,2025-07-17 01:18:31,2025-07-17 01:20:07
208_0003312_2324_PMRMO24406_1_20230802122144.pdf,Hamdard,1,CGST Amount,0.00,0.95,"[600, 690, 680, 710]",437,2.19,2025-07-17 01:18:31,2025-07-17 01:20:07
208_0003312_2324_PMRMO24406_1_20230802122144.pdf,Hamdard,1,SGST Amount,0.00,0.95,"[600, 710, 680, 730]",437,2.19,2025-07-17 01:18:31,2025-07-17 01:20:07
208_0003312_2324_PMRMO24406_1_20230802122144.pdf,Hamdard,1,IGST Amount,182.52,0.95,"[600, 730, 680, 750]",437,2.19,2025-07-17 01:18:31,2025-07-17 01:20:07
208_0003312_2324_PMRMO24406_1_20230802122144.pdf,Hamdard,1,Cess Amount,0.00,0.95,"[600, 750, 680, 770]",437,2.19,2025-07-17 01:18:31,2025-07-17 01:20:07
208_0003312_2324_PMRMO24406_1_20230802122144.pdf,Hamdard,1,Additianal Cess Amount,0.00,0.95,"[600, 770, 680, 790]",437,2.19,2025-07-17 01:18:31,2025-07-17 01:20:07
208_0003314_2324_PMRMO24408_1_20230802122526.pdf,Hamdard,1,Invoice No,RPOA/823/23-24,0.95,"[450, 100, 550, 120]",423,2.11,2025-07-17 01:20:07,2025-07-17 01:21:32
208_0003314_2324_PMRMO24408_1_20230802122526.pdf,Hamdard,1,Invoice Date,22-Jul-23,0.95,"[550, 100, 650, 120]",423,2.11,2025-07-17 01:20:07,2025-07-17 01:21:32
208_0003314_2324_PMRMO24408_1_20230802122526.pdf,Hamdard,1,Seller GSTIN,07AADCR846B1ZC,0.95,"[100, 150, 250, 170]",423,2.11,2025-07-17 01:20:07,2025-07-17 01:21:32
208_0003314_2324_PMRMO24408_1_20230802122526.pdf,Hamdard,1,Seller Pan,AADCR8846B,0.95,"[100, 600, 200, 620]",423,2.11,2025-07-17 01:20:07,2025-07-17 01:21:32
208_0003314_2324_PMRMO24408_1_20230802122526.pdf,Hamdard,1,Seller Name,RP OFFICE AUTOMATION PVT LTD,0.95,"[100, 50, 300, 70]",423,2.11,2025-07-17 01:20:07,2025-07-17 01:21:32
208_0003314_2324_PMRMO24408_1_20230802122526.pdf,Hamdard,1,Buyer GSTIN,09AAATH0842H1ZU,0.95,"[100, 250, 250, 270]",423,2.11,2025-07-17 01:20:07,2025-07-17 01:21:32
208_0003314_2324_PMRMO24408_1_20230802122526.pdf,Hamdard,1,Buyer Name,HAMDARD LABORATORIES (INDIA),0.95,"[100, 200, 300, 220]",423,2.11,2025-07-17 01:20:07,2025-07-17 01:21:32
208_0003314_2324_PMRMO24408_1_20230802122526.pdf,Hamdard,1,Buyer Pan,,0.0,[],423,2.11,2025-07-17 01:20:07,2025-07-17 01:21:32
208_0003314_2324_PMRMO24408_1_20230802122526.pdf,Hamdard,1,Ship to GSTIN,09AAATH0842H1ZU,0.95,"[100, 300, 250, 320]",423,2.11,2025-07-17 01:20:07,2025-07-17 01:21:32
208_0003314_2324_PMRMO24408_1_20230802122526.pdf,Hamdard,1,Ship to Name,HAMDARD LABORATORIES (INDIA),0.95,"[100, 270, 300, 290]",423,2.11,2025-07-17 01:20:07,2025-07-17 01:21:32
208_0003314_2324_PMRMO24408_1_20230802122526.pdf,Hamdard,1,Subtotal Amount,"25,424.00",0.95,"[600, 500, 700, 520]",423,2.11,2025-07-17 01:20:07,2025-07-17 01:21:32
208_0003314_2324_PMRMO24408_1_20230802122526.pdf,Hamdard,1,Discount Amount,0.00,0.0,[],423,2.11,2025-07-17 01:20:07,2025-07-17 01:21:32
208_0003314_2324_PMRMO24408_1_20230802122526.pdf,Hamdard,1,CGST Amount,0.00,0.0,[],423,2.11,2025-07-17 01:20:07,2025-07-17 01:21:32
208_0003314_2324_PMRMO24408_1_20230802122526.pdf,Hamdard,1,SGST Amount,0.00,0.0,[],423,2.11,2025-07-17 01:20:07,2025-07-17 01:21:32
208_0003314_2324_PMRMO24408_1_20230802122526.pdf,Hamdard,1,IGST Amount,"4,576.32",0.95,"[600, 520, 700, 540]",423,2.11,2025-07-17 01:20:07,2025-07-17 01:21:32
208_0003314_2324_PMRMO24408_1_20230802122526.pdf,Hamdard,1,Cess Amount,0.00,0.0,[],423,2.11,2025-07-17 01:20:07,2025-07-17 01:21:32
208_0003314_2324_PMRMO24408_1_20230802122526.pdf,Hamdard,1,Additianal Cess Amount,0.00,0.0,[],423,2.11,2025-07-17 01:20:07,2025-07-17 01:21:32
GRN2290682.pdf,Swiggy,1,Invoice No,12400048914,0.95,"[320, 100, 480, 120]",439,2.19,2025-07-17 01:21:32,2025-07-17 01:23:01
GRN2290682.pdf,Swiggy,1,Invoice Date,30/09/2024,0.95,"[200, 100, 280, 120]",439,2.19,2025-07-17 01:21:32,2025-07-17 01:23:01
GRN2290682.pdf,Swiggy,1,Seller GSTIN,29AAICM3930G1ZD,0.95,"[500, 240, 620, 260]",439,2.19,2025-07-17 01:21:32,2025-07-17 01:23:01
GRN2290682.pdf,Swiggy,1,Seller Pan,AAICM3930G,0.95,"[500, 280, 580, 300]",439,2.19,2025-07-17 01:21:32,2025-07-17 01:23:01
GRN2290682.pdf,Swiggy,1,Seller Name,ID FRESH FOOD (INDIA) PRIVATE LIMITED,0.95,"[400, 180, 620, 220]",439,2.19,2025-07-17 01:21:32,2025-07-17 01:23:01
GRN2290682.pdf,Swiggy,1,Buyer GSTIN,29AAFCB7707D1ZQ,0.95,"[180, 240, 300, 260]",439,2.19,2025-07-17 01:21:32,2025-07-17 01:23:01
GRN2290682.pdf,Swiggy,1,Buyer Name,Swiggy Limited,0.95,"[100, 180, 250, 200]",439,2.19,2025-07-17 01:21:32,2025-07-17 01:23:01
GRN2290682.pdf,Swiggy,1,Buyer Pan,,0.0,"[0, 0, 0, 0]",439,2.19,2025-07-17 01:21:32,2025-07-17 01:23:01
GRN2290682.pdf,Swiggy,1,Ship to GSTIN,,0.0,"[0, 0, 0, 0]",439,2.19,2025-07-17 01:21:32,2025-07-17 01:23:01
GRN2290682.pdf,Swiggy,1,Ship to Name,,0.0,"[0, 0, 0, 0]",439,2.19,2025-07-17 01:21:32,2025-07-17 01:23:01
GRN2290682.pdf,Swiggy,1,Subtotal Amount,714.29,0.95,"[600, 480, 660, 500]",439,2.19,2025-07-17 01:21:32,2025-07-17 01:23:01
GRN2290682.pdf,Swiggy,1,Discount Amount,0.00,0.95,"[600, 520, 660, 540]",439,2.19,2025-07-17 01:21:32,2025-07-17 01:23:01
GRN2290682.pdf,Swiggy,1,CGST Amount,17.86,0.95,"[600, 460, 660, 480]",439,2.19,2025-07-17 01:21:32,2025-07-17 01:23:01
GRN2290682.pdf,Swiggy,1,SGST Amount,17.86,0.95,"[600, 460, 660, 480]",439,2.19,2025-07-17 01:21:32,2025-07-17 01:23:01
GRN2290682.pdf,Swiggy,1,IGST Amount,0.00,0.95,"[600, 460, 660, 480]",439,2.19,2025-07-17 01:21:32,2025-07-17 01:23:01
GRN2290682.pdf,Swiggy,1,Cess Amount,0.00,0.0,"[0, 0, 0, 0]",439,2.19,2025-07-17 01:21:32,2025-07-17 01:23:01
GRN2290682.pdf,Swiggy,1,Additianal Cess Amount,0.00,0.0,"[0, 0, 0, 0]",439,2.19,2025-07-17 01:21:32,2025-07-17 01:23:01
GRN2290683.pdf,Swiggy,1,Invoice No,5-104415102597,0.95,"[350, 160, 470, 180]",424,2.12,2025-07-17 01:23:01,2025-07-17 01:24:25
GRN2290683.pdf,Swiggy,1,Invoice Date,5-Sep-24,0.95,"[500, 160, 580, 180]",424,2.12,2025-07-17 01:23:01,2025-07-17 01:24:25
GRN2290683.pdf,Swiggy,1,Seller GSTIN,29AGZPS6963K1ZZ,0.95,"[150, 100, 300, 120]",424,2.12,2025-07-17 01:23:01,2025-07-17 01:24:25
GRN2290683.pdf,Swiggy,1,Seller Pan,AGZPS6963K,0.95,"[450, 550, 550, 570]",424,2.12,2025-07-17 01:23:01,2025-07-17 01:24:25
GRN2290683.pdf,Swiggy,1,Seller Name,KK INDANE ENTERPRISES,0.95,"[100, 80, 300, 100]",424,2.12,2025-07-17 01:23:01,2025-07-17 01:24:25
GRN2290683.pdf,Swiggy,1,Buyer GSTIN,29AAFCB7707D1ZQ,0.95,"[300, 220, 450, 240]",424,2.12,2025-07-17 01:23:01,2025-07-17 01:24:25
GRN2290683.pdf,Swiggy,1,Buyer Name,Swiggy Limited (Kalyannagar),0.95,"[100, 200, 300, 220]",424,2.12,2025-07-17 01:23:01,2025-07-17 01:24:25
GRN2290683.pdf,Swiggy,1,Buyer Pan,,0.0,[],424,2.12,2025-07-17 01:23:01,2025-07-17 01:24:25
GRN2290683.pdf,Swiggy,1,Ship to GSTIN,29AAFCB7707D1ZQ,0.95,"[300, 260, 450, 280]",424,2.12,2025-07-17 01:23:01,2025-07-17 01:24:25
GRN2290683.pdf,Swiggy,1,Ship to Name,Swiggy Limited (Kalyannagar),0.95,"[100, 240, 300, 260]",424,2.12,2025-07-17 01:23:01,2025-07-17 01:24:25
GRN2290683.pdf,Swiggy,1,Subtotal Amount,"4,498.74",0.95,"[550, 360, 630, 380]",424,2.12,2025-07-17 01:23:01,2025-07-17 01:24:25
GRN2290683.pdf,Swiggy,1,Discount Amount,,0.0,[],424,2.12,2025-07-17 01:23:01,2025-07-17 01:24:25
GRN2290683.pdf,Swiggy,1,CGST Amount,404.89,0.95,"[550, 420, 630, 440]",424,2.12,2025-07-17 01:23:01,2025-07-17 01:24:25
GRN2290683.pdf,Swiggy,1,SGST Amount,404.89,0.95,"[550, 440, 630, 460]",424,2.12,2025-07-17 01:23:01,2025-07-17 01:24:25
GRN2290683.pdf,Swiggy,1,IGST Amount,,0.0,[],424,2.12,2025-07-17 01:23:01,2025-07-17 01:24:25
GRN2290683.pdf,Swiggy,1,Cess Amount,,0.0,[],424,2.12,2025-07-17 01:23:01,2025-07-17 01:24:25
GRN2290683.pdf,Swiggy,1,Additianal Cess Amount,,0.0,[],424,2.12,2025-07-17 01:23:01,2025-07-17 01:24:25
2929_001 (1).pdf,Swiggy,1,Invoice No,606,0.95,"[120, 300, 160, 320]",418,2.09,2025-07-17 01:24:25,2025-07-17 01:25:43
2929_001 (1).pdf,Swiggy,1,Invoice Date,31/08/2025,0.95,"[450, 260, 550, 280]",418,2.09,2025-07-17 01:24:25,2025-07-17 01:25:43
2929_001 (1).pdf,Swiggy,1,Seller GSTIN,29AESFS9239R1ZI,0.95,"[10, 20, 130, 40]",418,2.09,2025-07-17 01:24:25,2025-07-17 01:25:43
2929_001 (1).pdf,Swiggy,1,Seller Pan,AESFS9239R,0.95,"[10, 40, 100, 60]",418,2.09,2025-07-17 01:24:25,2025-07-17 01:25:43
2929_001 (1).pdf,Swiggy,1,Seller Name,SUM ENTERPRISES,0.95,"[100, 100, 350, 140]",418,2.09,2025-07-17 01:24:25,2025-07-17 01:25:43
2929_001 (1).pdf,Swiggy,1,Buyer GSTIN,29AAFCT7707D1ZQ,0.95,"[400, 320, 580, 340]",418,2.09,2025-07-17 01:24:25,2025-07-17 01:25:43
2929_001 (1).pdf,Swiggy,1,Buyer Name,Swiggy Limited,0.95,"[100, 360, 220, 380]",418,2.09,2025-07-17 01:24:25,2025-07-17 01:25:43
2929_001 (1).pdf,Swiggy,1,Buyer Pan,,0.0,[],418,2.09,2025-07-17 01:24:25,2025-07-17 01:25:43
2929_001 (1).pdf,Swiggy,1,Ship to GSTIN,,0.0,[],418,2.09,2025-07-17 01:24:25,2025-07-17 01:25:43
2929_001 (1).pdf,Swiggy,1,Ship to Name,Swiggy Limited,0.95,"[100, 360, 220, 380]",418,2.09,2025-07-17 01:24:25,2025-07-17 01:25:43
2929_001 (1).pdf,Swiggy,1,Subtotal Amount,13500,0.95,"[450, 580, 520, 600]",418,2.09,2025-07-17 01:24:25,2025-07-17 01:25:43
2929_001 (1).pdf,Swiggy,1,Discount Amount,0,0.0,[],418,2.09,2025-07-17 01:24:25,2025-07-17 01:25:43
2929_001 (1).pdf,Swiggy,1,CGST Amount,1215,0.95,"[520, 580, 580, 600]",418,2.09,2025-07-17 01:24:25,2025-07-17 01:25:43
2929_001 (1).pdf,Swiggy,1,SGST Amount,1215,0.95,"[520, 600, 580, 620]",418,2.09,2025-07-17 01:24:25,2025-07-17 01:25:43
2929_001 (1).pdf,Swiggy,1,IGST Amount,0,0.0,[],418,2.09,2025-07-17 01:24:25,2025-07-17 01:25:43
2929_001 (1).pdf,Swiggy,1,Cess Amount,0,0.0,[],418,2.09,2025-07-17 01:24:25,2025-07-17 01:25:43
2929_001 (1).pdf,Swiggy,1,Additianal Cess Amount,0,0.0,[],418,2.09,2025-07-17 01:24:25,2025-07-17 01:25:43
SE-072.pdf,Swiggy,1,Invoice No,SE/072/2025-26,0.95,"[160, 260, 280, 280]",414,2.07,2025-07-17 01:25:43,2025-07-17 01:27:01
SE-072.pdf,Swiggy,1,Invoice Date,12.07.2025,0.95,"[160, 280, 280, 300]",414,2.07,2025-07-17 01:25:43,2025-07-17 01:27:01
SE-072.pdf,Swiggy,1,Seller GSTIN,19BTFPRO457K2Z7,0.95,"[160, 120, 320, 140]",414,2.07,2025-07-17 01:25:43,2025-07-17 01:27:01
SE-072.pdf,Swiggy,1,Seller Pan,,0.0,[],414,2.07,2025-07-17 01:25:43,2025-07-17 01:27:01
SE-072.pdf,Swiggy,1,Seller Name,SNIGDHA ENTERPRISE,0.95,"[160, 40, 400, 60]",414,2.07,2025-07-17 01:25:43,2025-07-17 01:27:01
SE-072.pdf,Swiggy,1,Buyer GSTIN,19AAFCB7707D1ZR,0.95,"[160, 400, 320, 420]",414,2.07,2025-07-17 01:25:43,2025-07-17 01:27:01
SE-072.pdf,Swiggy,1,Buyer Name,SWIGGY LIMITED,0.95,"[160, 360, 300, 380]",414,2.07,2025-07-17 01:25:43,2025-07-17 01:27:01
SE-072.pdf,Swiggy,1,Buyer Pan,,0.0,[],414,2.07,2025-07-17 01:25:43,2025-07-17 01:27:01
SE-072.pdf,Swiggy,1,Ship to GSTIN,,0.0,[],414,2.07,2025-07-17 01:25:43,2025-07-17 01:27:01
SE-072.pdf,Swiggy,1,Ship to Name,,0.0,[],414,2.07,2025-07-17 01:25:43,2025-07-17 01:27:01
SE-072.pdf,Swiggy,1,Subtotal Amount,6573.00,0.95,"[600, 720, 680, 740]",414,2.07,2025-07-17 01:25:43,2025-07-17 01:27:01
SE-072.pdf,Swiggy,1,Discount Amount,0.00,0.0,[],414,2.07,2025-07-17 01:25:43,2025-07-17 01:27:01
SE-072.pdf,Swiggy,1,CGST Amount,591.57,0.95,"[680, 740, 760, 760]",414,2.07,2025-07-17 01:25:43,2025-07-17 01:27:01
SE-072.pdf,Swiggy,1,SGST Amount,591.57,0.95,"[760, 740, 840, 760]",414,2.07,2025-07-17 01:25:43,2025-07-17 01:27:01
SE-072.pdf,Swiggy,1,IGST Amount,0.00,0.95,"[840, 740, 920, 760]",414,2.07,2025-07-17 01:25:43,2025-07-17 01:27:01
SE-072.pdf,Swiggy,1,Cess Amount,0.00,0.0,[],414,2.07,2025-07-17 01:25:43,2025-07-17 01:27:01
SE-072.pdf,Swiggy,1,Additianal Cess Amount,0.00,0.0,[],414,2.07,2025-07-17 01:25:43,2025-07-17 01:27:01
Invoice Number 302.pdf,Swiggy,1,Invoice No,302,0.95,"[420, 100, 480, 120]",403,2.02,2025-07-17 01:27:01,2025-07-17 01:28:07
Invoice Number 302.pdf,Swiggy,1,Invoice Date,15/05/2025,0.95,"[420, 120, 500, 140]",403,2.02,2025-07-17 01:27:01,2025-07-17 01:28:07
Invoice Number 302.pdf,Swiggy,1,Seller GSTIN,09KMSPS3586K1ZO,0.95,"[100, 650, 250, 670]",403,2.02,2025-07-17 01:27:01,2025-07-17 01:28:07
Invoice Number 302.pdf,Swiggy,1,Seller Pan,,0.0,[],403,2.02,2025-07-17 01:27:01,2025-07-17 01:28:07
Invoice Number 302.pdf,Swiggy,1,Seller Name,Digital Fox Media,0.95,"[100, 630, 250, 650]",403,2.02,2025-07-17 01:27:01,2025-07-17 01:28:07
Invoice Number 302.pdf,Swiggy,1,Buyer GSTIN,29AAFCB7707D1ZQ,0.95,"[200, 200, 350, 220]",403,2.02,2025-07-17 01:27:01,2025-07-17 01:28:07
Invoice Number 302.pdf,Swiggy,1,Buyer Name,Swiggy Limited,0.95,"[150, 160, 300, 180]",403,2.02,2025-07-17 01:27:01,2025-07-17 01:28:07
Invoice Number 302.pdf,Swiggy,1,Buyer Pan,,0.0,[],403,2.02,2025-07-17 01:27:01,2025-07-17 01:28:07
Invoice Number 302.pdf,Swiggy,1,Ship to GSTIN,,0.0,[],403,2.02,2025-07-17 01:27:01,2025-07-17 01:28:07
Invoice Number 302.pdf,Swiggy,1,Ship to Name,,0.0,[],403,2.02,2025-07-17 01:27:01,2025-07-17 01:28:07
Invoice Number 302.pdf,Swiggy,1,Subtotal Amount,,0.0,[],403,2.02,2025-07-17 01:27:01,2025-07-17 01:28:07
Invoice Number 302.pdf,Swiggy,1,Discount Amount,,0.0,[],403,2.02,2025-07-17 01:27:01,2025-07-17 01:28:07
Invoice Number 302.pdf,Swiggy,1,CGST Amount,,0.0,[],403,2.02,2025-07-17 01:27:01,2025-07-17 01:28:07
Invoice Number 302.pdf,Swiggy,1,SGST Amount,,0.0,[],403,2.02,2025-07-17 01:27:01,2025-07-17 01:28:07
Invoice Number 302.pdf,Swiggy,1,IGST Amount,,0.0,[],403,2.02,2025-07-17 01:27:01,2025-07-17 01:28:07
Invoice Number 302.pdf,Swiggy,1,Cess Amount,,0.0,[],403,2.02,2025-07-17 01:27:01,2025-07-17 01:28:07
Invoice Number 302.pdf,Swiggy,1,Additianal Cess Amount,,0.0,[],403,2.02,2025-07-17 01:27:01,2025-07-17 01:28:07
Invoice Number 302.pdf,Swiggy,2,Invoice No,302,0.95,"[420, 100, 480, 120]",409,2.04,2025-07-17 01:27:01,2025-07-17 01:29:19
Invoice Number 302.pdf,Swiggy,2,Invoice Date,15/05/2025,0.95,"[420, 120, 500, 140]",409,2.04,2025-07-17 01:27:01,2025-07-17 01:29:19
Invoice Number 302.pdf,Swiggy,2,Seller GSTIN,09KMSPS3586K1ZO,0.95,"[100, 650, 280, 670]",409,2.04,2025-07-17 01:27:01,2025-07-17 01:29:19
Invoice Number 302.pdf,Swiggy,2,Seller Pan,,0.0,[],409,2.04,2025-07-17 01:27:01,2025-07-17 01:29:19
Invoice Number 302.pdf,Swiggy,2,Seller Name,Digital Fox Media,0.95,"[100, 580, 280, 600]",409,2.04,2025-07-17 01:27:01,2025-07-17 01:29:19
Invoice Number 302.pdf,Swiggy,2,Buyer GSTIN,29AAFCB7707D1ZQ,0.95,"[200, 240, 360, 260]",409,2.04,2025-07-17 01:27:01,2025-07-17 01:29:19
Invoice Number 302.pdf,Swiggy,2,Buyer Name,Swiggy Limited,0.95,"[120, 180, 260, 200]",409,2.04,2025-07-17 01:27:01,2025-07-17 01:29:19
Invoice Number 302.pdf,Swiggy,2,Buyer Pan,,0.0,[],409,2.04,2025-07-17 01:27:01,2025-07-17 01:29:19
Invoice Number 302.pdf,Swiggy,2,Ship to GSTIN,,0.0,[],409,2.04,2025-07-17 01:27:01,2025-07-17 01:29:19
Invoice Number 302.pdf,Swiggy,2,Ship to Name,,0.0,[],409,2.04,2025-07-17 01:27:01,2025-07-17 01:29:19
Invoice Number 302.pdf,Swiggy,2,Subtotal Amount,"78,000",0.95,"[500, 460, 560, 480]",409,2.04,2025-07-17 01:27:01,2025-07-17 01:29:19
Invoice Number 302.pdf,Swiggy,2,Discount Amount,0,0.0,[],409,2.04,2025-07-17 01:27:01,2025-07-17 01:29:19
Invoice Number 302.pdf,Swiggy,2,CGST Amount,0,0.0,[],409,2.04,2025-07-17 01:27:01,2025-07-17 01:29:19
Invoice Number 302.pdf,Swiggy,2,SGST Amount,0,0.0,[],409,2.04,2025-07-17 01:27:01,2025-07-17 01:29:19
Invoice Number 302.pdf,Swiggy,2,IGST Amount,14040,0.95,"[500, 480, 560, 500]",409,2.04,2025-07-17 01:27:01,2025-07-17 01:29:19
Invoice Number 302.pdf,Swiggy,2,Cess Amount,0,0.0,[],409,2.04,2025-07-17 01:27:01,2025-07-17 01:29:19
Invoice Number 302.pdf,Swiggy,2,Additianal Cess Amount,0,0.0,[],409,2.04,2025-07-17 01:27:01,2025-07-17 01:29:19
GRN2352317.pdf,Swiggy,1,Invoice No,325,0.95,"[110, 200, 160, 220]",412,2.06,2025-07-17 01:29:19,2025-07-17 01:30:34
GRN2352317.pdf,Swiggy,1,Invoice Date,25-09-2024,0.95,"[220, 200, 310, 220]",412,2.06,2025-07-17 01:29:19,2025-07-17 01:30:34
GRN2352317.pdf,Swiggy,1,Seller GSTIN,29AEZFS6335P1ZO,0.95,"[450, 120, 620, 140]",412,2.06,2025-07-17 01:29:19,2025-07-17 01:30:34
GRN2352317.pdf,Swiggy,1,Seller Pan,,0.0,[],412,2.06,2025-07-17 01:29:19,2025-07-17 01:30:34
GRN2352317.pdf,Swiggy,1,Seller Name,SRI DEVI PLASTICS,0.95,"[110, 80, 350, 100]",412,2.06,2025-07-17 01:29:19,2025-07-17 01:30:34
GRN2352317.pdf,Swiggy,1,Buyer GSTIN,29AAFCB7707D1ZQ,0.95,"[110, 360, 270, 380]",412,2.06,2025-07-17 01:29:19,2025-07-17 01:30:34
GRN2352317.pdf,Swiggy,1,Buyer Name,SWIGGY LIMITED,0.95,"[110, 300, 250, 320]",412,2.06,2025-07-17 01:29:19,2025-07-17 01:30:34
GRN2352317.pdf,Swiggy,1,Buyer Pan,,0.0,[],412,2.06,2025-07-17 01:29:19,2025-07-17 01:30:34
GRN2352317.pdf,Swiggy,1,Ship to GSTIN,,0.0,[],412,2.06,2025-07-17 01:29:19,2025-07-17 01:30:34
GRN2352317.pdf,Swiggy,1,Ship to Name,,0.0,[],412,2.06,2025-07-17 01:29:19,2025-07-17 01:30:34
GRN2352317.pdf,Swiggy,1,Subtotal Amount,1500.00,0.95,"[550, 580, 620, 600]",412,2.06,2025-07-17 01:29:19,2025-07-17 01:30:34
GRN2352317.pdf,Swiggy,1,Discount Amount,0.00,0.0,[],412,2.06,2025-07-17 01:29:19,2025-07-17 01:30:34
GRN2352317.pdf,Swiggy,1,CGST Amount,135.00,0.95,"[660, 600, 720, 620]",412,2.06,2025-07-17 01:29:19,2025-07-17 01:30:34
GRN2352317.pdf,Swiggy,1,SGST Amount,135.00,0.95,"[760, 600, 820, 620]",412,2.06,2025-07-17 01:29:19,2025-07-17 01:30:34
GRN2352317.pdf,Swiggy,1,IGST Amount,0.00,0.0,[],412,2.06,2025-07-17 01:29:19,2025-07-17 01:30:34
GRN2352317.pdf,Swiggy,1,Cess Amount,0.00,0.0,[],412,2.06,2025-07-17 01:29:19,2025-07-17 01:30:34
GRN2352317.pdf,Swiggy,1,Additianal Cess Amount,0.00,0.0,[],412,2.06,2025-07-17 01:29:19,2025-07-17 01:30:34
GRN2760813.pdf,Swiggy,1,Invoice No,SFP 24-25-20489,0.95,"[360, 100, 480, 120]",438,2.19,2025-07-17 01:30:34,2025-07-17 01:32:02
GRN2760813.pdf,Swiggy,1,Invoice Date,30-Sep-24,0.95,"[560, 100, 640, 120]",438,2.19,2025-07-17 01:30:34,2025-07-17 01:32:02
GRN2760813.pdf,Swiggy,1,Seller GSTIN,29AAPFM9917E1ZS,0.95,"[100, 140, 260, 160]",438,2.19,2025-07-17 01:30:34,2025-07-17 01:32:02
GRN2760813.pdf,Swiggy,1,Seller Pan,AAPFM9917E,0.95,"[100, 160, 180, 180]",438,2.19,2025-07-17 01:30:34,2025-07-17 01:32:02
GRN2760813.pdf,Swiggy,1,Seller Name,SANJAY FARM PRODUCTS,0.95,"[100, 80, 300, 100]",438,2.19,2025-07-17 01:30:34,2025-07-17 01:32:02
GRN2760813.pdf,Swiggy,1,Buyer GSTIN,29AAFCB7707D1ZQ,0.95,"[100, 300, 260, 320]",438,2.19,2025-07-17 01:30:34,2025-07-17 01:32:02
GRN2760813.pdf,Swiggy,1,Buyer Name,Swiggy Limited,0.95,"[100, 280, 220, 300]",438,2.19,2025-07-17 01:30:34,2025-07-17 01:32:02
GRN2760813.pdf,Swiggy,1,Buyer Pan,,0.0,"[0, 0, 0, 0]",438,2.19,2025-07-17 01:30:34,2025-07-17 01:32:02
GRN2760813.pdf,Swiggy,1,Ship to GSTIN,29AAFCB7707D1ZQ,0.95,"[100, 340, 260, 360]",438,2.19,2025-07-17 01:30:34,2025-07-17 01:32:02
GRN2760813.pdf,Swiggy,1,Ship to Name,Swiggy Limited,0.95,"[100, 320, 220, 340]",438,2.19,2025-07-17 01:30:34,2025-07-17 01:32:02
GRN2760813.pdf,Swiggy,1,Subtotal Amount,"1,692.00",0.95,"[560, 600, 640, 620]",438,2.19,2025-07-17 01:30:34,2025-07-17 01:32:02
GRN2760813.pdf,Swiggy,1,Discount Amount,0.00,0.0,"[0, 0, 0, 0]",438,2.19,2025-07-17 01:30:34,2025-07-17 01:32:02
GRN2760813.pdf,Swiggy,1,CGST Amount,0.00,0.0,"[0, 0, 0, 0]",438,2.19,2025-07-17 01:30:34,2025-07-17 01:32:02
GRN2760813.pdf,Swiggy,1,SGST Amount,0.00,0.0,"[0, 0, 0, 0]",438,2.19,2025-07-17 01:30:34,2025-07-17 01:32:02
GRN2760813.pdf,Swiggy,1,IGST Amount,0.00,0.0,"[0, 0, 0, 0]",438,2.19,2025-07-17 01:30:34,2025-07-17 01:32:02
GRN2760813.pdf,Swiggy,1,Cess Amount,0.00,0.0,"[0, 0, 0, 0]",438,2.19,2025-07-17 01:30:34,2025-07-17 01:32:02
GRN2760813.pdf,Swiggy,1,Additianal Cess Amount,0.00,0.0,"[0, 0, 0, 0]",438,2.19,2025-07-17 01:30:34,2025-07-17 01:32:02
GRN2760812.pdf,Swiggy,1,Invoice No,11700064146,0.95,"[260, 110, 380, 130]",439,2.19,2025-07-17 01:32:02,2025-07-17 01:33:29
GRN2760812.pdf,Swiggy,1,Invoice Date,30/09/2024,0.95,"[420, 110, 520, 130]",439,2.19,2025-07-17 01:32:02,2025-07-17 01:33:29
GRN2760812.pdf,Swiggy,1,Seller GSTIN,29AAJCM3930G1ZD,0.95,"[620, 230, 760, 250]",439,2.19,2025-07-17 01:32:02,2025-07-17 01:33:29
GRN2760812.pdf,Swiggy,1,Seller Pan,AAJCM3930G,0.95,"[620, 250, 720, 270]",439,2.19,2025-07-17 01:32:02,2025-07-17 01:33:29
GRN2760812.pdf,Swiggy,1,Seller Name,ID FRESH FOOD (INDIA) PRIVATE LIMITED,0.95,"[500, 170, 780, 210]",439,2.19,2025-07-17 01:32:02,2025-07-17 01:33:29
GRN2760812.pdf,Swiggy,1,Buyer GSTIN,29AAFCB7707D1ZQ,0.95,"[160, 230, 300, 250]",439,2.19,2025-07-17 01:32:02,2025-07-17 01:33:29
GRN2760812.pdf,Swiggy,1,Buyer Name,Swiggy Limited,0.95,"[100, 170, 260, 190]",439,2.19,2025-07-17 01:32:02,2025-07-17 01:33:29
GRN2760812.pdf,Swiggy,1,Buyer Pan,,0.0,"[0, 0, 0, 0]",439,2.19,2025-07-17 01:32:02,2025-07-17 01:33:29
GRN2760812.pdf,Swiggy,1,Ship to GSTIN,,0.0,"[0, 0, 0, 0]",439,2.19,2025-07-17 01:32:02,2025-07-17 01:33:29
GRN2760812.pdf,Swiggy,1,Ship to Name,,0.0,"[0, 0, 0, 0]",439,2.19,2025-07-17 01:32:02,2025-07-17 01:33:29
GRN2760812.pdf,Swiggy,1,Subtotal Amount,428.57,0.95,"[700, 520, 760, 540]",439,2.19,2025-07-17 01:32:02,2025-07-17 01:33:29
GRN2760812.pdf,Swiggy,1,Discount Amount,0.00,0.95,"[700, 560, 760, 580]",439,2.19,2025-07-17 01:32:02,2025-07-17 01:33:29
GRN2760812.pdf,Swiggy,1,CGST Amount,10.71,0.95,"[700, 540, 760, 560]",439,2.19,2025-07-17 01:32:02,2025-07-17 01:33:29
GRN2760812.pdf,Swiggy,1,SGST Amount,10.71,0.95,"[700, 540, 760, 560]",439,2.19,2025-07-17 01:32:02,2025-07-17 01:33:29
GRN2760812.pdf,Swiggy,1,IGST Amount,0.00,0.95,"[700, 540, 760, 560]",439,2.19,2025-07-17 01:32:02,2025-07-17 01:33:29
GRN2760812.pdf,Swiggy,1,Cess Amount,0.00,0.0,"[0, 0, 0, 0]",439,2.19,2025-07-17 01:32:02,2025-07-17 01:33:29
GRN2760812.pdf,Swiggy,1,Additianal Cess Amount,0.00,0.0,"[0, 0, 0, 0]",439,2.19,2025-07-17 01:32:02,2025-07-17 01:33:29
GRN2352316.pdf,Swiggy,1,Invoice No,728,0.95,"[660, 50, 720, 70]",437,2.19,2025-07-17 01:33:29,2025-07-17 01:34:54
GRN2352316.pdf,Swiggy,1,Invoice Date,30 Sep 2024,0.95,"[550, 50, 640, 70]",437,2.19,2025-07-17 01:33:29,2025-07-17 01:34:54
GRN2352316.pdf,Swiggy,1,Seller GSTIN,29BOZPS2473H1Z3,0.95,"[0, 0, 150, 20]",437,2.19,2025-07-17 01:33:29,2025-07-17 01:34:54
GRN2352316.pdf,Swiggy,1,Seller Pan,,0.0,"[0, 0, 0, 0]",437,2.19,2025-07-17 01:33:29,2025-07-17 01:34:54
GRN2352316.pdf,Swiggy,1,Seller Name,Paradigm,0.95,"[50, 60, 150, 80]",437,2.19,2025-07-17 01:33:29,2025-07-17 01:34:54
GRN2352316.pdf,Swiggy,1,Buyer GSTIN,29AAFCB7707D1ZQ,0.95,"[200, 240, 350, 260]",437,2.19,2025-07-17 01:33:29,2025-07-17 01:34:54
GRN2352316.pdf,Swiggy,1,Buyer Name,Swiggy Limited,0.95,"[70, 120, 200, 140]",437,2.19,2025-07-17 01:33:29,2025-07-17 01:34:54
GRN2352316.pdf,Swiggy,1,Buyer Pan,,0.0,"[0, 0, 0, 0]",437,2.19,2025-07-17 01:33:29,2025-07-17 01:34:54
GRN2352316.pdf,Swiggy,1,Ship to GSTIN,,0.0,"[0, 0, 0, 0]",437,2.19,2025-07-17 01:33:29,2025-07-17 01:34:54
GRN2352316.pdf,Swiggy,1,Ship to Name,Swiggy Limited,0.95,"[400, 120, 530, 140]",437,2.19,2025-07-17 01:33:29,2025-07-17 01:34:54
GRN2352316.pdf,Swiggy,1,Subtotal Amount,22712.50,0.95,"[550, 420, 620, 440]",437,2.19,2025-07-17 01:33:29,2025-07-17 01:34:54
GRN2352316.pdf,Swiggy,1,Discount Amount,0.00,0.95,"[450, 380, 500, 400]",437,2.19,2025-07-17 01:33:29,2025-07-17 01:34:54
GRN2352316.pdf,Swiggy,1,CGST Amount,0.00,0.95,"[550, 440, 600, 460]",437,2.19,2025-07-17 01:33:29,2025-07-17 01:34:54
GRN2352316.pdf,Swiggy,1,SGST Amount,0.00,0.95,"[550, 440, 600, 460]",437,2.19,2025-07-17 01:33:29,2025-07-17 01:34:54
GRN2352316.pdf,Swiggy,1,IGST Amount,0.00,0.95,"[550, 440, 600, 460]",437,2.19,2025-07-17 01:33:29,2025-07-17 01:34:54
GRN2352316.pdf,Swiggy,1,Cess Amount,0.00,0.95,"[550, 440, 600, 460]",437,2.19,2025-07-17 01:33:29,2025-07-17 01:34:54
GRN2352316.pdf,Swiggy,1,Additianal Cess Amount,0.00,0.95,"[550, 440, 600, 460]",437,2.19,2025-07-17 01:33:29,2025-07-17 01:34:54
MAY 25 MH.pdf,Swiggy,1,Invoice No,MH/2526/C/004596,0.95,"[450, 200, 600, 220]",437,2.19,2025-07-17 01:34:54,2025-07-17 01:36:21
MAY 25 MH.pdf,Swiggy,1,Invoice Date,06-Jun-2025,0.95,"[450, 260, 550, 280]",437,2.19,2025-07-17 01:34:54,2025-07-17 01:36:21
MAY 25 MH.pdf,Swiggy,1,Seller GSTIN,27AABCCS486C1ZR,0.95,"[350, 100, 480, 120]",437,2.19,2025-07-17 01:34:54,2025-07-17 01:36:21
MAY 25 MH.pdf,Swiggy,1,Seller Pan,AABCC5486C,0.95,"[350, 80, 450, 100]",437,2.19,2025-07-17 01:34:54,2025-07-17 01:36:21
MAY 25 MH.pdf,Swiggy,1,Seller Name,Carzonrent (India) Pvt. Ltd.,0.95,"[100, 80, 350, 120]",437,2.19,2025-07-17 01:34:54,2025-07-17 01:36:21
MAY 25 MH.pdf,Swiggy,1,Buyer GSTIN,29AAFCB7707D1ZQ,0.95,"[100, 300, 250, 320]",437,2.19,2025-07-17 01:34:54,2025-07-17 01:36:21
MAY 25 MH.pdf,Swiggy,1,Buyer Name,Swiggy Limited,0.95,"[100, 220, 250, 240]",437,2.19,2025-07-17 01:34:54,2025-07-17 01:36:21
MAY 25 MH.pdf,Swiggy,1,Buyer Pan,AAFCB7707D,0.95,"[100, 340, 200, 360]",437,2.19,2025-07-17 01:34:54,2025-07-17 01:36:21
MAY 25 MH.pdf,Swiggy,1,Ship to GSTIN,,0.0,"[0, 0, 0, 0]",437,2.19,2025-07-17 01:34:54,2025-07-17 01:36:21
MAY 25 MH.pdf,Swiggy,1,Ship to Name,,0.0,"[0, 0, 0, 0]",437,2.19,2025-07-17 01:34:54,2025-07-17 01:36:21
MAY 25 MH.pdf,Swiggy,1,Subtotal Amount,21127.8,0.95,"[550, 460, 620, 480]",437,2.19,2025-07-17 01:34:54,2025-07-17 01:36:21
MAY 25 MH.pdf,Swiggy,1,Discount Amount,0,0.0,"[0, 0, 0, 0]",437,2.19,2025-07-17 01:34:54,2025-07-17 01:36:21
MAY 25 MH.pdf,Swiggy,1,CGST Amount,0,0.0,"[0, 0, 0, 0]",437,2.19,2025-07-17 01:34:54,2025-07-17 01:36:21
MAY 25 MH.pdf,Swiggy,1,SGST Amount,0,0.0,"[0, 0, 0, 0]",437,2.19,2025-07-17 01:34:54,2025-07-17 01:36:21
MAY 25 MH.pdf,Swiggy,1,IGST Amount,1056.39,0.95,"[550, 480, 620, 500]",437,2.19,2025-07-17 01:34:54,2025-07-17 01:36:21
MAY 25 MH.pdf,Swiggy,1,Cess Amount,0,0.95,"[550, 500, 620, 520]",437,2.19,2025-07-17 01:34:54,2025-07-17 01:36:21
MAY 25 MH.pdf,Swiggy,1,Additianal Cess Amount,0,0.0,"[0, 0, 0, 0]",437,2.19,2025-07-17 01:34:54,2025-07-17 01:36:21
MAY 25 MH.pdf,Swiggy,2,Invoice No,MH/2526/C/004596,0.95,"[380, 10, 500, 30]",388,1.94,2025-07-17 01:34:54,2025-07-17 01:37:20
MAY 25 MH.pdf,Swiggy,2,Invoice Date,6/6/25,0.95,"[10, 10, 50, 30]",388,1.94,2025-07-17 01:34:54,2025-07-17 01:37:20
MAY 25 MH.pdf,Swiggy,2,Seller GSTIN,,0.0,[],388,1.94,2025-07-17 01:34:54,2025-07-17 01:37:20
MAY 25 MH.pdf,Swiggy,2,Seller Pan,,0.0,[],388,1.94,2025-07-17 01:34:54,2025-07-17 01:37:20
MAY 25 MH.pdf,Swiggy,2,Seller Name,,0.0,[],388,1.94,2025-07-17 01:34:54,2025-07-17 01:37:20
MAY 25 MH.pdf,Swiggy,2,Buyer GSTIN,,0.0,[],388,1.94,2025-07-17 01:34:54,2025-07-17 01:37:20
MAY 25 MH.pdf,Swiggy,2,Buyer Name,,0.0,[],388,1.94,2025-07-17 01:34:54,2025-07-17 01:37:20
MAY 25 MH.pdf,Swiggy,2,Buyer Pan,,0.0,[],388,1.94,2025-07-17 01:34:54,2025-07-17 01:37:20
MAY 25 MH.pdf,Swiggy,2,Ship to GSTIN,,0.0,[],388,1.94,2025-07-17 01:34:54,2025-07-17 01:37:20
MAY 25 MH.pdf,Swiggy,2,Ship to Name,,0.0,[],388,1.94,2025-07-17 01:34:54,2025-07-17 01:37:20
MAY 25 MH.pdf,Swiggy,2,Subtotal Amount,,0.0,[],388,1.94,2025-07-17 01:34:54,2025-07-17 01:37:20
MAY 25 MH.pdf,Swiggy,2,Discount Amount,,0.0,[],388,1.94,2025-07-17 01:34:54,2025-07-17 01:37:20
MAY 25 MH.pdf,Swiggy,2,CGST Amount,,0.0,[],388,1.94,2025-07-17 01:34:54,2025-07-17 01:37:20
MAY 25 MH.pdf,Swiggy,2,SGST Amount,,0.0,[],388,1.94,2025-07-17 01:34:54,2025-07-17 01:37:20
MAY 25 MH.pdf,Swiggy,2,IGST Amount,,0.0,[],388,1.94,2025-07-17 01:34:54,2025-07-17 01:37:20
MAY 25 MH.pdf,Swiggy,2,Cess Amount,,0.0,[],388,1.94,2025-07-17 01:34:54,2025-07-17 01:37:20
MAY 25 MH.pdf,Swiggy,2,Additianal Cess Amount,,0.0,[],388,1.94,2025-07-17 01:34:54,2025-07-17 01:37:20
GRN2550458.pdf,Swiggy,1,Invoice No,F21100018517/24,0.95,"[450, 100, 600, 120]",446,2.23,2025-07-17 01:37:20,2025-07-17 01:39:01
GRN2550458.pdf,Swiggy,1,Invoice Date,30.09.2024,0.95,"[450, 130, 550, 150]",446,2.23,2025-07-17 01:37:20,2025-07-17 01:39:01
GRN2550458.pdf,Swiggy,1,Seller GSTIN,29AAECN1546M1Z3,0.95,"[100, 200, 250, 220]",446,2.23,2025-07-17 01:37:20,2025-07-17 01:39:01
GRN2550458.pdf,Swiggy,1,Seller Pan,U01120KA2010PTC052035,0.95,"[100, 250, 300, 270]",446,2.23,2025-07-17 01:37:20,2025-07-17 01:39:01
GRN2550458.pdf,Swiggy,1,Seller Name,Dairy Tales Namdhari Pvt. Ltd.,0.95,"[100, 100, 300, 120]",446,2.23,2025-07-17 01:37:20,2025-07-17 01:39:01
GRN2550458.pdf,Swiggy,1,Buyer GSTIN,29AAFCB7707D1ZQ,0.95,"[100, 350, 250, 370]",446,2.23,2025-07-17 01:37:20,2025-07-17 01:39:01
GRN2550458.pdf,Swiggy,1,Buyer Name,Bundl Technologies Pvt Ltd (HO),0.95,"[100, 320, 300, 340]",446,2.23,2025-07-17 01:37:20,2025-07-17 01:39:01
GRN2550458.pdf,Swiggy,1,Buyer Pan,,0.0,"[0, 0, 0, 0]",446,2.23,2025-07-17 01:37:20,2025-07-17 01:39:01
GRN2550458.pdf,Swiggy,1,Ship to GSTIN,29AAFCB7707D1ZQ,0.95,"[450, 350, 600, 370]",446,2.23,2025-07-17 01:37:20,2025-07-17 01:39:01
GRN2550458.pdf,Swiggy,1,Ship to Name,Bundl Technologies Pvt Ltd - Yelahanka,0.95,"[450, 320, 650, 340]",446,2.23,2025-07-17 01:37:20,2025-07-17 01:39:01
GRN2550458.pdf,Swiggy,1,Subtotal Amount,153.59,0.95,"[550, 550, 600, 570]",446,2.23,2025-07-17 01:37:20,2025-07-17 01:39:01
GRN2550458.pdf,Swiggy,1,Discount Amount,0.00,0.95,"[550, 600, 600, 620]",446,2.23,2025-07-17 01:37:20,2025-07-17 01:39:01
GRN2550458.pdf,Swiggy,1,CGST Amount,0.00,0.95,"[550, 630, 600, 650]",446,2.23,2025-07-17 01:37:20,2025-07-17 01:39:01
GRN2550458.pdf,Swiggy,1,SGST Amount,0.00,0.95,"[550, 660, 600, 680]",446,2.23,2025-07-17 01:37:20,2025-07-17 01:39:01
GRN2550458.pdf,Swiggy,1,IGST Amount,0.00,0.95,"[550, 690, 600, 710]",446,2.23,2025-07-17 01:37:20,2025-07-17 01:39:01
GRN2550458.pdf,Swiggy,1,Cess Amount,0.00,0.95,"[550, 720, 600, 740]",446,2.23,2025-07-17 01:37:20,2025-07-17 01:39:01
GRN2550458.pdf,Swiggy,1,Additianal Cess Amount,0.00,0.95,"[550, 750, 600, 770]",446,2.23,2025-07-17 01:37:20,2025-07-17 01:39:01
GRN2550457.pdf,Swiggy,1,Invoice No,730400000657,0.95,"[290, 120, 420, 140]",439,2.19,2025-07-17 01:39:01,2025-07-17 01:40:40
GRN2550457.pdf,Swiggy,1,Invoice Date,30/09/2024,0.95,"[380, 100, 480, 120]",439,2.19,2025-07-17 01:39:01,2025-07-17 01:40:40
GRN2550457.pdf,Swiggy,1,Seller GSTIN,29AAICM3930G1ZD,0.95,"[550, 240, 680, 260]",439,2.19,2025-07-17 01:39:01,2025-07-17 01:40:40
GRN2550457.pdf,Swiggy,1,Seller Pan,AAICM3930G,0.95,"[550, 280, 640, 300]",439,2.19,2025-07-17 01:39:01,2025-07-17 01:40:40
GRN2550457.pdf,Swiggy,1,Seller Name,ID FRESH FOOD (INDIA) PVT LTD.,0.95,"[450, 180, 650, 220]",439,2.19,2025-07-17 01:39:01,2025-07-17 01:40:40
GRN2550457.pdf,Swiggy,1,Buyer GSTIN,29AAFCB7707D1ZQ,0.95,"[150, 240, 280, 260]",439,2.19,2025-07-17 01:39:01,2025-07-17 01:40:40
GRN2550457.pdf,Swiggy,1,Buyer Name,Swiggy Limited,0.95,"[100, 180, 250, 200]",439,2.19,2025-07-17 01:39:01,2025-07-17 01:40:40
GRN2550457.pdf,Swiggy,1,Buyer Pan,,0.0,"[0, 0, 0, 0]",439,2.19,2025-07-17 01:39:01,2025-07-17 01:40:40
GRN2550457.pdf,Swiggy,1,Ship to GSTIN,,0.0,"[0, 0, 0, 0]",439,2.19,2025-07-17 01:39:01,2025-07-17 01:40:40
GRN2550457.pdf,Swiggy,1,Ship to Name,,0.0,"[0, 0, 0, 0]",439,2.19,2025-07-17 01:39:01,2025-07-17 01:40:40
GRN2550457.pdf,Swiggy,1,Subtotal Amount,500.00,0.95,"[600, 560, 660, 580]",439,2.19,2025-07-17 01:39:01,2025-07-17 01:40:40
GRN2550457.pdf,Swiggy,1,Discount Amount,0.00,0.95,"[600, 600, 660, 620]",439,2.19,2025-07-17 01:39:01,2025-07-17 01:40:40
GRN2550457.pdf,Swiggy,1,CGST Amount,12.50,0.95,"[600, 580, 660, 600]",439,2.19,2025-07-17 01:39:01,2025-07-17 01:40:40
GRN2550457.pdf,Swiggy,1,SGST Amount,12.50,0.95,"[600, 580, 660, 600]",439,2.19,2025-07-17 01:39:01,2025-07-17 01:40:40
GRN2550457.pdf,Swiggy,1,IGST Amount,0.00,0.95,"[600, 580, 660, 600]",439,2.19,2025-07-17 01:39:01,2025-07-17 01:40:40
GRN2550457.pdf,Swiggy,1,Cess Amount,0.00,0.0,"[0, 0, 0, 0]",439,2.19,2025-07-17 01:39:01,2025-07-17 01:40:40
GRN2550457.pdf,Swiggy,1,Additianal Cess Amount,0.00,0.0,"[0, 0, 0, 0]",439,2.19,2025-07-17 01:39:01,2025-07-17 01:40:40
Apollo Medicine JUNE 2025 (1).pdf,Swiggy,1,Invoice No,SI-D523453511,0.95,"[460, 300, 580, 320]",437,2.19,2025-07-17 01:40:40,2025-07-17 01:42:21
Apollo Medicine JUNE 2025 (1).pdf,Swiggy,1,Invoice Date,13.06.2025,0.95,"[460, 280, 540, 300]",437,2.19,2025-07-17 01:40:40,2025-07-17 01:42:21
Apollo Medicine JUNE 2025 (1).pdf,Swiggy,1,Seller GSTIN,29AAPCA5954P1ZN,0.95,"[460, 320, 580, 340]",437,2.19,2025-07-17 01:40:40,2025-07-17 01:42:21
Apollo Medicine JUNE 2025 (1).pdf,Swiggy,1,Seller Pan,AAPCA5954P,0.95,"[460, 320, 580, 340]",437,2.19,2025-07-17 01:40:40,2025-07-17 01:42:21
Apollo Medicine JUNE 2025 (1).pdf,Swiggy,1,Seller Name,APOLLO PHARMACIES LIMITED,0.95,"[100, 100, 250, 120]",437,2.19,2025-07-17 01:40:40,2025-07-17 01:42:21
Apollo Medicine JUNE 2025 (1).pdf,Swiggy,1,Buyer GSTIN,29AFCB7707D1ZQ,0.95,"[550, 100, 650, 120]",437,2.19,2025-07-17 01:40:40,2025-07-17 01:42:21
Apollo Medicine JUNE 2025 (1).pdf,Swiggy,1,Buyer Name,SWIGGY LIMITED,0.95,"[550, 80, 650, 100]",437,2.19,2025-07-17 01:40:40,2025-07-17 01:42:21
Apollo Medicine JUNE 2025 (1).pdf,Swiggy,1,Buyer Pan,AFCB7707D,0.95,"[550, 100, 650, 120]",437,2.19,2025-07-17 01:40:40,2025-07-17 01:42:21
Apollo Medicine JUNE 2025 (1).pdf,Swiggy,1,Ship to GSTIN,,0.0,"[0, 0, 0, 0]",437,2.19,2025-07-17 01:40:40,2025-07-17 01:42:21
Apollo Medicine JUNE 2025 (1).pdf,Swiggy,1,Ship to Name,SWIGGY LIMITED,0.95,"[550, 80, 650, 100]",437,2.19,2025-07-17 01:40:40,2025-07-17 01:42:21
Apollo Medicine JUNE 2025 (1).pdf,Swiggy,1,Subtotal Amount,6035.00,0.95,"[600, 600, 650, 620]",437,2.19,2025-07-17 01:40:40,2025-07-17 01:42:21
Apollo Medicine JUNE 2025 (1).pdf,Swiggy,1,Discount Amount,0.00,0.0,"[0, 0, 0, 0]",437,2.19,2025-07-17 01:40:40,2025-07-17 01:42:21
Apollo Medicine JUNE 2025 (1).pdf,Swiggy,1,CGST Amount,0.00,0.0,"[0, 0, 0, 0]",437,2.19,2025-07-17 01:40:40,2025-07-17 01:42:21
Apollo Medicine JUNE 2025 (1).pdf,Swiggy,1,SGST Amount,0.00,0.0,"[0, 0, 0, 0]",437,2.19,2025-07-17 01:40:40,2025-07-17 01:42:21
Apollo Medicine JUNE 2025 (1).pdf,Swiggy,1,IGST Amount,4849.55,0.95,"[600, 620, 650, 640]",437,2.19,2025-07-17 01:40:40,2025-07-17 01:42:21
Apollo Medicine JUNE 2025 (1).pdf,Swiggy,1,Cess Amount,0.00,0.0,"[0, 0, 0, 0]",437,2.19,2025-07-17 01:40:40,2025-07-17 01:42:21
Apollo Medicine JUNE 2025 (1).pdf,Swiggy,1,Additianal Cess Amount,0.00,0.0,"[0, 0, 0, 0]",437,2.19,2025-07-17 01:40:40,2025-07-17 01:42:21
SSPL_138.pdf,Swiggy,1,Invoice No,SSPL/138/25-26,0.95,"[200, 300, 300, 320]",438,2.19,2025-07-17 01:42:21,2025-07-17 01:44:02
SSPL_138.pdf,Swiggy,1,Invoice Date,12.07.2025,0.95,"[200, 320, 300, 340]",438,2.19,2025-07-17 01:42:21,2025-07-17 01:44:02
SSPL_138.pdf,Swiggy,1,Seller GSTIN,19AAQCM5971R1Z6,0.95,"[100, 100, 250, 120]",438,2.19,2025-07-17 01:42:21,2025-07-17 01:44:02
SSPL_138.pdf,Swiggy,1,Seller Pan,AB-79,0.95,"[200, 150, 250, 170]",438,2.19,2025-07-17 01:42:21,2025-07-17 01:44:02
SSPL_138.pdf,Swiggy,1,Seller Name,MNS SECURE SOLUTION PVT. LTD.,0.95,"[100, 50, 500, 70]",438,2.19,2025-07-17 01:42:21,2025-07-17 01:44:02
SSPL_138.pdf,Swiggy,1,Buyer GSTIN,20AAFCB7707D128,0.95,"[100, 450, 250, 470]",438,2.19,2025-07-17 01:42:21,2025-07-17 01:44:02
SSPL_138.pdf,Swiggy,1,Buyer Name,Swiggy Limited,0.95,"[100, 400, 250, 420]",438,2.19,2025-07-17 01:42:21,2025-07-17 01:44:02
SSPL_138.pdf,Swiggy,1,Buyer Pan,,0.0,"[0, 0, 0, 0]",438,2.19,2025-07-17 01:42:21,2025-07-17 01:44:02
SSPL_138.pdf,Swiggy,1,Ship to GSTIN,,0.0,"[0, 0, 0, 0]",438,2.19,2025-07-17 01:42:21,2025-07-17 01:44:02
SSPL_138.pdf,Swiggy,1,Ship to Name,,0.0,"[0, 0, 0, 0]",438,2.19,2025-07-17 01:42:21,2025-07-17 01:44:02
SSPL_138.pdf,Swiggy,1,Subtotal Amount,9950.00,0.95,"[400, 650, 500, 670]",438,2.19,2025-07-17 01:42:21,2025-07-17 01:44:02
SSPL_138.pdf,Swiggy,1,Discount Amount,0.00,0.0,"[0, 0, 0, 0]",438,2.19,2025-07-17 01:42:21,2025-07-17 01:44:02
SSPL_138.pdf,Swiggy,1,CGST Amount,0.00,0.95,"[500, 670, 600, 690]",438,2.19,2025-07-17 01:42:21,2025-07-17 01:44:02
SSPL_138.pdf,Swiggy,1,SGST Amount,0.00,0.95,"[550, 670, 650, 690]",438,2.19,2025-07-17 01:42:21,2025-07-17 01:44:02
SSPL_138.pdf,Swiggy,1,IGST Amount,1791.00,0.95,"[600, 670, 700, 690]",438,2.19,2025-07-17 01:42:21,2025-07-17 01:44:02
SSPL_138.pdf,Swiggy,1,Cess Amount,0.00,0.0,"[0, 0, 0, 0]",438,2.19,2025-07-17 01:42:21,2025-07-17 01:44:02
SSPL_138.pdf,Swiggy,1,Additianal Cess Amount,0.00,0.0,"[0, 0, 0, 0]",438,2.19,2025-07-17 01:42:21,2025-07-17 01:44:02
GRN2352316(1).pdf,Swiggy,1,Invoice No,728,0.95,"[660, 50, 720, 70]",437,2.19,2025-07-17 01:44:02,2025-07-17 01:45:40
GRN2352316(1).pdf,Swiggy,1,Invoice Date,30 Sep 2024,0.95,"[550, 50, 640, 70]",437,2.19,2025-07-17 01:44:02,2025-07-17 01:45:40
GRN2352316(1).pdf,Swiggy,1,Seller GSTIN,29BOZPS2473H1Z3,0.95,"[0, 0, 150, 20]",437,2.19,2025-07-17 01:44:02,2025-07-17 01:45:40
GRN2352316(1).pdf,Swiggy,1,Seller Pan,,0.0,"[0, 0, 0, 0]",437,2.19,2025-07-17 01:44:02,2025-07-17 01:45:40
GRN2352316(1).pdf,Swiggy,1,Seller Name,Paradigm,0.95,"[50, 60, 150, 80]",437,2.19,2025-07-17 01:44:02,2025-07-17 01:45:40
GRN2352316(1).pdf,Swiggy,1,Buyer GSTIN,29AAFCB7707D1ZQ,0.95,"[200, 240, 350, 260]",437,2.19,2025-07-17 01:44:02,2025-07-17 01:45:40
GRN2352316(1).pdf,Swiggy,1,Buyer Name,Swiggy Limited,0.95,"[70, 120, 200, 140]",437,2.19,2025-07-17 01:44:02,2025-07-17 01:45:40
GRN2352316(1).pdf,Swiggy,1,Buyer Pan,,0.0,"[0, 0, 0, 0]",437,2.19,2025-07-17 01:44:02,2025-07-17 01:45:40
GRN2352316(1).pdf,Swiggy,1,Ship to GSTIN,,0.0,"[0, 0, 0, 0]",437,2.19,2025-07-17 01:44:02,2025-07-17 01:45:40
GRN2352316(1).pdf,Swiggy,1,Ship to Name,Swiggy Limited,0.95,"[400, 120, 530, 140]",437,2.19,2025-07-17 01:44:02,2025-07-17 01:45:40
GRN2352316(1).pdf,Swiggy,1,Subtotal Amount,22712.50,0.95,"[550, 420, 620, 440]",437,2.19,2025-07-17 01:44:02,2025-07-17 01:45:40
GRN2352316(1).pdf,Swiggy,1,Discount Amount,0.00,0.95,"[450, 380, 500, 400]",437,2.19,2025-07-17 01:44:02,2025-07-17 01:45:40
GRN2352316(1).pdf,Swiggy,1,CGST Amount,0.00,0.95,"[550, 440, 600, 460]",437,2.19,2025-07-17 01:44:02,2025-07-17 01:45:40
GRN2352316(1).pdf,Swiggy,1,SGST Amount,0.00,0.95,"[550, 440, 600, 460]",437,2.19,2025-07-17 01:44:02,2025-07-17 01:45:40
GRN2352316(1).pdf,Swiggy,1,IGST Amount,0.00,0.95,"[550, 440, 600, 460]",437,2.19,2025-07-17 01:44:02,2025-07-17 01:45:40
GRN2352316(1).pdf,Swiggy,1,Cess Amount,0.00,0.95,"[550, 440, 600, 460]",437,2.19,2025-07-17 01:44:02,2025-07-17 01:45:40
GRN2352316(1).pdf,Swiggy,1,Additianal Cess Amount,0.00,0.95,"[550, 440, 600, 460]",437,2.19,2025-07-17 01:44:02,2025-07-17 01:45:40
SWIGGY LIMITED_Jul 25_FMS Rental_Lease Rental_IND-214045.PDF,Swiggy,1,Invoice No,IND-214045,0.95,"[760, 100, 860, 120]",440,2.2,2025-07-17 01:45:40,2025-07-17 01:47:18
SWIGGY LIMITED_Jul 25_FMS Rental_Lease Rental_IND-214045.PDF,Swiggy,1,Invoice Date,01/07/2025,0.95,"[760, 140, 860, 160]",440,2.2,2025-07-17 01:45:40,2025-07-17 01:47:18
SWIGGY LIMITED_Jul 25_FMS Rental_Lease Rental_IND-214045.PDF,Swiggy,1,Seller GSTIN,27AAACM2931R3Z1,0.95,"[400, 100, 550, 120]",440,2.2,2025-07-17 01:45:40,2025-07-17 01:47:18
SWIGGY LIMITED_Jul 25_FMS Rental_Lease Rental_IND-214045.PDF,Swiggy,1,Seller Pan,AAACM2931R,0.95,"[400, 140, 500, 160]",440,2.2,2025-07-17 01:45:40,2025-07-17 01:47:18
SWIGGY LIMITED_Jul 25_FMS Rental_Lease Rental_IND-214045.PDF,Swiggy,1,Seller Name,Mahindra & Mahindra Financial Services Limited,0.95,"[400, 60, 700, 80]",440,2.2,2025-07-17 01:45:40,2025-07-17 01:47:18
SWIGGY LIMITED_Jul 25_FMS Rental_Lease Rental_IND-214045.PDF,Swiggy,1,Buyer GSTIN,29AAFCB7707D1ZQ,0.95,"[150, 180, 300, 200]",440,2.2,2025-07-17 01:45:40,2025-07-17 01:47:18
SWIGGY LIMITED_Jul 25_FMS Rental_Lease Rental_IND-214045.PDF,Swiggy,1,Buyer Name,SWIGGY LIMITED,0.95,"[150, 60, 300, 80]",440,2.2,2025-07-17 01:45:40,2025-07-17 01:47:18
SWIGGY LIMITED_Jul 25_FMS Rental_Lease Rental_IND-214045.PDF,Swiggy,1,Buyer Pan,AAFCB7707D,0.95,"[150, 220, 250, 240]",440,2.2,2025-07-17 01:45:40,2025-07-17 01:47:18
SWIGGY LIMITED_Jul 25_FMS Rental_Lease Rental_IND-214045.PDF,Swiggy,1,Ship to GSTIN,29AAFCB7707D1ZQ,0.95,"[150, 180, 300, 200]",440,2.2,2025-07-17 01:45:40,2025-07-17 01:47:18
SWIGGY LIMITED_Jul 25_FMS Rental_Lease Rental_IND-214045.PDF,Swiggy,1,Ship to Name,SWIGGY LIMITED,0.95,"[150, 60, 300, 80]",440,2.2,2025-07-17 01:45:40,2025-07-17 01:47:18
SWIGGY LIMITED_Jul 25_FMS Rental_Lease Rental_IND-214045.PDF,Swiggy,1,Subtotal Amount,13600.00,0.95,"[900, 660, 1000, 680]",440,2.2,2025-07-17 01:45:40,2025-07-17 01:47:18
SWIGGY LIMITED_Jul 25_FMS Rental_Lease Rental_IND-214045.PDF,Swiggy,1,Discount Amount,0.00,0.95,"[900, 680, 1000, 700]",440,2.2,2025-07-17 01:45:40,2025-07-17 01:47:18
SWIGGY LIMITED_Jul 25_FMS Rental_Lease Rental_IND-214045.PDF,Swiggy,1,CGST Amount,0.00,0.95,"[900, 700, 1000, 720]",440,2.2,2025-07-17 01:45:40,2025-07-17 01:47:18
SWIGGY LIMITED_Jul 25_FMS Rental_Lease Rental_IND-214045.PDF,Swiggy,1,SGST Amount,0.00,0.95,"[900, 720, 1000, 740]",440,2.2,2025-07-17 01:45:40,2025-07-17 01:47:18
SWIGGY LIMITED_Jul 25_FMS Rental_Lease Rental_IND-214045.PDF,Swiggy,1,IGST Amount,3235.56,0.95,"[900, 740, 1000, 760]",440,2.2,2025-07-17 01:45:40,2025-07-17 01:47:18
SWIGGY LIMITED_Jul 25_FMS Rental_Lease Rental_IND-214045.PDF,Swiggy,1,Cess Amount,0.00,0.95,"[900, 760, 1000, 780]",440,2.2,2025-07-17 01:45:40,2025-07-17 01:47:18
SWIGGY LIMITED_Jul 25_FMS Rental_Lease Rental_IND-214045.PDF,Swiggy,1,Additianal Cess Amount,0.00,0.95,"[900, 780, 1000, 800]",440,2.2,2025-07-17 01:45:40,2025-07-17 01:47:18
SWIGGY LIMITED_Jul 25_FMS Rental_Lease Rental_IND-214045.PDF,Swiggy,2,Invoice No,101572-16,0.95,"[100, 100, 170, 130]",435,2.17,2025-07-17 01:45:40,2025-07-17 01:48:48
SWIGGY LIMITED_Jul 25_FMS Rental_Lease Rental_IND-214045.PDF,Swiggy,2,Invoice Date,01/07/2025,0.95,"[300, 100, 370, 130]",435,2.17,2025-07-17 01:45:40,2025-07-17 01:48:48
SWIGGY LIMITED_Jul 25_FMS Rental_Lease Rental_IND-214045.PDF,Swiggy,2,Seller GSTIN,KAOSNK5021,0.95,"[170, 100, 240, 130]",435,2.17,2025-07-17 01:45:40,2025-07-17 01:48:48
SWIGGY LIMITED_Jul 25_FMS Rental_Lease Rental_IND-214045.PDF,Swiggy,2,Seller Pan,996749,0.95,"[50, 100, 100, 130]",435,2.17,2025-07-17 01:45:40,2025-07-17 01:48:48
SWIGGY LIMITED_Jul 25_FMS Rental_Lease Rental_IND-214045.PDF,Swiggy,2,Seller Name,FMS Rental,0.95,"[0, 100, 50, 130]",435,2.17,2025-07-17 01:45:40,2025-07-17 01:48:48
SWIGGY LIMITED_Jul 25_FMS Rental_Lease Rental_IND-214045.PDF,Swiggy,2,Buyer GSTIN,1018228,0.95,"[240, 100, 300, 130]",435,2.17,2025-07-17 01:45:40,2025-07-17 01:48:48
SWIGGY LIMITED_Jul 25_FMS Rental_Lease Rental_IND-214045.PDF,Swiggy,2,Buyer Name,MANIUNATH RAO,0.95,"[370, 100, 470, 130]",435,2.17,2025-07-17 01:45:40,2025-07-17 01:48:48
SWIGGY LIMITED_Jul 25_FMS Rental_Lease Rental_IND-214045.PDF,Swiggy,2,Buyer Pan,,0.0,"[0, 0, 0, 0]",435,2.17,2025-07-17 01:45:40,2025-07-17 01:48:48
SWIGGY LIMITED_Jul 25_FMS Rental_Lease Rental_IND-214045.PDF,Swiggy,2,Ship to GSTIN,,0.0,"[0, 0, 0, 0]",435,2.17,2025-07-17 01:45:40,2025-07-17 01:48:48
SWIGGY LIMITED_Jul 25_FMS Rental_Lease Rental_IND-214045.PDF,Swiggy,2,Ship to Name,,0.0,"[0, 0, 0, 0]",435,2.17,2025-07-17 01:45:40,2025-07-17 01:48:48
SWIGGY LIMITED_Jul 25_FMS Rental_Lease Rental_IND-214045.PDF,Swiggy,2,Subtotal Amount,2184.11,0.95,"[700, 100, 750, 130]",435,2.17,2025-07-17 01:45:40,2025-07-17 01:48:48
SWIGGY LIMITED_Jul 25_FMS Rental_Lease Rental_IND-214045.PDF,Swiggy,2,Discount Amount,0.00,0.95,"[750, 100, 800, 130]",435,2.17,2025-07-17 01:45:40,2025-07-17 01:48:48
SWIGGY LIMITED_Jul 25_FMS Rental_Lease Rental_IND-214045.PDF,Swiggy,2,CGST Amount,18.00,0.95,"[800, 100, 850, 130]",435,2.17,2025-07-17 01:45:40,2025-07-17 01:48:48
SWIGGY LIMITED_Jul 25_FMS Rental_Lease Rental_IND-214045.PDF,Swiggy,2,SGST Amount,333.17,0.95,"[850, 100, 900, 130]",435,2.17,2025-07-17 01:45:40,2025-07-17 01:48:48
SWIGGY LIMITED_Jul 25_FMS Rental_Lease Rental_IND-214045.PDF,Swiggy,2,IGST Amount,0.00,0.95,"[900, 100, 950, 130]",435,2.17,2025-07-17 01:45:40,2025-07-17 01:48:48
SWIGGY LIMITED_Jul 25_FMS Rental_Lease Rental_IND-214045.PDF,Swiggy,2,Cess Amount,0.00,0.95,"[950, 100, 1000, 130]",435,2.17,2025-07-17 01:45:40,2025-07-17 01:48:48
SWIGGY LIMITED_Jul 25_FMS Rental_Lease Rental_IND-214045.PDF,Swiggy,2,Additianal Cess Amount,0.00,0.95,"[1000, 100, 1050, 130]",435,2.17,2025-07-17 01:45:40,2025-07-17 01:48:48
SWIGGY LIMITED_Jul 25_FMS Rental_Lease Rental_IND-214045.PDF,Swiggy,3,Invoice No,20-33,0.95,"[10, 10, 60, 30]",468,2.34,2025-07-17 01:45:40,2025-07-17 01:50:35
SWIGGY LIMITED_Jul 25_FMS Rental_Lease Rental_IND-214045.PDF,Swiggy,3,Invoice Date,01/07/2025,0.95,"[200, 100, 280, 120]",468,2.34,2025-07-17 01:45:40,2025-07-17 01:50:35
SWIGGY LIMITED_Jul 25_FMS Rental_Lease Rental_IND-214045.PDF,Swiggy,3,Seller GSTIN,0101572-20 to 0101572-31,0.95,"[150, 10, 250, 30]",468,2.34,2025-07-17 01:45:40,2025-07-17 01:50:35
SWIGGY LIMITED_Jul 25_FMS Rental_Lease Rental_IND-214045.PDF,Swiggy,3,Seller Pan,"996749, 997319",0.95,"[10, 10, 80, 30]",468,2.34,2025-07-17 01:45:40,2025-07-17 01:50:35
SWIGGY LIMITED_Jul 25_FMS Rental_Lease Rental_IND-214045.PDF,Swiggy,3,Seller Name,"FMS Rental, Lease Rental",0.95,"[90, 10, 150, 30]",468,2.34,2025-07-17 01:45:40,2025-07-17 01:50:35
SWIGGY LIMITED_Jul 25_FMS Rental_Lease Rental_IND-214045.PDF,Swiggy,3,Buyer GSTIN,"1621593, 1646284, 1631662, 1642712, 1631569, 1218183, 1644341",0.95,"[300, 10, 400, 30]",468,2.34,2025-07-17 01:45:40,2025-07-17 01:50:35
SWIGGY LIMITED_Jul 25_FMS Rental_Lease Rental_IND-214045.PDF,Swiggy,3,Buyer Name,"MEHUL SHARAD SHAH, BHARAT ARORA, RACHIT BHALLA, DOLLY SUREKA, PRASHANT KUMAR, PRAKASH AGRAWAL, SRINGARAM MAHESH, VIPUL KAPOOR",0.95,"[450, 10, 650, 30]",468,2.34,2025-07-17 01:45:40,2025-07-17 01:50:35
SWIGGY LIMITED_Jul 25_FMS Rental_Lease Rental_IND-214045.PDF,Swiggy,3,Buyer Pan,"MH47BT3820, 24BH4P1291, HRS1CP3148, 24BH1452K, UP16EM7212, KA01ND1251, TG09C0574, DLBCB1414",0.95,"[250, 10, 350, 30]",468,2.34,2025-07-17 01:45:40,2025-07-17 01:50:35
SWIGGY LIMITED_Jul 25_FMS Rental_Lease Rental_IND-214045.PDF,Swiggy,3,Ship to GSTIN,,0.0,"[0, 0, 0, 0]",468,2.34,2025-07-17 01:45:40,2025-07-17 01:50:35
SWIGGY LIMITED_Jul 25_FMS Rental_Lease Rental_IND-214045.PDF,Swiggy,3,Ship to Name,,0.0,"[0, 0, 0, 0]",468,2.34,2025-07-17 01:45:40,2025-07-17 01:50:35
SWIGGY LIMITED_Jul 25_FMS Rental_Lease Rental_IND-214045.PDF,Swiggy,3,Subtotal Amount,27792.96,0.95,"[650, 500, 700, 520]",468,2.34,2025-07-17 01:45:40,2025-07-17 01:50:35
SWIGGY LIMITED_Jul 25_FMS Rental_Lease Rental_IND-214045.PDF,Swiggy,3,Discount Amount,0.00,0.95,"[700, 500, 750, 520]",468,2.34,2025-07-17 01:45:40,2025-07-17 01:50:35
SWIGGY LIMITED_Jul 25_FMS Rental_Lease Rental_IND-214045.PDF,Swiggy,3,CGST Amount,0.00,0.95,"[750, 500, 800, 520]",468,2.34,2025-07-17 01:45:40,2025-07-17 01:50:35
SWIGGY LIMITED_Jul 25_FMS Rental_Lease Rental_IND-214045.PDF,Swiggy,3,SGST Amount,0.00,0.95,"[800, 500, 850, 520]",468,2.34,2025-07-17 01:45:40,2025-07-17 01:50:35
SWIGGY LIMITED_Jul 25_FMS Rental_Lease Rental_IND-214045.PDF,Swiggy,3,IGST Amount,5546.59,0.95,"[850, 500, 900, 520]",468,2.34,2025-07-17 01:45:40,2025-07-17 01:50:35
SWIGGY LIMITED_Jul 25_FMS Rental_Lease Rental_IND-214045.PDF,Swiggy,3,Cess Amount,0.00,0.95,"[900, 500, 950, 520]",468,2.34,2025-07-17 01:45:40,2025-07-17 01:50:35
SWIGGY LIMITED_Jul 25_FMS Rental_Lease Rental_IND-214045.PDF,Swiggy,3,Additianal Cess Amount,0.00,0.95,"[950, 500, 1000, 520]",468,2.34,2025-07-17 01:45:40,2025-07-17 01:50:35
SWIGGY LIMITED_Jul 25_FMS Rental_Lease Rental_IND-214045.PDF,Swiggy,4,Invoice No,34-47,0.95,"[1, 1, 100, 20]",436,2.18,2025-07-17 01:45:40,2025-07-17 01:52:06
SWIGGY LIMITED_Jul 25_FMS Rental_Lease Rental_IND-214045.PDF,Swiggy,4,Invoice Date,01/07/2025,0.95,"[100, 1, 200, 20]",436,2.18,2025-07-17 01:45:40,2025-07-17 01:52:06
SWIGGY LIMITED_Jul 25_FMS Rental_Lease Rental_IND-214045.PDF,Swiggy,4,Seller GSTIN,24ABSJP6701R1ZS,0.95,"[200, 1, 300, 20]",436,2.18,2025-07-17 01:45:40,2025-07-17 01:52:06
SWIGGY LIMITED_Jul 25_FMS Rental_Lease Rental_IND-214045.PDF,Swiggy,4,Seller Pan,AASCA1234E,0.95,"[300, 1, 400, 20]",436,2.18,2025-07-17 01:45:40,2025-07-17 01:52:06
SWIGGY LIMITED_Jul 25_FMS Rental_Lease Rental_IND-214045.PDF,Swiggy,4,Seller Name,FMS Rental,0.95,"[400, 1, 500, 20]",436,2.18,2025-07-17 01:45:40,2025-07-17 01:52:06
SWIGGY LIMITED_Jul 25_FMS Rental_Lease Rental_IND-214045.PDF,Swiggy,4,Buyer GSTIN,24ABSJP6701R1ZS,0.95,"[500, 1, 600, 20]",436,2.18,2025-07-17 01:45:40,2025-07-17 01:52:06
SWIGGY LIMITED_Jul 25_FMS Rental_Lease Rental_IND-214045.PDF,Swiggy,4,Buyer Name,VIPUL KAPOOR,0.95,"[600, 1, 700, 20]",436,2.18,2025-07-17 01:45:40,2025-07-17 01:52:06
SWIGGY LIMITED_Jul 25_FMS Rental_Lease Rental_IND-214045.PDF,Swiggy,4,Buyer Pan,DLBCB1414,0.95,"[700, 1, 800, 20]",436,2.18,2025-07-17 01:45:40,2025-07-17 01:52:06
SWIGGY LIMITED_Jul 25_FMS Rental_Lease Rental_IND-214045.PDF,Swiggy,4,Ship to GSTIN,24ABSJP6701R1ZS,0.95,"[800, 1, 900, 20]",436,2.18,2025-07-17 01:45:40,2025-07-17 01:52:06
SWIGGY LIMITED_Jul 25_FMS Rental_Lease Rental_IND-214045.PDF,Swiggy,4,Ship to Name,VIPUL KAPOOR,0.95,"[900, 1, 1000, 20]",436,2.18,2025-07-17 01:45:40,2025-07-17 01:52:06
SWIGGY LIMITED_Jul 25_FMS Rental_Lease Rental_IND-214045.PDF,Swiggy,4,Subtotal Amount,4878.85,0.95,"[1000, 1, 1100, 20]",436,2.18,2025-07-17 01:45:40,2025-07-17 01:52:06
SWIGGY LIMITED_Jul 25_FMS Rental_Lease Rental_IND-214045.PDF,Swiggy,4,Discount Amount,0.00,0.95,"[1100, 1, 1200, 20]",436,2.18,2025-07-17 01:45:40,2025-07-17 01:52:06
SWIGGY LIMITED_Jul 25_FMS Rental_Lease Rental_IND-214045.PDF,Swiggy,4,CGST Amount,0.00,0.95,"[1200, 1, 1300, 20]",436,2.18,2025-07-17 01:45:40,2025-07-17 01:52:06
SWIGGY LIMITED_Jul 25_FMS Rental_Lease Rental_IND-214045.PDF,Swiggy,4,SGST Amount,0.00,0.95,"[1300, 1, 1400, 20]",436,2.18,2025-07-17 01:45:40,2025-07-17 01:52:06
SWIGGY LIMITED_Jul 25_FMS Rental_Lease Rental_IND-214045.PDF,Swiggy,4,IGST Amount,0.00,0.95,"[1400, 1, 1500, 20]",436,2.18,2025-07-17 01:45:40,2025-07-17 01:52:06
SWIGGY LIMITED_Jul 25_FMS Rental_Lease Rental_IND-214045.PDF,Swiggy,4,Cess Amount,0.00,0.95,"[1500, 1, 1600, 20]",436,2.18,2025-07-17 01:45:40,2025-07-17 01:52:06
SWIGGY LIMITED_Jul 25_FMS Rental_Lease Rental_IND-214045.PDF,Swiggy,4,Additianal Cess Amount,0.00,0.95,"[1600, 1, 1700, 20]",436,2.18,2025-07-17 01:45:40,2025-07-17 01:52:06
SWIGGY LIMITED_Jul 25_FMS Rental_Lease Rental_IND-214045.PDF,Swiggy,5,Invoice No,,0.0,[],382,1.91,2025-07-17 01:45:40,2025-07-17 01:52:55
SWIGGY LIMITED_Jul 25_FMS Rental_Lease Rental_IND-214045.PDF,Swiggy,5,Invoice Date,,0.0,[],382,1.91,2025-07-17 01:45:40,2025-07-17 01:52:55
SWIGGY LIMITED_Jul 25_FMS Rental_Lease Rental_IND-214045.PDF,Swiggy,5,Seller GSTIN,,0.0,[],382,1.91,2025-07-17 01:45:40,2025-07-17 01:52:55
SWIGGY LIMITED_Jul 25_FMS Rental_Lease Rental_IND-214045.PDF,Swiggy,5,Seller Pan,,0.0,[],382,1.91,2025-07-17 01:45:40,2025-07-17 01:52:55
SWIGGY LIMITED_Jul 25_FMS Rental_Lease Rental_IND-214045.PDF,Swiggy,5,Seller Name,,0.0,[],382,1.91,2025-07-17 01:45:40,2025-07-17 01:52:55
SWIGGY LIMITED_Jul 25_FMS Rental_Lease Rental_IND-214045.PDF,Swiggy,5,Buyer GSTIN,,0.0,[],382,1.91,2025-07-17 01:45:40,2025-07-17 01:52:55
SWIGGY LIMITED_Jul 25_FMS Rental_Lease Rental_IND-214045.PDF,Swiggy,5,Buyer Name,,0.0,[],382,1.91,2025-07-17 01:45:40,2025-07-17 01:52:55
SWIGGY LIMITED_Jul 25_FMS Rental_Lease Rental_IND-214045.PDF,Swiggy,5,Buyer Pan,,0.0,[],382,1.91,2025-07-17 01:45:40,2025-07-17 01:52:55
SWIGGY LIMITED_Jul 25_FMS Rental_Lease Rental_IND-214045.PDF,Swiggy,5,Ship to GSTIN,,0.0,[],382,1.91,2025-07-17 01:45:40,2025-07-17 01:52:55
SWIGGY LIMITED_Jul 25_FMS Rental_Lease Rental_IND-214045.PDF,Swiggy,5,Ship to Name,,0.0,[],382,1.91,2025-07-17 01:45:40,2025-07-17 01:52:55
SWIGGY LIMITED_Jul 25_FMS Rental_Lease Rental_IND-214045.PDF,Swiggy,5,Subtotal Amount,,0.0,[],382,1.91,2025-07-17 01:45:40,2025-07-17 01:52:55
SWIGGY LIMITED_Jul 25_FMS Rental_Lease Rental_IND-214045.PDF,Swiggy,5,Discount Amount,,0.0,[],382,1.91,2025-07-17 01:45:40,2025-07-17 01:52:55
SWIGGY LIMITED_Jul 25_FMS Rental_Lease Rental_IND-214045.PDF,Swiggy,5,CGST Amount,,0.0,[],382,1.91,2025-07-17 01:45:40,2025-07-17 01:52:55
SWIGGY LIMITED_Jul 25_FMS Rental_Lease Rental_IND-214045.PDF,Swiggy,5,SGST Amount,,0.0,[],382,1.91,2025-07-17 01:45:40,2025-07-17 01:52:55
SWIGGY LIMITED_Jul 25_FMS Rental_Lease Rental_IND-214045.PDF,Swiggy,5,IGST Amount,,0.0,[],382,1.91,2025-07-17 01:45:40,2025-07-17 01:52:55
SWIGGY LIMITED_Jul 25_FMS Rental_Lease Rental_IND-214045.PDF,Swiggy,5,Cess Amount,,0.0,[],382,1.91,2025-07-17 01:45:40,2025-07-17 01:52:55
SWIGGY LIMITED_Jul 25_FMS Rental_Lease Rental_IND-214045.PDF,Swiggy,5,Additianal Cess Amount,,0.0,[],382,1.91,2025-07-17 01:45:40,2025-07-17 01:52:55
SWIGGY LIMITED_Jul 25_FMS Rental_Lease Rental_IND-214045.PDF,Swiggy,6,Invoice No,996749,0.95,"[10, 10, 60, 30]",439,2.19,2025-07-17 01:45:40,2025-07-17 01:54:28
SWIGGY LIMITED_Jul 25_FMS Rental_Lease Rental_IND-214045.PDF,Swiggy,6,Invoice Date,01/07/2025,0.95,"[280, 10, 350, 30]",439,2.19,2025-07-17 01:45:40,2025-07-17 01:54:28
SWIGGY LIMITED_Jul 25_FMS Rental_Lease Rental_IND-214045.PDF,Swiggy,6,Seller GSTIN,101572-45,0.95,"[160, 10, 230, 30]",439,2.19,2025-07-17 01:45:40,2025-07-17 01:54:28
SWIGGY LIMITED_Jul 25_FMS Rental_Lease Rental_IND-214045.PDF,Swiggy,6,Seller Pan,1646759,0.95,"[240, 10, 300, 30]",439,2.19,2025-07-17 01:45:40,2025-07-17 01:54:28
SWIGGY LIMITED_Jul 25_FMS Rental_Lease Rental_IND-214045.PDF,Swiggy,6,Seller Name,Kurnala Hivamant Srikrishna,0.95,"[310, 10, 500, 30]",439,2.19,2025-07-17 01:45:40,2025-07-17 01:54:28
SWIGGY LIMITED_Jul 25_FMS Rental_Lease Rental_IND-214045.PDF,Swiggy,6,Buyer GSTIN,101572-45,0.95,"[160, 50, 230, 70]",439,2.19,2025-07-17 01:45:40,2025-07-17 01:54:28
SWIGGY LIMITED_Jul 25_FMS Rental_Lease Rental_IND-214045.PDF,Swiggy,6,Buyer Name,Kurnala Hivamant Srikrishna,0.95,"[310, 50, 500, 70]",439,2.19,2025-07-17 01:45:40,2025-07-17 01:54:28
SWIGGY LIMITED_Jul 25_FMS Rental_Lease Rental_IND-214045.PDF,Swiggy,6,Buyer Pan,1646759,0.95,"[240, 50, 300, 70]",439,2.19,2025-07-17 01:45:40,2025-07-17 01:54:28
SWIGGY LIMITED_Jul 25_FMS Rental_Lease Rental_IND-214045.PDF,Swiggy,6,Ship to GSTIN,101572-45,0.95,"[160, 90, 230, 110]",439,2.19,2025-07-17 01:45:40,2025-07-17 01:54:28
SWIGGY LIMITED_Jul 25_FMS Rental_Lease Rental_IND-214045.PDF,Swiggy,6,Ship to Name,Kurnala Hivamant Srikrishna,0.95,"[310, 90, 500, 110]",439,2.19,2025-07-17 01:45:40,2025-07-17 01:54:28
SWIGGY LIMITED_Jul 25_FMS Rental_Lease Rental_IND-214045.PDF,Swiggy,6,Subtotal Amount,7858.37,0.95,"[650, 50, 710, 70]",439,2.19,2025-07-17 01:45:40,2025-07-17 01:54:28
SWIGGY LIMITED_Jul 25_FMS Rental_Lease Rental_IND-214045.PDF,Swiggy,6,Discount Amount,0.00,0.95,"[720, 50, 780, 70]",439,2.19,2025-07-17 01:45:40,2025-07-17 01:54:28
SWIGGY LIMITED_Jul 25_FMS Rental_Lease Rental_IND-214045.PDF,Swiggy,6,CGST Amount,0.00,0.95,"[790, 50, 850, 70]",439,2.19,2025-07-17 01:45:40,2025-07-17 01:54:28
SWIGGY LIMITED_Jul 25_FMS Rental_Lease Rental_IND-214045.PDF,Swiggy,6,SGST Amount,0.00,0.95,"[860, 50, 920, 70]",439,2.19,2025-07-17 01:45:40,2025-07-17 01:54:28
SWIGGY LIMITED_Jul 25_FMS Rental_Lease Rental_IND-214045.PDF,Swiggy,6,IGST Amount,1414.51,0.95,"[930, 50, 990, 70]",439,2.19,2025-07-17 01:45:40,2025-07-17 01:54:28
SWIGGY LIMITED_Jul 25_FMS Rental_Lease Rental_IND-214045.PDF,Swiggy,6,Cess Amount,0.00,0.95,"[1000, 50, 1060, 70]",439,2.19,2025-07-17 01:45:40,2025-07-17 01:54:28
SWIGGY LIMITED_Jul 25_FMS Rental_Lease Rental_IND-214045.PDF,Swiggy,6,Additianal Cess Amount,0.00,0.95,"[1070, 50, 1130, 70]",439,2.19,2025-07-17 01:45:40,2025-07-17 01:54:28
SWIGGY LIMITED_Jul 25_FMS Rental_Lease Rental_IND-214045.PDF,Swiggy,7,Invoice No,74,0.95,"[10, 10, 40, 30]",438,2.19,2025-07-17 01:45:40,2025-07-17 01:56:02
SWIGGY LIMITED_Jul 25_FMS Rental_Lease Rental_IND-214045.PDF,Swiggy,7,Invoice Date,01/07/2025,0.95,"[250, 100, 320, 120]",438,2.19,2025-07-17 01:45:40,2025-07-17 01:56:02
SWIGGY LIMITED_Jul 25_FMS Rental_Lease Rental_IND-214045.PDF,Swiggy,7,Seller GSTIN,09AADFC3824G1ZI,0.95,"[10, 50, 100, 70]",438,2.19,2025-07-17 01:45:40,2025-07-17 01:56:02
SWIGGY LIMITED_Jul 25_FMS Rental_Lease Rental_IND-214045.PDF,Swiggy,7,Seller Pan,AADFC3824G,0.95,"[10, 70, 100, 90]",438,2.19,2025-07-17 01:45:40,2025-07-17 01:56:02
SWIGGY LIMITED_Jul 25_FMS Rental_Lease Rental_IND-214045.PDF,Swiggy,7,Seller Name,FMS Rental,0.95,"[10, 30, 100, 50]",438,2.19,2025-07-17 01:45:40,2025-07-17 01:56:02
SWIGGY LIMITED_Jul 25_FMS Rental_Lease Rental_IND-214045.PDF,Swiggy,7,Buyer GSTIN,27AAACF2868G1ZI,0.95,"[10, 130, 100, 150]",438,2.19,2025-07-17 01:45:40,2025-07-17 01:56:02
SWIGGY LIMITED_Jul 25_FMS Rental_Lease Rental_IND-214045.PDF,Swiggy,7,Buyer Name,M T Muthuraj,0.95,"[250, 100, 320, 120]",438,2.19,2025-07-17 01:45:40,2025-07-17 01:56:02
SWIGGY LIMITED_Jul 25_FMS Rental_Lease Rental_IND-214045.PDF,Swiggy,7,Buyer Pan,AAACF2868G,0.95,"[10, 150, 100, 170]",438,2.19,2025-07-17 01:45:40,2025-07-17 01:56:02
SWIGGY LIMITED_Jul 25_FMS Rental_Lease Rental_IND-214045.PDF,Swiggy,7,Ship to GSTIN,27AAACF2868G1ZI,0.95,"[10, 190, 100, 210]",438,2.19,2025-07-17 01:45:40,2025-07-17 01:56:02
SWIGGY LIMITED_Jul 25_FMS Rental_Lease Rental_IND-214045.PDF,Swiggy,7,Ship to Name,M T Muthuraj,0.95,"[250, 170, 320, 190]",438,2.19,2025-07-17 01:45:40,2025-07-17 01:56:02
SWIGGY LIMITED_Jul 25_FMS Rental_Lease Rental_IND-214045.PDF,Swiggy,7,Subtotal Amount,7233.01,0.95,"[600, 100, 650, 120]",438,2.19,2025-07-17 01:45:40,2025-07-17 01:56:02
SWIGGY LIMITED_Jul 25_FMS Rental_Lease Rental_IND-214045.PDF,Swiggy,7,Discount Amount,0.00,0.95,"[660, 100, 710, 120]",438,2.19,2025-07-17 01:45:40,2025-07-17 01:56:02
SWIGGY LIMITED_Jul 25_FMS Rental_Lease Rental_IND-214045.PDF,Swiggy,7,CGST Amount,0.00,0.95,"[720, 100, 770, 120]",438,2.19,2025-07-17 01:45:40,2025-07-17 01:56:02
SWIGGY LIMITED_Jul 25_FMS Rental_Lease Rental_IND-214045.PDF,Swiggy,7,SGST Amount,0.00,0.95,"[780, 100, 830, 120]",438,2.19,2025-07-17 01:45:40,2025-07-17 01:56:02
SWIGGY LIMITED_Jul 25_FMS Rental_Lease Rental_IND-214045.PDF,Swiggy,7,IGST Amount,1301.94,0.95,"[840, 100, 890, 120]",438,2.19,2025-07-17 01:45:40,2025-07-17 01:56:02
SWIGGY LIMITED_Jul 25_FMS Rental_Lease Rental_IND-214045.PDF,Swiggy,7,Cess Amount,0.00,0.95,"[900, 100, 950, 120]",438,2.19,2025-07-17 01:45:40,2025-07-17 01:56:02
SWIGGY LIMITED_Jul 25_FMS Rental_Lease Rental_IND-214045.PDF,Swiggy,7,Additianal Cess Amount,0.00,0.95,"[960, 100, 1010, 120]",438,2.19,2025-07-17 01:45:40,2025-07-17 01:56:02
SWIGGY LIMITED_Jul 25_FMS Rental_Lease Rental_IND-214045.PDF,Swiggy,8,Invoice No,85,0.95,"[10, 160, 50, 190]",439,2.19,2025-07-17 01:45:40,2025-07-17 01:57:24
SWIGGY LIMITED_Jul 25_FMS Rental_Lease Rental_IND-214045.PDF,Swiggy,8,Invoice Date,01/07/2025,0.95,"[300, 160, 380, 190]",439,2.19,2025-07-17 01:45:40,2025-07-17 01:57:24
SWIGGY LIMITED_Jul 25_FMS Rental_Lease Rental_IND-214045.PDF,Swiggy,8,Seller GSTIN,27AABCM3784R1ZI,0.0,"[0, 0, 0, 0]",439,2.19,2025-07-17 01:45:40,2025-07-17 01:57:24
SWIGGY LIMITED_Jul 25_FMS Rental_Lease Rental_IND-214045.PDF,Swiggy,8,Seller Pan,AABCM3784R,0.0,"[0, 0, 0, 0]",439,2.19,2025-07-17 01:45:40,2025-07-17 01:57:24
SWIGGY LIMITED_Jul 25_FMS Rental_Lease Rental_IND-214045.PDF,Swiggy,8,Seller Name,Mahindra & Mahindra Financial Services Limited,0.0,"[0, 0, 0, 0]",439,2.19,2025-07-17 01:45:40,2025-07-17 01:57:24
SWIGGY LIMITED_Jul 25_FMS Rental_Lease Rental_IND-214045.PDF,Swiggy,8,Buyer GSTIN,09AJXPK6274P1ZI,0.0,"[0, 0, 0, 0]",439,2.19,2025-07-17 01:45:40,2025-07-17 01:57:24
SWIGGY LIMITED_Jul 25_FMS Rental_Lease Rental_IND-214045.PDF,Swiggy,8,Buyer Name,Shubham Choubey,0.95,"[250, 160, 350, 190]",439,2.19,2025-07-17 01:45:40,2025-07-17 01:57:24
SWIGGY LIMITED_Jul 25_FMS Rental_Lease Rental_IND-214045.PDF,Swiggy,8,Buyer Pan,09AJXPK6274P,0.0,"[0, 0, 0, 0]",439,2.19,2025-07-17 01:45:40,2025-07-17 01:57:24
SWIGGY LIMITED_Jul 25_FMS Rental_Lease Rental_IND-214045.PDF,Swiggy,8,Ship to GSTIN,,0.0,"[0, 0, 0, 0]",439,2.19,2025-07-17 01:45:40,2025-07-17 01:57:24
SWIGGY LIMITED_Jul 25_FMS Rental_Lease Rental_IND-214045.PDF,Swiggy,8,Ship to Name,,0.0,"[0, 0, 0, 0]",439,2.19,2025-07-17 01:45:40,2025-07-17 01:57:24
SWIGGY LIMITED_Jul 25_FMS Rental_Lease Rental_IND-214045.PDF,Swiggy,8,Subtotal Amount,3405393.35,0.95,"[750, 400, 850, 430]",439,2.19,2025-07-17 01:45:40,2025-07-17 01:57:24
SWIGGY LIMITED_Jul 25_FMS Rental_Lease Rental_IND-214045.PDF,Swiggy,8,Discount Amount,0.00,0.0,"[0, 0, 0, 0]",439,2.19,2025-07-17 01:45:40,2025-07-17 01:57:24
SWIGGY LIMITED_Jul 25_FMS Rental_Lease Rental_IND-214045.PDF,Swiggy,8,CGST Amount,0.00,0.0,"[0, 0, 0, 0]",439,2.19,2025-07-17 01:45:40,2025-07-17 01:57:24
SWIGGY LIMITED_Jul 25_FMS Rental_Lease Rental_IND-214045.PDF,Swiggy,8,SGST Amount,0.00,0.0,"[0, 0, 0, 0]",439,2.19,2025-07-17 01:45:40,2025-07-17 01:57:24
SWIGGY LIMITED_Jul 25_FMS Rental_Lease Rental_IND-214045.PDF,Swiggy,8,IGST Amount,0.00,0.0,"[0, 0, 0, 0]",439,2.19,2025-07-17 01:45:40,2025-07-17 01:57:24
SWIGGY LIMITED_Jul 25_FMS Rental_Lease Rental_IND-214045.PDF,Swiggy,8,Cess Amount,0.00,0.0,"[0, 0, 0, 0]",439,2.19,2025-07-17 01:45:40,2025-07-17 01:57:24
SWIGGY LIMITED_Jul 25_FMS Rental_Lease Rental_IND-214045.PDF,Swiggy,8,Additianal Cess Amount,0.00,0.0,"[0, 0, 0, 0]",439,2.19,2025-07-17 01:45:40,2025-07-17 01:57:24
2928_001 (1).pdf,Swiggy,1,Invoice No,605,0.95,"[100, 250, 150, 270]",417,2.08,2025-07-17 01:57:24,2025-07-17 01:58:51
2928_001 (1).pdf,Swiggy,1,Invoice Date,31/05/2025,0.95,"[450, 200, 550, 220]",417,2.08,2025-07-17 01:57:24,2025-07-17 01:58:51
2928_001 (1).pdf,Swiggy,1,Seller GSTIN,29AESFS9239R1ZI,0.95,"[10, 20, 150, 40]",417,2.08,2025-07-17 01:57:24,2025-07-17 01:58:51
2928_001 (1).pdf,Swiggy,1,Seller Pan,AESFS9239R,0.95,"[10, 40, 100, 60]",417,2.08,2025-07-17 01:57:24,2025-07-17 01:58:51
2928_001 (1).pdf,Swiggy,1,Seller Name,SUM ENTERPRISES,0.95,"[150, 100, 400, 140]",417,2.08,2025-07-17 01:57:24,2025-07-17 01:58:51
2928_001 (1).pdf,Swiggy,1,Buyer GSTIN,29AAFCT7707D1ZQ,0.95,"[400, 320, 580, 340]",417,2.08,2025-07-17 01:57:24,2025-07-17 01:58:51
2928_001 (1).pdf,Swiggy,1,Buyer Name,Swiggy Limited,0.95,"[100, 300, 250, 320]",417,2.08,2025-07-17 01:57:24,2025-07-17 01:58:51
2928_001 (1).pdf,Swiggy,1,Buyer Pan,,0.0,[],417,2.08,2025-07-17 01:57:24,2025-07-17 01:58:51
2928_001 (1).pdf,Swiggy,1,Ship to GSTIN,,0.0,[],417,2.08,2025-07-17 01:57:24,2025-07-17 01:58:51
2928_001 (1).pdf,Swiggy,1,Ship to Name,,0.0,[],417,2.08,2025-07-17 01:57:24,2025-07-17 01:58:51
2928_001 (1).pdf,Swiggy,1,Subtotal Amount,"12,000",0.95,"[500, 550, 580, 570]",417,2.08,2025-07-17 01:57:24,2025-07-17 01:58:51
2928_001 (1).pdf,Swiggy,1,Discount Amount,0,0.0,[],417,2.08,2025-07-17 01:57:24,2025-07-17 01:58:51
2928_001 (1).pdf,Swiggy,1,CGST Amount,1080,0.95,"[550, 590, 600, 610]",417,2.08,2025-07-17 01:57:24,2025-07-17 01:58:51
2928_001 (1).pdf,Swiggy,1,SGST Amount,1080,0.95,"[550, 610, 600, 630]",417,2.08,2025-07-17 01:57:24,2025-07-17 01:58:51
2928_001 (1).pdf,Swiggy,1,IGST Amount,0,0.95,"[550, 630, 600, 650]",417,2.08,2025-07-17 01:57:24,2025-07-17 01:58:51
2928_001 (1).pdf,Swiggy,1,Cess Amount,0,0.0,[],417,2.08,2025-07-17 01:57:24,2025-07-17 01:58:51
2928_001 (1).pdf,Swiggy,1,Additianal Cess Amount,0,0.0,[],417,2.08,2025-07-17 01:57:24,2025-07-17 01:58:51
GRN2720803.pdf,Swiggy,1,Invoice No,E21100018503/24,0.95,"[430, 100, 580, 120]",446,2.23,2025-07-17 01:58:51,2025-07-17 02:00:35
GRN2720803.pdf,Swiggy,1,Invoice Date,29.09.2024,0.95,"[430, 130, 520, 150]",446,2.23,2025-07-17 01:58:51,2025-07-17 02:00:35
GRN2720803.pdf,Swiggy,1,Seller GSTIN,29AAECN1546M1Z3,0.95,"[150, 210, 300, 230]",446,2.23,2025-07-17 01:58:51,2025-07-17 02:00:35
GRN2720803.pdf,Swiggy,1,Seller Pan,,0.0,"[0, 0, 0, 0]",446,2.23,2025-07-17 01:58:51,2025-07-17 02:00:35
GRN2720803.pdf,Swiggy,1,Seller Name,Dairy Tales Namdhari Pvt. Ltd.,0.95,"[100, 50, 300, 70]",446,2.23,2025-07-17 01:58:51,2025-07-17 02:00:35
GRN2720803.pdf,Swiggy,1,Buyer GSTIN,29AAFCB7707D1ZQ,0.95,"[150, 370, 300, 390]",446,2.23,2025-07-17 01:58:51,2025-07-17 02:00:35
GRN2720803.pdf,Swiggy,1,Buyer Name,Bundl Technologies Pvt Ltd (HO),0.95,"[100, 320, 350, 340]",446,2.23,2025-07-17 01:58:51,2025-07-17 02:00:35
GRN2720803.pdf,Swiggy,1,Buyer Pan,,0.0,"[0, 0, 0, 0]",446,2.23,2025-07-17 01:58:51,2025-07-17 02:00:35
GRN2720803.pdf,Swiggy,1,Ship to GSTIN,29AAFCB7707D1ZQ,0.95,"[430, 370, 580, 390]",446,2.23,2025-07-17 01:58:51,2025-07-17 02:00:35
GRN2720803.pdf,Swiggy,1,Ship to Name,Bundl Technologies Pvt Ltd - Bellandur,0.95,"[430, 320, 600, 340]",446,2.23,2025-07-17 01:58:51,2025-07-17 02:00:35
GRN2720803.pdf,Swiggy,1,Subtotal Amount,153.59,0.95,"[500, 500, 580, 520]",446,2.23,2025-07-17 01:58:51,2025-07-17 02:00:35
GRN2720803.pdf,Swiggy,1,Discount Amount,0.00,0.95,"[500, 560, 580, 580]",446,2.23,2025-07-17 01:58:51,2025-07-17 02:00:35
GRN2720803.pdf,Swiggy,1,CGST Amount,0.00,0.95,"[500, 460, 580, 480]",446,2.23,2025-07-17 01:58:51,2025-07-17 02:00:35
GRN2720803.pdf,Swiggy,1,SGST Amount,0.00,0.95,"[500, 460, 580, 480]",446,2.23,2025-07-17 01:58:51,2025-07-17 02:00:35
GRN2720803.pdf,Swiggy,1,IGST Amount,0.00,0.95,"[500, 460, 580, 480]",446,2.23,2025-07-17 01:58:51,2025-07-17 02:00:35
GRN2720803.pdf,Swiggy,1,Cess Amount,0.00,0.95,"[500, 560, 580, 580]",446,2.23,2025-07-17 01:58:51,2025-07-17 02:00:35
GRN2720803.pdf,Swiggy,1,Additianal Cess Amount,0.00,0.95,"[500, 560, 580, 580]",446,2.23,2025-07-17 01:58:51,2025-07-17 02:00:35
SE-071N.pdf,Swiggy,1,Invoice No,SE/071/2025-26,0.95,"[160, 220, 280, 240]",414,2.07,2025-07-17 02:00:35,2025-07-17 02:02:04
SE-071N.pdf,Swiggy,1,Invoice Date,10.07.2025,0.95,"[280, 220, 360, 240]",414,2.07,2025-07-17 02:00:35,2025-07-17 02:02:04
SE-071N.pdf,Swiggy,1,Seller GSTIN,19BTFP0457K2Z7,0.95,"[10, 100, 150, 120]",414,2.07,2025-07-17 02:00:35,2025-07-17 02:02:04
SE-071N.pdf,Swiggy,1,Seller Pan,,0.0,[],414,2.07,2025-07-17 02:00:35,2025-07-17 02:02:04
SE-071N.pdf,Swiggy,1,Seller Name,SNIGDHA ENTERPRISE,0.95,"[200, 30, 400, 60]",414,2.07,2025-07-17 02:00:35,2025-07-17 02:02:04
SE-071N.pdf,Swiggy,1,Buyer GSTIN,09AAFB7707D1Z5,0.95,"[10, 360, 150, 380]",414,2.07,2025-07-17 02:00:35,2025-07-17 02:02:04
SE-071N.pdf,Swiggy,1,Buyer Name,SWIGGY LIMITED,0.95,"[10, 320, 150, 340]",414,2.07,2025-07-17 02:00:35,2025-07-17 02:02:04
SE-071N.pdf,Swiggy,1,Buyer Pan,,0.0,[],414,2.07,2025-07-17 02:00:35,2025-07-17 02:02:04
SE-071N.pdf,Swiggy,1,Ship to GSTIN,,0.0,[],414,2.07,2025-07-17 02:00:35,2025-07-17 02:02:04
SE-071N.pdf,Swiggy,1,Ship to Name,,0.0,[],414,2.07,2025-07-17 02:00:35,2025-07-17 02:02:04
SE-071N.pdf,Swiggy,1,Subtotal Amount,10160.00,0.95,"[500, 650, 580, 670]",414,2.07,2025-07-17 02:00:35,2025-07-17 02:02:04
SE-071N.pdf,Swiggy,1,Discount Amount,0.00,0.0,[],414,2.07,2025-07-17 02:00:35,2025-07-17 02:02:04
SE-071N.pdf,Swiggy,1,CGST Amount,0.00,0.95,"[600, 670, 680, 690]",414,2.07,2025-07-17 02:00:35,2025-07-17 02:02:04
SE-071N.pdf,Swiggy,1,SGST Amount,0.00,0.95,"[680, 670, 760, 690]",414,2.07,2025-07-17 02:00:35,2025-07-17 02:02:04
SE-071N.pdf,Swiggy,1,IGST Amount,1828.80,0.95,"[760, 670, 840, 690]",414,2.07,2025-07-17 02:00:35,2025-07-17 02:02:04
SE-071N.pdf,Swiggy,1,Cess Amount,0.00,0.0,[],414,2.07,2025-07-17 02:00:35,2025-07-17 02:02:04
SE-071N.pdf,Swiggy,1,Additianal Cess Amount,0.00,0.0,[],414,2.07,2025-07-17 02:00:35,2025-07-17 02:02:04
GRN2630812.pdf,Swiggy,1,Invoice No,F21100018080-24,0.95,"[430, 80, 560, 100]",447,2.23,2025-07-17 02:02:04,2025-07-17 02:03:46
GRN2630812.pdf,Swiggy,1,Invoice Date,25.09.2024,0.95,"[430, 100, 520, 120]",447,2.23,2025-07-17 02:02:04,2025-07-17 02:03:46
GRN2630812.pdf,Swiggy,1,Seller GSTIN,29AAECN1546M1Z3,0.95,"[100, 180, 250, 200]",447,2.23,2025-07-17 02:02:04,2025-07-17 02:03:46
GRN2630812.pdf,Swiggy,1,Seller Pan,U01120KA2010PTC052035,0.95,"[100, 220, 300, 240]",447,2.23,2025-07-17 02:02:04,2025-07-17 02:03:46
GRN2630812.pdf,Swiggy,1,Seller Name,Dairy Tales Namdhari Pvt. Ltd.,0.95,"[100, 60, 300, 80]",447,2.23,2025-07-17 02:02:04,2025-07-17 02:03:46
GRN2630812.pdf,Swiggy,1,Buyer GSTIN,,0.0,"[0, 0, 0, 0]",447,2.23,2025-07-17 02:02:04,2025-07-17 02:03:46
GRN2630812.pdf,Swiggy,1,Buyer Name,Bundl Technologies Pvt Ltd (HO),0.95,"[100, 300, 300, 320]",447,2.23,2025-07-17 02:02:04,2025-07-17 02:03:46
GRN2630812.pdf,Swiggy,1,Buyer Pan,,0.0,"[0, 0, 0, 0]",447,2.23,2025-07-17 02:02:04,2025-07-17 02:03:46
GRN2630812.pdf,Swiggy,1,Ship to GSTIN,29AAFCB7707D1ZQ,0.95,"[430, 340, 560, 360]",447,2.23,2025-07-17 02:02:04,2025-07-17 02:03:46
GRN2630812.pdf,Swiggy,1,Ship to Name,Bundl Technologies Pvt Ltd - JP Nagar,0.95,"[430, 320, 600, 340]",447,2.23,2025-07-17 02:02:04,2025-07-17 02:03:46
GRN2630812.pdf,Swiggy,1,Subtotal Amount,307.18,0.95,"[500, 460, 560, 480]",447,2.23,2025-07-17 02:02:04,2025-07-17 02:03:46
GRN2630812.pdf,Swiggy,1,Discount Amount,0.00,0.95,"[500, 500, 560, 520]",447,2.23,2025-07-17 02:02:04,2025-07-17 02:03:46
GRN2630812.pdf,Swiggy,1,CGST Amount,0.00,0.95,"[500, 480, 560, 500]",447,2.23,2025-07-17 02:02:04,2025-07-17 02:03:46
GRN2630812.pdf,Swiggy,1,SGST Amount,0.00,0.95,"[500, 480, 560, 500]",447,2.23,2025-07-17 02:02:04,2025-07-17 02:03:46
GRN2630812.pdf,Swiggy,1,IGST Amount,0.00,0.95,"[500, 480, 560, 500]",447,2.23,2025-07-17 02:02:04,2025-07-17 02:03:46
GRN2630812.pdf,Swiggy,1,Cess Amount,0.00,0.95,"[500, 520, 560, 540]",447,2.23,2025-07-17 02:02:04,2025-07-17 02:03:46
GRN2630812.pdf,Swiggy,1,Additianal Cess Amount,0.00,0.95,"[500, 520, 560, 540]",447,2.23,2025-07-17 02:02:04,2025-07-17 02:03:46
GRN2300933.pdf,Swiggy,1,Invoice No,11300067346,0.95,"[290, 100, 420, 120]",439,2.19,2025-07-17 02:03:46,2025-07-17 02:05:24
GRN2300933.pdf,Swiggy,1,Invoice Date,30/09/2024,0.95,"[200, 100, 290, 120]",439,2.19,2025-07-17 02:03:46,2025-07-17 02:05:24
GRN2300933.pdf,Swiggy,1,Seller GSTIN,29AAJCM3930G1ZD,0.95,"[550, 200, 680, 220]",439,2.19,2025-07-17 02:03:46,2025-07-17 02:05:24
GRN2300933.pdf,Swiggy,1,Seller Pan,AAICM3930G,0.95,"[550, 240, 640, 260]",439,2.19,2025-07-17 02:03:46,2025-07-17 02:05:24
GRN2300933.pdf,Swiggy,1,Seller Name,ID FRESH FOOD (INDIA) PRIVATE LIMITED,0.95,"[400, 160, 680, 180]",439,2.19,2025-07-17 02:03:46,2025-07-17 02:05:24
GRN2300933.pdf,Swiggy,1,Buyer GSTIN,29AAFB7707D1ZQ,0.95,"[150, 240, 280, 260]",439,2.19,2025-07-17 02:03:46,2025-07-17 02:05:24
GRN2300933.pdf,Swiggy,1,Buyer Name,Swiggy Limited,0.95,"[100, 160, 250, 180]",439,2.19,2025-07-17 02:03:46,2025-07-17 02:05:24
GRN2300933.pdf,Swiggy,1,Buyer Pan,,0.0,"[0, 0, 0, 0]",439,2.19,2025-07-17 02:03:46,2025-07-17 02:05:24
GRN2300933.pdf,Swiggy,1,Ship to GSTIN,,0.0,"[0, 0, 0, 0]",439,2.19,2025-07-17 02:03:46,2025-07-17 02:05:24
GRN2300933.pdf,Swiggy,1,Ship to Name,,0.0,"[0, 0, 0, 0]",439,2.19,2025-07-17 02:03:46,2025-07-17 02:05:24
GRN2300933.pdf,Swiggy,1,Subtotal Amount,428.57,0.95,"[600, 500, 650, 520]",439,2.19,2025-07-17 02:03:46,2025-07-17 02:05:24
GRN2300933.pdf,Swiggy,1,Discount Amount,0.00,0.95,"[600, 540, 650, 560]",439,2.19,2025-07-17 02:03:46,2025-07-17 02:05:24
GRN2300933.pdf,Swiggy,1,CGST Amount,10.71,0.95,"[600, 520, 650, 540]",439,2.19,2025-07-17 02:03:46,2025-07-17 02:05:24
GRN2300933.pdf,Swiggy,1,SGST Amount,10.71,0.95,"[600, 520, 650, 540]",439,2.19,2025-07-17 02:03:46,2025-07-17 02:05:24
GRN2300933.pdf,Swiggy,1,IGST Amount,0.00,0.95,"[600, 520, 650, 540]",439,2.19,2025-07-17 02:03:46,2025-07-17 02:05:24
GRN2300933.pdf,Swiggy,1,Cess Amount,0.00,0.0,"[0, 0, 0, 0]",439,2.19,2025-07-17 02:03:46,2025-07-17 02:05:24
GRN2300933.pdf,Swiggy,1,Additianal Cess Amount,0.00,0.0,"[0, 0, 0, 0]",439,2.19,2025-07-17 02:03:46,2025-07-17 02:05:24
GRN5060603.pdf,Swiggy,1,Invoice No,SFP 24-25-20490,0.95,"[430, 100, 550, 120]",438,2.19,2025-07-17 02:05:24,2025-07-17 02:07:02
GRN5060603.pdf,Swiggy,1,Invoice Date,30-Sep-24,0.95,"[600, 100, 680, 120]",438,2.19,2025-07-17 02:05:24,2025-07-17 02:07:02
GRN5060603.pdf,Swiggy,1,Seller GSTIN,29AMCPM9917E1ZS,0.95,"[100, 160, 250, 180]",438,2.19,2025-07-17 02:05:24,2025-07-17 02:07:02
GRN5060603.pdf,Swiggy,1,Seller Pan,AQFPS9342M,0.95,"[100, 200, 200, 220]",438,2.19,2025-07-17 02:05:24,2025-07-17 02:07:02
GRN5060603.pdf,Swiggy,1,Seller Name,SANJAY FARM PRODUCTS,0.95,"[100, 60, 300, 80]",438,2.19,2025-07-17 02:05:24,2025-07-17 02:07:02
GRN5060603.pdf,Swiggy,1,Buyer GSTIN,29AAFCB7707D1ZQ,0.95,"[100, 360, 250, 380]",438,2.19,2025-07-17 02:05:24,2025-07-17 02:07:02
GRN5060603.pdf,Swiggy,1,Buyer Name,Swiggy Limited,0.95,"[100, 320, 250, 340]",438,2.19,2025-07-17 02:05:24,2025-07-17 02:07:02
GRN5060603.pdf,Swiggy,1,Buyer Pan,,0.0,"[0, 0, 0, 0]",438,2.19,2025-07-17 02:05:24,2025-07-17 02:07:02
GRN5060603.pdf,Swiggy,1,Ship to GSTIN,29AAFCB7707D1ZQ,0.95,"[100, 280, 250, 300]",438,2.19,2025-07-17 02:05:24,2025-07-17 02:07:02
GRN5060603.pdf,Swiggy,1,Ship to Name,Swiggy Limited,0.95,"[100, 240, 250, 260]",438,2.19,2025-07-17 02:05:24,2025-07-17 02:07:02
GRN5060603.pdf,Swiggy,1,Subtotal Amount,2538.00,0.95,"[600, 500, 680, 520]",438,2.19,2025-07-17 02:05:24,2025-07-17 02:07:02
GRN5060603.pdf,Swiggy,1,Discount Amount,0.00,0.0,"[0, 0, 0, 0]",438,2.19,2025-07-17 02:05:24,2025-07-17 02:07:02
GRN5060603.pdf,Swiggy,1,CGST Amount,0.00,0.0,"[0, 0, 0, 0]",438,2.19,2025-07-17 02:05:24,2025-07-17 02:07:02
GRN5060603.pdf,Swiggy,1,SGST Amount,0.00,0.0,"[0, 0, 0, 0]",438,2.19,2025-07-17 02:05:24,2025-07-17 02:07:02
GRN5060603.pdf,Swiggy,1,IGST Amount,0.00,0.0,"[0, 0, 0, 0]",438,2.19,2025-07-17 02:05:24,2025-07-17 02:07:02
GRN5060603.pdf,Swiggy,1,Cess Amount,0.00,0.0,"[0, 0, 0, 0]",438,2.19,2025-07-17 02:05:24,2025-07-17 02:07:02
GRN5060603.pdf,Swiggy,1,Additianal Cess Amount,0.00,0.0,"[0, 0, 0, 0]",438,2.19,2025-07-17 02:05:24,2025-07-17 02:07:02
IM-PI23000001297_Swiggy_IM FP&SKAN_DSP&Glance.pdf,Swiggy,1,Invoice No,IM-PI23000001297,0.95,"[590, 190, 760, 210]",441,2.21,2025-07-17 02:07:02,2025-07-17 02:08:52
IM-PI23000001297_Swiggy_IM FP&SKAN_DSP&Glance.pdf,Swiggy,1,Invoice Date,11-Jul-25,0.95,"[300, 190, 380, 210]",441,2.21,2025-07-17 02:07:02,2025-07-17 02:08:52
IM-PI23000001297_Swiggy_IM FP&SKAN_DSP&Glance.pdf,Swiggy,1,Seller GSTIN,29AACCI7117F1ZM,0.95,"[100, 120, 260, 140]",441,2.21,2025-07-17 02:07:02,2025-07-17 02:08:52
IM-PI23000001297_Swiggy_IM FP&SKAN_DSP&Glance.pdf,Swiggy,1,Seller Pan,AACCI7117F,0.95,"[100, 100, 180, 120]",441,2.21,2025-07-17 02:07:02,2025-07-17 02:08:52
IM-PI23000001297_Swiggy_IM FP&SKAN_DSP&Glance.pdf,Swiggy,1,Seller Name,InMobi Technology Services Private Limited,0.95,"[100, 40, 400, 80]",441,2.21,2025-07-17 02:07:02,2025-07-17 02:08:52
IM-PI23000001297_Swiggy_IM FP&SKAN_DSP&Glance.pdf,Swiggy,1,Buyer GSTIN,29AAFCB7707D1ZQ,0.95,"[100, 260, 260, 280]",441,2.21,2025-07-17 02:07:02,2025-07-17 02:08:52
IM-PI23000001297_Swiggy_IM FP&SKAN_DSP&Glance.pdf,Swiggy,1,Buyer Name,SWIGGY LIMITED,0.95,"[100, 220, 200, 240]",441,2.21,2025-07-17 02:07:02,2025-07-17 02:08:52
IM-PI23000001297_Swiggy_IM FP&SKAN_DSP&Glance.pdf,Swiggy,1,Buyer Pan,Not Available,0.0,"[0, 0, 0, 0]",441,2.21,2025-07-17 02:07:02,2025-07-17 02:08:52
IM-PI23000001297_Swiggy_IM FP&SKAN_DSP&Glance.pdf,Swiggy,1,Ship to GSTIN,Not Available,0.0,"[0, 0, 0, 0]",441,2.21,2025-07-17 02:07:02,2025-07-17 02:08:52
IM-PI23000001297_Swiggy_IM FP&SKAN_DSP&Glance.pdf,Swiggy,1,Ship to Name,Not Available,0.0,"[0, 0, 0, 0]",441,2.21,2025-07-17 02:07:02,2025-07-17 02:08:52
IM-PI23000001297_Swiggy_IM FP&SKAN_DSP&Glance.pdf,Swiggy,1,Subtotal Amount,6435600.00,0.95,"[500, 460, 600, 480]",441,2.21,2025-07-17 02:07:02,2025-07-17 02:08:52
IM-PI23000001297_Swiggy_IM FP&SKAN_DSP&Glance.pdf,Swiggy,1,Discount Amount,0.00,0.0,"[0, 0, 0, 0]",441,2.21,2025-07-17 02:07:02,2025-07-17 02:08:52
IM-PI23000001297_Swiggy_IM FP&SKAN_DSP&Glance.pdf,Swiggy,1,CGST Amount,579204.00,0.95,"[700, 460, 800, 480]",441,2.21,2025-07-17 02:07:02,2025-07-17 02:08:52
IM-PI23000001297_Swiggy_IM FP&SKAN_DSP&Glance.pdf,Swiggy,1,SGST Amount,579204.00,0.95,"[800, 460, 900, 480]",441,2.21,2025-07-17 02:07:02,2025-07-17 02:08:52
IM-PI23000001297_Swiggy_IM FP&SKAN_DSP&Glance.pdf,Swiggy,1,IGST Amount,0.00,0.0,"[0, 0, 0, 0]",441,2.21,2025-07-17 02:07:02,2025-07-17 02:08:52
IM-PI23000001297_Swiggy_IM FP&SKAN_DSP&Glance.pdf,Swiggy,1,Cess Amount,0.00,0.0,"[0, 0, 0, 0]",441,2.21,2025-07-17 02:07:02,2025-07-17 02:08:52
IM-PI23000001297_Swiggy_IM FP&SKAN_DSP&Glance.pdf,Swiggy,1,Additianal Cess Amount,0.00,0.0,"[0, 0, 0, 0]",441,2.21,2025-07-17 02:07:02,2025-07-17 02:08:52
DOC378.pdf,Lulu,1,Invoice No,GT/1477,0.95,"[440, 130, 520, 150]",422,2.11,2025-07-17 02:08:52,2025-07-17 02:10:24
DOC378.pdf,Lulu,1,Invoice Date,03/08/2023,0.95,"[440, 160, 520, 180]",422,2.11,2025-07-17 02:08:52,2025-07-17 02:10:24
DOC378.pdf,Lulu,1,Seller GSTIN,24AAGFG5678Q1ZN,0.95,"[100, 70, 250, 90]",422,2.11,2025-07-17 02:08:52,2025-07-17 02:10:24
DOC378.pdf,Lulu,1,Seller Pan,,0.0,[],422,2.11,2025-07-17 02:08:52,2025-07-17 02:10:24
DOC378.pdf,Lulu,1,Seller Name,GUJARAT PACKAGING INDUSTRIES,0.95,"[100, 20, 500, 40]",422,2.11,2025-07-17 02:08:52,2025-07-17 02:10:24
DOC378.pdf,Lulu,1,Buyer GSTIN,32AABCL0212H1ZB,0.95,"[250, 300, 380, 320]",422,2.11,2025-07-17 02:08:52,2025-07-17 02:10:24
DOC378.pdf,Lulu,1,Buyer Name,LULU HYPERMARKET (C L INDIA) (SHIP TO),0.95,"[100, 190, 350, 210]",422,2.11,2025-07-17 02:08:52,2025-07-17 02:10:24
DOC378.pdf,Lulu,1,Buyer Pan,,0.0,[],422,2.11,2025-07-17 02:08:52,2025-07-17 02:10:24
DOC378.pdf,Lulu,1,Ship to GSTIN,32AABCL0212H1ZB,0.95,"[250, 300, 380, 320]",422,2.11,2025-07-17 02:08:52,2025-07-17 02:10:24
DOC378.pdf,Lulu,1,Ship to Name,LULU INTERNATIONAL SHOPPING,0.95,"[100, 250, 300, 270]",422,2.11,2025-07-17 02:08:52,2025-07-17 02:10:24
DOC378.pdf,Lulu,1,Subtotal Amount,93622.03,0.95,"[500, 550, 580, 570]",422,2.11,2025-07-17 02:08:52,2025-07-17 02:10:24
DOC378.pdf,Lulu,1,Discount Amount,0.00,0.0,[],422,2.11,2025-07-17 02:08:52,2025-07-17 02:10:24
DOC378.pdf,Lulu,1,CGST Amount,0.00,0.0,[],422,2.11,2025-07-17 02:08:52,2025-07-17 02:10:24
DOC378.pdf,Lulu,1,SGST Amount,0.00,0.0,[],422,2.11,2025-07-17 02:08:52,2025-07-17 02:10:24
DOC378.pdf,Lulu,1,IGST Amount,16851.97,0.95,"[500, 590, 580, 610]",422,2.11,2025-07-17 02:08:52,2025-07-17 02:10:24
DOC378.pdf,Lulu,1,Cess Amount,0.00,0.0,[],422,2.11,2025-07-17 02:08:52,2025-07-17 02:10:24
DOC378.pdf,Lulu,1,Additianal Cess Amount,0.00,0.0,[],422,2.11,2025-07-17 02:08:52,2025-07-17 02:10:24
DOC376.pdf,Lulu,1,Invoice No,21397,0.95,"[1000, 100, 1050, 130]",438,2.19,2025-07-17 02:10:24,2025-07-17 02:12:09
DOC376.pdf,Lulu,1,Invoice Date,17/08/2023,0.95,"[1000, 130, 1080, 160]",438,2.19,2025-07-17 02:10:24,2025-07-17 02:12:09
DOC376.pdf,Lulu,1,Seller GSTIN,32AAGPS7532Z1ZO,0.95,"[100, 200, 250, 230]",438,2.19,2025-07-17 02:10:24,2025-07-17 02:12:09
DOC376.pdf,Lulu,1,Seller Pan,AQOPA4682D,0.95,"[100, 260, 180, 290]",438,2.19,2025-07-17 02:10:24,2025-07-17 02:12:09
DOC376.pdf,Lulu,1,Seller Name,AMEEN TRADERS,0.95,"[100, 320, 250, 350]",438,2.19,2025-07-17 02:10:24,2025-07-17 02:12:09
DOC376.pdf,Lulu,1,Buyer GSTIN,32AABCL0212H1ZB,0.95,"[800, 200, 950, 230]",438,2.19,2025-07-17 02:10:24,2025-07-17 02:12:09
DOC376.pdf,Lulu,1,Buyer Name,LU LU HYPER MARKET KOCHI,0.95,"[800, 260, 1050, 290]",438,2.19,2025-07-17 02:10:24,2025-07-17 02:12:09
DOC376.pdf,Lulu,1,Buyer Pan,TEL-0484-2727772,0.95,"[800, 320, 950, 350]",438,2.19,2025-07-17 02:10:24,2025-07-17 02:12:09
DOC376.pdf,Lulu,1,Ship to GSTIN,,0.0,"[0, 0, 0, 0]",438,2.19,2025-07-17 02:10:24,2025-07-17 02:12:09
DOC376.pdf,Lulu,1,Ship to Name,,0.0,"[0, 0, 0, 0]",438,2.19,2025-07-17 02:10:24,2025-07-17 02:12:09
DOC376.pdf,Lulu,1,Subtotal Amount,25483.81,0.95,"[700, 1000, 780, 1030]",438,2.19,2025-07-17 02:10:24,2025-07-17 02:12:09
DOC376.pdf,Lulu,1,Discount Amount,0.00,0.95,"[700, 1030, 780, 1060]",438,2.19,2025-07-17 02:10:24,2025-07-17 02:12:09
DOC376.pdf,Lulu,1,CGST Amount,637.10,0.95,"[700, 1060, 780, 1090]",438,2.19,2025-07-17 02:10:24,2025-07-17 02:12:09
DOC376.pdf,Lulu,1,SGST Amount,637.10,0.95,"[700, 1090, 780, 1120]",438,2.19,2025-07-17 02:10:24,2025-07-17 02:12:09
DOC376.pdf,Lulu,1,IGST Amount,0.00,0.95,"[700, 1120, 780, 1150]",438,2.19,2025-07-17 02:10:24,2025-07-17 02:12:09
DOC376.pdf,Lulu,1,Cess Amount,0.00,0.95,"[700, 1150, 780, 1180]",438,2.19,2025-07-17 02:10:24,2025-07-17 02:12:09
DOC376.pdf,Lulu,1,Additianal Cess Amount,0.00,0.95,"[700, 1180, 780, 1210]",438,2.19,2025-07-17 02:10:24,2025-07-17 02:12:09
DOC373.pdf,Lulu,1,Invoice No,96,0.95,"[350, 100, 400, 120]",421,2.1,2025-07-17 02:12:09,2025-07-17 02:13:41
DOC373.pdf,Lulu,1,Invoice Date,16-Aug-23,0.95,"[500, 100, 580, 120]",421,2.1,2025-07-17 02:12:09,2025-07-17 02:13:41
DOC373.pdf,Lulu,1,Seller GSTIN,32AHEPP0024A1ZB,0.95,"[100, 150, 280, 170]",421,2.1,2025-07-17 02:12:09,2025-07-17 02:13:41
DOC373.pdf,Lulu,1,Seller Pan,AHEPP0024A,0.95,"[100, 650, 220, 670]",421,2.1,2025-07-17 02:12:09,2025-07-17 02:13:41
DOC373.pdf,Lulu,1,Seller Name,SAFE PACKAGING SYSTEMS,0.95,"[100, 60, 300, 80]",421,2.1,2025-07-17 02:12:09,2025-07-17 02:13:41
DOC373.pdf,Lulu,1,Buyer GSTIN,32AABCL0212H1ZB,0.95,"[100, 260, 280, 280]",421,2.1,2025-07-17 02:12:09,2025-07-17 02:13:41
DOC373.pdf,Lulu,1,Buyer Name,"Lulu HyperMarket, Kochi",0.95,"[100, 220, 300, 240]",421,2.1,2025-07-17 02:12:09,2025-07-17 02:13:41
DOC373.pdf,Lulu,1,Buyer Pan,,0.0,[],421,2.1,2025-07-17 02:12:09,2025-07-17 02:13:41
DOC373.pdf,Lulu,1,Ship to GSTIN,,0.0,[],421,2.1,2025-07-17 02:12:09,2025-07-17 02:13:41
DOC373.pdf,Lulu,1,Ship to Name,Lulu Central Warehouse-Aluva,0.95,"[350, 300, 550, 320]",421,2.1,2025-07-17 02:12:09,2025-07-17 02:13:41
DOC373.pdf,Lulu,1,Subtotal Amount,"2,45,700.00",0.95,"[500, 450, 600, 470]",421,2.1,2025-07-17 02:12:09,2025-07-17 02:13:41
DOC373.pdf,Lulu,1,Discount Amount,0.00,0.0,[],421,2.1,2025-07-17 02:12:09,2025-07-17 02:13:41
DOC373.pdf,Lulu,1,CGST Amount,"22,113.00",0.95,"[600, 480, 680, 500]",421,2.1,2025-07-17 02:12:09,2025-07-17 02:13:41
DOC373.pdf,Lulu,1,SGST Amount,"22,113.00",0.95,"[600, 490, 680, 510]",421,2.1,2025-07-17 02:12:09,2025-07-17 02:13:41
DOC373.pdf,Lulu,1,IGST Amount,0.00,0.0,[],421,2.1,2025-07-17 02:12:09,2025-07-17 02:13:41
DOC373.pdf,Lulu,1,Cess Amount,0.00,0.0,[],421,2.1,2025-07-17 02:12:09,2025-07-17 02:13:41
DOC373.pdf,Lulu,1,Additianal Cess Amount,0.00,0.0,[],421,2.1,2025-07-17 02:12:09,2025-07-17 02:13:41
_000001856-0006_SI_SI2012311401.pdf,Grasim,1,Invoice No,20112317041,0.95,"[360, 1000, 460, 1020]",449,2.25,2025-07-17 02:13:41,2025-07-17 02:15:35
_000001856-0006_SI_SI2012311401.pdf,Grasim,1,Invoice Date,09/01/2024,0.95,"[500, 1000, 580, 1020]",449,2.25,2025-07-17 02:13:41,2025-07-17 02:15:35
_000001856-0006_SI_SI2012311401.pdf,Grasim,1,Seller GSTIN,06AAACG4648B201,0.95,"[600, 1000, 700, 1020]",449,2.25,2025-07-17 02:13:41,2025-07-17 02:15:35
_000001856-0006_SI_SI2012311401.pdf,Grasim,1,Seller Pan,AAACG4648B,0.95,"[720, 1000, 800, 1020]",449,2.25,2025-07-17 02:13:41,2025-07-17 02:15:35
_000001856-0006_SI_SI2012311401.pdf,Grasim,1,Seller Name,UTTAM STRIPS LIMITED,0.95,"[360, 1040, 560, 1060]",449,2.25,2025-07-17 02:13:41,2025-07-17 02:15:35
_000001856-0006_SI_SI2012311401.pdf,Grasim,1,Buyer GSTIN,27AACCH1928D1ZP,0.95,"[480, 1120, 580, 1140]",449,2.25,2025-07-17 02:13:41,2025-07-17 02:15:35
_000001856-0006_SI_SI2012311401.pdf,Grasim,1,Buyer Name,STATE BANK OF INDIA IFSC CODE: NEHRU PLACE,0.95,"[360, 1160, 600, 1180]",449,2.25,2025-07-17 02:13:41,2025-07-17 02:15:35
_000001856-0006_SI_SI2012311401.pdf,Grasim,1,Buyer Pan,AACCH1928D,0.95,"[600, 1120, 680, 1140]",449,2.25,2025-07-17 02:13:41,2025-07-17 02:15:35
_000001856-0006_SI_SI2012311401.pdf,Grasim,1,Ship to GSTIN,06AAACG4648B201,0.95,"[600, 1000, 700, 1020]",449,2.25,2025-07-17 02:13:41,2025-07-17 02:15:35
_000001856-0006_SI_SI2012311401.pdf,Grasim,1,Ship to Name,STATE BANK OF INDIA IFSC CODE: NEHRU PLACE,0.95,"[360, 1160, 600, 1180]",449,2.25,2025-07-17 02:13:41,2025-07-17 02:15:35
_000001856-0006_SI_SI2012311401.pdf,Grasim,1,Subtotal Amount,3587.17,0.95,"[1000, 680, 1080, 700]",449,2.25,2025-07-17 02:13:41,2025-07-17 02:15:35
_000001856-0006_SI_SI2012311401.pdf,Grasim,1,Discount Amount,0.00,0.95,"[1000, 720, 1080, 740]",449,2.25,2025-07-17 02:13:41,2025-07-17 02:15:35
_000001856-0006_SI_SI2012311401.pdf,Grasim,1,CGST Amount,0.00,0.95,"[1000, 760, 1080, 780]",449,2.25,2025-07-17 02:13:41,2025-07-17 02:15:35
_000001856-0006_SI_SI2012311401.pdf,Grasim,1,SGST Amount,0.00,0.95,"[1000, 800, 1080, 820]",449,2.25,2025-07-17 02:13:41,2025-07-17 02:15:35
_000001856-0006_SI_SI2012311401.pdf,Grasim,1,IGST Amount,0.00,0.95,"[1000, 840, 1080, 860]",449,2.25,2025-07-17 02:13:41,2025-07-17 02:15:35
_000001856-0006_SI_SI2012311401.pdf,Grasim,1,Cess Amount,0.00,0.95,"[1000, 880, 1080, 900]",449,2.25,2025-07-17 02:13:41,2025-07-17 02:15:35
_000001856-0006_SI_SI2012311401.pdf,Grasim,1,Additianal Cess Amount,0.00,0.95,"[1000, 920, 1080, 940]",449,2.25,2025-07-17 02:13:41,2025-07-17 02:15:35
_000001856-0006_SI_SI2012311401.pdf,Grasim,2,Invoice No,SIZ201231041,0.95,"[320, 1000, 420, 1020]",439,2.19,2025-07-17 02:13:41,2025-07-17 02:17:27
_000001856-0006_SI_SI2012311401.pdf,Grasim,2,Invoice Date,10.01.2024,0.95,"[450, 1000, 530, 1020]",439,2.19,2025-07-17 02:13:41,2025-07-17 02:17:27
_000001856-0006_SI_SI2012311401.pdf,Grasim,2,Seller GSTIN,06AAACG4468B3ZO,0.95,"[580, 1000, 700, 1020]",439,2.19,2025-07-17 02:13:41,2025-07-17 02:17:27
_000001856-0006_SI_SI2012311401.pdf,Grasim,2,Seller Pan,AAACG4468B,0.95,"[720, 1000, 800, 1020]",439,2.19,2025-07-17 02:13:41,2025-07-17 02:17:27
_000001856-0006_SI_SI2012311401.pdf,Grasim,2,Seller Name,UTTAM STRIPS LIMITED,0.95,"[320, 960, 580, 980]",439,2.19,2025-07-17 02:13:41,2025-07-17 02:17:27
_000001856-0006_SI_SI2012311401.pdf,Grasim,2,Buyer GSTIN,20AADCH1920G1ZI,0.95,"[320, 1040, 440, 1060]",439,2.19,2025-07-17 02:13:41,2025-07-17 02:17:27
_000001856-0006_SI_SI2012311401.pdf,Grasim,2,Buyer Name,UTTAM STRIPS LIMITED,0.95,"[320, 1080, 580, 1100]",439,2.19,2025-07-17 02:13:41,2025-07-17 02:17:27
_000001856-0006_SI_SI2012311401.pdf,Grasim,2,Buyer Pan,AAACG4468B,0.95,"[720, 1040, 800, 1060]",439,2.19,2025-07-17 02:13:41,2025-07-17 02:17:27
_000001856-0006_SI_SI2012311401.pdf,Grasim,2,Ship to GSTIN,20AADCH1920G1ZI,0.95,"[320, 1120, 440, 1140]",439,2.19,2025-07-17 02:13:41,2025-07-17 02:17:27
_000001856-0006_SI_SI2012311401.pdf,Grasim,2,Ship to Name,UTTAM STRIPS LIMITED,0.95,"[320, 1160, 580, 1180]",439,2.19,2025-07-17 02:13:41,2025-07-17 02:17:27
_000001856-0006_SI_SI2012311401.pdf,Grasim,2,Subtotal Amount,645691.09,0.95,"[600, 680, 680, 700]",439,2.19,2025-07-17 02:13:41,2025-07-17 02:17:27
_000001856-0006_SI_SI2012311401.pdf,Grasim,2,Discount Amount,0.00,0.95,"[600, 720, 680, 740]",439,2.19,2025-07-17 02:13:41,2025-07-17 02:17:27
_000001856-0006_SI_SI2012311401.pdf,Grasim,2,CGST Amount,0.00,0.95,"[600, 760, 680, 780]",439,2.19,2025-07-17 02:13:41,2025-07-17 02:17:27
_000001856-0006_SI_SI2012311401.pdf,Grasim,2,SGST Amount,0.00,0.95,"[600, 800, 680, 820]",439,2.19,2025-07-17 02:13:41,2025-07-17 02:17:27
_000001856-0006_SI_SI2012311401.pdf,Grasim,2,IGST Amount,358717.72,0.95,"[600, 840, 680, 860]",439,2.19,2025-07-17 02:13:41,2025-07-17 02:17:27
_000001856-0006_SI_SI2012311401.pdf,Grasim,2,Cess Amount,0.00,0.95,"[600, 880, 680, 900]",439,2.19,2025-07-17 02:13:41,2025-07-17 02:17:27
_000001856-0006_SI_SI2012311401.pdf,Grasim,2,Additianal Cess Amount,0.00,0.95,"[600, 920, 680, 940]",439,2.19,2025-07-17 02:13:41,2025-07-17 02:17:27
_000001856-0006_SI_SI2012311401.pdf,Grasim,3,Invoice No,7913 9642 1989,0.95,"[120, 140, 280, 160]",430,2.15,2025-07-17 02:13:41,2025-07-17 02:19:06
_000001856-0006_SI_SI2012311401.pdf,Grasim,3,Invoice Date,10/01/2024,0.95,"[350, 140, 430, 160]",430,2.15,2025-07-17 02:13:41,2025-07-17 02:19:06
_000001856-0006_SI_SI2012311401.pdf,Grasim,3,Seller GSTIN,06AAACU8548C1Z9,0.95,"[120, 260, 280, 280]",430,2.15,2025-07-17 02:13:41,2025-07-17 02:19:06
_000001856-0006_SI_SI2012311401.pdf,Grasim,3,Seller Pan,,0.0,[],430,2.15,2025-07-17 02:13:41,2025-07-17 02:19:06
_000001856-0006_SI_SI2012311401.pdf,Grasim,3,Seller Name,UTTAM STRIPS LTD,0.95,"[120, 280, 280, 300]",430,2.15,2025-07-17 02:13:41,2025-07-17 02:19:06
_000001856-0006_SI_SI2012311401.pdf,Grasim,3,Buyer GSTIN,09AAACG4468B3Z0,0.95,"[350, 260, 510, 280]",430,2.15,2025-07-17 02:13:41,2025-07-17 02:19:06
_000001856-0006_SI_SI2012311401.pdf,Grasim,3,Buyer Name,GSTIN INDUSTRIES LIMITED,0.95,"[350, 280, 510, 300]",430,2.15,2025-07-17 02:13:41,2025-07-17 02:19:06
_000001856-0006_SI_SI2012311401.pdf,Grasim,3,Buyer Pan,,0.0,[],430,2.15,2025-07-17 02:13:41,2025-07-17 02:19:06
_000001856-0006_SI_SI2012311401.pdf,Grasim,3,Ship to GSTIN,,0.0,[],430,2.15,2025-07-17 02:13:41,2025-07-17 02:19:06
_000001856-0006_SI_SI2012311401.pdf,Grasim,3,Ship to Name,COMMITTED ISPAT PRIVATE LIMITED,0.95,"[350, 320, 510, 340]",430,2.15,2025-07-17 02:13:41,2025-07-17 02:19:06
_000001856-0006_SI_SI2012311401.pdf,Grasim,3,Subtotal Amount,3587172.72,0.95,"[400, 460, 510, 480]",430,2.15,2025-07-17 02:13:41,2025-07-17 02:19:06
_000001856-0006_SI_SI2012311401.pdf,Grasim,3,Discount Amount,0.00,0.0,[],430,2.15,2025-07-17 02:13:41,2025-07-17 02:19:06
_000001856-0006_SI_SI2012311401.pdf,Grasim,3,CGST Amount,0.00,0.95,"[120, 500, 200, 520]",430,2.15,2025-07-17 02:13:41,2025-07-17 02:19:06
_000001856-0006_SI_SI2012311401.pdf,Grasim,3,SGST Amount,0.00,0.95,"[220, 500, 300, 520]",430,2.15,2025-07-17 02:13:41,2025-07-17 02:19:06
_000001856-0006_SI_SI2012311401.pdf,Grasim,3,IGST Amount,645691.09,0.95,"[320, 500, 400, 520]",430,2.15,2025-07-17 02:13:41,2025-07-17 02:19:06
_000001856-0006_SI_SI2012311401.pdf,Grasim,3,Cess Amount,0.00,0.95,"[420, 500, 500, 520]",430,2.15,2025-07-17 02:13:41,2025-07-17 02:19:06
_000001856-0006_SI_SI2012311401.pdf,Grasim,3,Additianal Cess Amount,0.00,0.95,"[520, 500, 600, 520]",430,2.15,2025-07-17 02:13:41,2025-07-17 02:19:06
_000013845-0001_SI_Sales_24-25_635.pdf,Grasim,1,Invoice No,24-25/635,0.95,"[450, 100, 520, 120]",419,2.09,2025-07-17 02:19:06,2025-07-17 02:20:35
_000013845-0001_SI_Sales_24-25_635.pdf,Grasim,1,Invoice Date,4-Dec-24,0.95,"[600, 100, 660, 120]",419,2.09,2025-07-17 02:19:06,2025-07-17 02:20:35
_000013845-0001_SI_Sales_24-25_635.pdf,Grasim,1,Seller GSTIN,09AAVFB7148K1ZO,0.95,"[200, 160, 320, 180]",419,2.09,2025-07-17 02:19:06,2025-07-17 02:20:35
_000013845-0001_SI_Sales_24-25_635.pdf,Grasim,1,Seller Pan,AAVFB7148K,0.95,"[200, 180, 280, 200]",419,2.09,2025-07-17 02:19:06,2025-07-17 02:20:35
_000013845-0001_SI_Sales_24-25_635.pdf,Grasim,1,Seller Name,BIUT BATH INDUSTRY LLP,0.95,"[100, 40, 300, 60]",419,2.09,2025-07-17 02:19:06,2025-07-17 02:20:35
_000013845-0001_SI_Sales_24-25_635.pdf,Grasim,1,Buyer GSTIN,29AAACG4464B1ZU,0.95,"[200, 280, 320, 300]",419,2.09,2025-07-17 02:19:06,2025-07-17 02:20:35
_000013845-0001_SI_Sales_24-25_635.pdf,Grasim,1,Buyer Name,GRASIM INDUSTRIES LIMITED,0.95,"[100, 220, 300, 240]",419,2.09,2025-07-17 02:19:06,2025-07-17 02:20:35
_000013845-0001_SI_Sales_24-25_635.pdf,Grasim,1,Buyer Pan,AAACG4464B,0.95,"[200, 300, 280, 320]",419,2.09,2025-07-17 02:19:06,2025-07-17 02:20:35
_000013845-0001_SI_Sales_24-25_635.pdf,Grasim,1,Ship to GSTIN,23AACCG4464B1ZU,0.95,"[200, 200, 320, 220]",419,2.09,2025-07-17 02:19:06,2025-07-17 02:20:35
_000013845-0001_SI_Sales_24-25_635.pdf,Grasim,1,Ship to Name,GRASIM INDUSTRIES LIMITED,0.95,"[100, 140, 300, 160]",419,2.09,2025-07-17 02:19:06,2025-07-17 02:20:35
_000013845-0001_SI_Sales_24-25_635.pdf,Grasim,1,Subtotal Amount,,0.0,[],419,2.09,2025-07-17 02:19:06,2025-07-17 02:20:35
_000013845-0001_SI_Sales_24-25_635.pdf,Grasim,1,Discount Amount,,0.0,[],419,2.09,2025-07-17 02:19:06,2025-07-17 02:20:35
_000013845-0001_SI_Sales_24-25_635.pdf,Grasim,1,CGST Amount,,0.0,[],419,2.09,2025-07-17 02:19:06,2025-07-17 02:20:35
_000013845-0001_SI_Sales_24-25_635.pdf,Grasim,1,SGST Amount,,0.0,[],419,2.09,2025-07-17 02:19:06,2025-07-17 02:20:35
_000013845-0001_SI_Sales_24-25_635.pdf,Grasim,1,IGST Amount,,0.0,[],419,2.09,2025-07-17 02:19:06,2025-07-17 02:20:35
_000013845-0001_SI_Sales_24-25_635.pdf,Grasim,1,Cess Amount,,0.0,[],419,2.09,2025-07-17 02:19:06,2025-07-17 02:20:35
_000013845-0001_SI_Sales_24-25_635.pdf,Grasim,1,Additianal Cess Amount,,0.0,[],419,2.09,2025-07-17 02:19:06,2025-07-17 02:20:35
_000013845-0001_SI_Sales_24-25_635.pdf,Grasim,2,Invoice No,24-25/635,0.95,"[450, 60, 520, 80]",416,2.08,2025-07-17 02:19:06,2025-07-17 02:22:01
_000013845-0001_SI_Sales_24-25_635.pdf,Grasim,2,Invoice Date,4-Dec-24,0.95,"[600, 60, 660, 80]",416,2.08,2025-07-17 02:19:06,2025-07-17 02:22:01
_000013845-0001_SI_Sales_24-25_635.pdf,Grasim,2,Seller GSTIN,09AAVFB7148K1ZO,0.95,"[150, 120, 280, 140]",416,2.08,2025-07-17 02:19:06,2025-07-17 02:22:01
_000013845-0001_SI_Sales_24-25_635.pdf,Grasim,2,Seller Pan,AAVFB7148K,0.9,"[150, 140, 240, 160]",416,2.08,2025-07-17 02:19:06,2025-07-17 02:22:01
_000013845-0001_SI_Sales_24-25_635.pdf,Grasim,2,Seller Name,BIUT BATH INDUSTRY LLP,0.95,"[100, 80, 300, 100]",416,2.08,2025-07-17 02:19:06,2025-07-17 02:22:01
_000013845-0001_SI_Sales_24-25_635.pdf,Grasim,2,Buyer GSTIN,29AAACG4464B1ZU,0.95,"[150, 260, 280, 280]",416,2.08,2025-07-17 02:19:06,2025-07-17 02:22:01
_000013845-0001_SI_Sales_24-25_635.pdf,Grasim,2,Buyer Name,GRASIM INDUSTRIES LIMITED,0.95,"[100, 220, 300, 240]",416,2.08,2025-07-17 02:19:06,2025-07-17 02:22:01
_000013845-0001_SI_Sales_24-25_635.pdf,Grasim,2,Buyer Pan,AAACG4464B,0.9,"[150, 280, 240, 300]",416,2.08,2025-07-17 02:19:06,2025-07-17 02:22:01
_000013845-0001_SI_Sales_24-25_635.pdf,Grasim,2,Ship to GSTIN,,0.0,[],416,2.08,2025-07-17 02:19:06,2025-07-17 02:22:01
_000013845-0001_SI_Sales_24-25_635.pdf,Grasim,2,Ship to Name,GRASIM INDUSTRIES LIMITED,0.95,"[100, 160, 300, 180]",416,2.08,2025-07-17 02:19:06,2025-07-17 02:22:01
_000013845-0001_SI_Sales_24-25_635.pdf,Grasim,2,Subtotal Amount,,0.0,[],416,2.08,2025-07-17 02:19:06,2025-07-17 02:22:01
_000013845-0001_SI_Sales_24-25_635.pdf,Grasim,2,Discount Amount,,0.0,[],416,2.08,2025-07-17 02:19:06,2025-07-17 02:22:01
_000013845-0001_SI_Sales_24-25_635.pdf,Grasim,2,CGST Amount,,0.0,[],416,2.08,2025-07-17 02:19:06,2025-07-17 02:22:01
_000013845-0001_SI_Sales_24-25_635.pdf,Grasim,2,SGST Amount,,0.0,[],416,2.08,2025-07-17 02:19:06,2025-07-17 02:22:01
_000013845-0001_SI_Sales_24-25_635.pdf,Grasim,2,IGST Amount,,0.0,[],416,2.08,2025-07-17 02:19:06,2025-07-17 02:22:01
_000013845-0001_SI_Sales_24-25_635.pdf,Grasim,2,Cess Amount,,0.0,[],416,2.08,2025-07-17 02:19:06,2025-07-17 02:22:01
_000013845-0001_SI_Sales_24-25_635.pdf,Grasim,2,Additianal Cess Amount,,0.0,[],416,2.08,2025-07-17 02:19:06,2025-07-17 02:22:01
_000013845-0001_SI_Sales_24-25_635.pdf,Grasim,3,Invoice No,24-25/635,0.95,"[450, 60, 530, 80]",440,2.2,2025-07-17 02:19:06,2025-07-17 02:23:45
_000013845-0001_SI_Sales_24-25_635.pdf,Grasim,3,Invoice Date,4-Dec-24,0.95,"[600, 60, 680, 80]",440,2.2,2025-07-17 02:19:06,2025-07-17 02:23:45
_000013845-0001_SI_Sales_24-25_635.pdf,Grasim,3,Seller GSTIN,09AAVFB7148K1ZO,0.95,"[200, 120, 350, 140]",440,2.2,2025-07-17 02:19:06,2025-07-17 02:23:45
_000013845-0001_SI_Sales_24-25_635.pdf,Grasim,3,Seller Pan,M-9630101060,0.95,"[200, 140, 300, 160]",440,2.2,2025-07-17 02:19:06,2025-07-17 02:23:45
_000013845-0001_SI_Sales_24-25_635.pdf,Grasim,3,Seller Name,BIUT BATH INDUSTRY LLP,0.95,"[100, 60, 350, 80]",440,2.2,2025-07-17 02:19:06,2025-07-17 02:23:45
_000013845-0001_SI_Sales_24-25_635.pdf,Grasim,3,Buyer GSTIN,29AAACG4464B1ZU,0.95,"[200, 260, 350, 280]",440,2.2,2025-07-17 02:19:06,2025-07-17 02:23:45
_000013845-0001_SI_Sales_24-25_635.pdf,Grasim,3,Buyer Name,GRASIM INDUSTRIES LIMITED,0.95,"[100, 220, 350, 240]",440,2.2,2025-07-17 02:19:06,2025-07-17 02:23:45
_000013845-0001_SI_Sales_24-25_635.pdf,Grasim,3,Buyer Pan,PO/KA/25/00018341,0.95,"[450, 220, 600, 240]",440,2.2,2025-07-17 02:19:06,2025-07-17 02:23:45
_000013845-0001_SI_Sales_24-25_635.pdf,Grasim,3,Ship to GSTIN,,0.0,"[0, 0, 0, 0]",440,2.2,2025-07-17 02:19:06,2025-07-17 02:23:45
_000013845-0001_SI_Sales_24-25_635.pdf,Grasim,3,Ship to Name,GRASIM INDUSTRIES LIMITED,0.95,"[100, 180, 350, 200]",440,2.2,2025-07-17 02:19:06,2025-07-17 02:23:45
_000013845-0001_SI_Sales_24-25_635.pdf,Grasim,3,Subtotal Amount,"1,58,392.00",0.95,"[650, 580, 750, 600]",440,2.2,2025-07-17 02:19:06,2025-07-17 02:23:45
_000013845-0001_SI_Sales_24-25_635.pdf,Grasim,3,Discount Amount,0.00,0.0,"[0, 0, 0, 0]",440,2.2,2025-07-17 02:19:06,2025-07-17 02:23:45
_000013845-0001_SI_Sales_24-25_635.pdf,Grasim,3,CGST Amount,0.00,0.0,"[0, 0, 0, 0]",440,2.2,2025-07-17 02:19:06,2025-07-17 02:23:45
_000013845-0001_SI_Sales_24-25_635.pdf,Grasim,3,SGST Amount,0.00,0.0,"[0, 0, 0, 0]",440,2.2,2025-07-17 02:19:06,2025-07-17 02:23:45
_000013845-0001_SI_Sales_24-25_635.pdf,Grasim,3,IGST Amount,"28,510.56",0.95,"[650, 640, 750, 660]",440,2.2,2025-07-17 02:19:06,2025-07-17 02:23:45
_000013845-0001_SI_Sales_24-25_635.pdf,Grasim,3,Cess Amount,0.44,0.95,"[750, 580, 800, 600]",440,2.2,2025-07-17 02:19:06,2025-07-17 02:23:45
_000013845-0001_SI_Sales_24-25_635.pdf,Grasim,3,Additianal Cess Amount,0.00,0.0,"[0, 0, 0, 0]",440,2.2,2025-07-17 02:19:06,2025-07-17 02:23:45
_QS0686F956BCXX-0002_SI_GRASIM INDUSTRIES.pdf,Grasim,1,Invoice No,SIG/06317/25-26,0.95,"[320, 160, 420, 180]",432,2.16,2025-07-17 02:23:45,2025-07-17 02:25:31
_QS0686F956BCXX-0002_SI_GRASIM INDUSTRIES.pdf,Grasim,1,Invoice Date,15-Jul-25,0.95,"[550, 160, 630, 180]",432,2.16,2025-07-17 02:23:45,2025-07-17 02:25:31
_QS0686F956BCXX-0002_SI_GRASIM INDUSTRIES.pdf,Grasim,1,Seller GSTIN,33AABFP6358D1ZG,0.95,"[100, 220, 250, 240]",432,2.16,2025-07-17 02:23:45,2025-07-17 02:25:31
_QS0686F956BCXX-0002_SI_GRASIM INDUSTRIES.pdf,Grasim,1,Seller Pan,AABFP6358D,0.95,"[100, 240, 180, 260]",432,2.16,2025-07-17 02:23:45,2025-07-17 02:25:31
_QS0686F956BCXX-0002_SI_GRASIM INDUSTRIES.pdf,Grasim,1,Seller Name,Pioneer Steels,0.95,"[100, 180, 220, 200]",432,2.16,2025-07-17 02:23:45,2025-07-17 02:25:31
_QS0686F956BCXX-0002_SI_GRASIM INDUSTRIES.pdf,Grasim,1,Buyer GSTIN,29AAACG4464B1ZU,0.95,"[300, 300, 450, 320]",432,2.16,2025-07-17 02:23:45,2025-07-17 02:25:31
_QS0686F956BCXX-0002_SI_GRASIM INDUSTRIES.pdf,Grasim,1,Buyer Name,GRASIM INDUSTRIES LIMITED - UNIT HARIHAR POLYFIBERS & GRASILENE DIVISION,0.95,"[100, 280, 500, 300]",432,2.16,2025-07-17 02:23:45,2025-07-17 02:25:31
_QS0686F956BCXX-0002_SI_GRASIM INDUSTRIES.pdf,Grasim,1,Buyer Pan,AAACG4464B,0.95,"[300, 320, 380, 340]",432,2.16,2025-07-17 02:23:45,2025-07-17 02:25:31
_QS0686F956BCXX-0002_SI_GRASIM INDUSTRIES.pdf,Grasim,1,Ship to GSTIN,33AAVFG6779R1Z3,0.95,"[300, 500, 450, 520]",432,2.16,2025-07-17 02:23:45,2025-07-17 02:25:31
_QS0686F956BCXX-0002_SI_GRASIM INDUSTRIES.pdf,Grasim,1,Ship to Name,GRASIM INDUSTRIES LIMITED - UNIT HARIHAR POLYFIBERS & GRASILENE DIVISION,0.95,"[100, 460, 500, 480]",432,2.16,2025-07-17 02:23:45,2025-07-17 02:25:31
_QS0686F956BCXX-0002_SI_GRASIM INDUSTRIES.pdf,Grasim,1,Subtotal Amount,"6,06,965.00",0.95,"[600, 560, 680, 580]",432,2.16,2025-07-17 02:23:45,2025-07-17 02:25:31
_QS0686F956BCXX-0002_SI_GRASIM INDUSTRIES.pdf,Grasim,1,Discount Amount,0.30,0.95,"[600, 580, 630, 600]",432,2.16,2025-07-17 02:23:45,2025-07-17 02:25:31
_QS0686F956BCXX-0002_SI_GRASIM INDUSTRIES.pdf,Grasim,1,CGST Amount,0.00,0.95,"[0, 0, 0, 0]",432,2.16,2025-07-17 02:23:45,2025-07-17 02:25:31
_QS0686F956BCXX-0002_SI_GRASIM INDUSTRIES.pdf,Grasim,1,SGST Amount,0.00,0.95,"[0, 0, 0, 0]",432,2.16,2025-07-17 02:23:45,2025-07-17 02:25:31
_QS0686F956BCXX-0002_SI_GRASIM INDUSTRIES.pdf,Grasim,1,IGST Amount,"1,09,253.70",0.95,"[600, 580, 680, 600]",432,2.16,2025-07-17 02:23:45,2025-07-17 02:25:31
_QS0686F956BCXX-0002_SI_GRASIM INDUSTRIES.pdf,Grasim,1,Cess Amount,0.00,0.95,"[0, 0, 0, 0]",432,2.16,2025-07-17 02:23:45,2025-07-17 02:25:31
_QS0686F956BCXX-0002_SI_GRASIM INDUSTRIES.pdf,Grasim,1,Additianal Cess Amount,0.00,0.95,"[0, 0, 0, 0]",432,2.16,2025-07-17 02:23:45,2025-07-17 02:25:31
_QS0686F956BCXX-0002_SI_GRASIM INDUSTRIES.pdf,Grasim,2,Invoice No,SIG/06317/25-26,0.95,"[120, 100, 280, 120]",427,2.13,2025-07-17 02:23:45,2025-07-17 02:27:07
_QS0686F956BCXX-0002_SI_GRASIM INDUSTRIES.pdf,Grasim,2,Invoice Date,15-Jul-25,0.95,"[120, 120, 200, 140]",427,2.13,2025-07-17 02:23:45,2025-07-17 02:27:07
_QS0686F956BCXX-0002_SI_GRASIM INDUSTRIES.pdf,Grasim,2,Seller GSTIN,33AABFP6358D1ZG,0.95,"[120, 220, 280, 240]",427,2.13,2025-07-17 02:23:45,2025-07-17 02:27:07
_QS0686F956BCXX-0002_SI_GRASIM INDUSTRIES.pdf,Grasim,2,Seller Pan,,0.0,[],427,2.13,2025-07-17 02:23:45,2025-07-17 02:27:07
_QS0686F956BCXX-0002_SI_GRASIM INDUSTRIES.pdf,Grasim,2,Seller Name,Pioneer Steels,0.95,"[120, 200, 240, 220]",427,2.13,2025-07-17 02:23:45,2025-07-17 02:27:07
_QS0686F956BCXX-0002_SI_GRASIM INDUSTRIES.pdf,Grasim,2,Buyer GSTIN,29AAACG4464B1ZU,0.95,"[400, 220, 560, 240]",427,2.13,2025-07-17 02:23:45,2025-07-17 02:27:07
_QS0686F956BCXX-0002_SI_GRASIM INDUSTRIES.pdf,Grasim,2,Buyer Name,GRASIM INDUSTRIES LIMITED - UNIT HARIHAR POLYFIBERS & GRASILENE DIVISION,0.95,"[400, 200, 680, 220]",427,2.13,2025-07-17 02:23:45,2025-07-17 02:27:07
_QS0686F956BCXX-0002_SI_GRASIM INDUSTRIES.pdf,Grasim,2,Buyer Pan,,0.0,[],427,2.13,2025-07-17 02:23:45,2025-07-17 02:27:07
_QS0686F956BCXX-0002_SI_GRASIM INDUSTRIES.pdf,Grasim,2,Ship to GSTIN,33AAVFG6779R1Z3,0.95,"[400, 320, 560, 340]",427,2.13,2025-07-17 02:23:45,2025-07-17 02:27:07
_QS0686F956BCXX-0002_SI_GRASIM INDUSTRIES.pdf,Grasim,2,Ship to Name,GLOBAL INFRA PROJECTS,0.95,"[400, 300, 560, 320]",427,2.13,2025-07-17 02:23:45,2025-07-17 02:27:07
_QS0686F956BCXX-0002_SI_GRASIM INDUSTRIES.pdf,Grasim,2,Subtotal Amount,"6,06,965.00",0.95,"[120, 560, 240, 580]",427,2.13,2025-07-17 02:23:45,2025-07-17 02:27:07
_QS0686F956BCXX-0002_SI_GRASIM INDUSTRIES.pdf,Grasim,2,Discount Amount,0.30,0.95,"[320, 560, 400, 580]",427,2.13,2025-07-17 02:23:45,2025-07-17 02:27:07
_QS0686F956BCXX-0002_SI_GRASIM INDUSTRIES.pdf,Grasim,2,CGST Amount,,0.0,[],427,2.13,2025-07-17 02:23:45,2025-07-17 02:27:07
_QS0686F956BCXX-0002_SI_GRASIM INDUSTRIES.pdf,Grasim,2,SGST Amount,,0.0,[],427,2.13,2025-07-17 02:23:45,2025-07-17 02:27:07
_QS0686F956BCXX-0002_SI_GRASIM INDUSTRIES.pdf,Grasim,2,IGST Amount,"1,09,253.70",0.95,"[120, 580, 240, 600]",427,2.13,2025-07-17 02:23:45,2025-07-17 02:27:07
_QS0686F956BCXX-0002_SI_GRASIM INDUSTRIES.pdf,Grasim,2,Cess Amount,,0.0,[],427,2.13,2025-07-17 02:23:45,2025-07-17 02:27:07
_QS0686F956BCXX-0002_SI_GRASIM INDUSTRIES.pdf,Grasim,2,Additianal Cess Amount,,0.0,[],427,2.13,2025-07-17 02:23:45,2025-07-17 02:27:07
_000009338-0001_SI_GRASIM BILL NO - 2184.pdf,Grasim,1,Invoice No,GSTT/2184,0.95,"[200, 260, 300, 280]",424,2.12,2025-07-17 02:27:07,2025-07-17 02:28:48
_000009338-0001_SI_GRASIM BILL NO - 2184.pdf,Grasim,1,Invoice Date,18/08/2024,0.95,"[350, 260, 450, 280]",424,2.12,2025-07-17 02:27:07,2025-07-17 02:28:48
_000009338-0001_SI_GRASIM BILL NO - 2184.pdf,Grasim,1,Seller GSTIN,24AALCS2727A1ZP,0.95,"[600, 120, 750, 140]",424,2.12,2025-07-17 02:27:07,2025-07-17 02:28:48
_000009338-0001_SI_GRASIM BILL NO - 2184.pdf,Grasim,1,Seller Pan,AALCS2727A,0.95,"[150, 120, 250, 140]",424,2.12,2025-07-17 02:27:07,2025-07-17 02:28:48
_000009338-0001_SI_GRASIM BILL NO - 2184.pdf,Grasim,1,Seller Name,GRAFITE CERAMICS PVT LTD,0.95,"[600, 1000, 800, 1020]",424,2.12,2025-07-17 02:27:07,2025-07-17 02:28:48
_000009338-0001_SI_GRASIM BILL NO - 2184.pdf,Grasim,1,Buyer GSTIN,24AAACG4464B9ZW,0.95,"[200, 400, 350, 420]",424,2.12,2025-07-17 02:27:07,2025-07-17 02:28:48
_000009338-0001_SI_GRASIM BILL NO - 2184.pdf,Grasim,1,Buyer Name,GRASIM INDUSTRIES LIMITED,0.95,"[150, 320, 350, 340]",424,2.12,2025-07-17 02:27:07,2025-07-17 02:28:48
_000009338-0001_SI_GRASIM BILL NO - 2184.pdf,Grasim,1,Buyer Pan,AAACG4464B,0.95,"[200, 420, 300, 440]",424,2.12,2025-07-17 02:27:07,2025-07-17 02:28:48
_000009338-0001_SI_GRASIM BILL NO - 2184.pdf,Grasim,1,Ship to GSTIN,,0.95,"[550, 320, 650, 340]",424,2.12,2025-07-17 02:27:07,2025-07-17 02:28:48
_000009338-0001_SI_GRASIM BILL NO - 2184.pdf,Grasim,1,Ship to Name,MASKE TRADERS,0.95,"[550, 290, 650, 310]",424,2.12,2025-07-17 02:27:07,2025-07-17 02:28:48
_000009338-0001_SI_GRASIM BILL NO - 2184.pdf,Grasim,1,Subtotal Amount,217306.13,0.95,"[650, 750, 750, 770]",424,2.12,2025-07-17 02:27:07,2025-07-17 02:28:48
_000009338-0001_SI_GRASIM BILL NO - 2184.pdf,Grasim,1,Discount Amount,1081.13,0.95,"[650, 730, 750, 750]",424,2.12,2025-07-17 02:27:07,2025-07-17 02:28:48
_000009338-0001_SI_GRASIM BILL NO - 2184.pdf,Grasim,1,CGST Amount,19557.55,0.95,"[650, 790, 750, 810]",424,2.12,2025-07-17 02:27:07,2025-07-17 02:28:48
_000009338-0001_SI_GRASIM BILL NO - 2184.pdf,Grasim,1,SGST Amount,19557.55,0.95,"[650, 810, 750, 830]",424,2.12,2025-07-17 02:27:07,2025-07-17 02:28:48
_000009338-0001_SI_GRASIM BILL NO - 2184.pdf,Grasim,1,IGST Amount,0.00,0.95,"[0, 0, 0, 0]",424,2.12,2025-07-17 02:27:07,2025-07-17 02:28:48
_000009338-0001_SI_GRASIM BILL NO - 2184.pdf,Grasim,1,Cess Amount,0.00,0.95,"[0, 0, 0, 0]",424,2.12,2025-07-17 02:27:07,2025-07-17 02:28:48
_000009338-0001_SI_GRASIM BILL NO - 2184.pdf,Grasim,1,Additianal Cess Amount,0.00,0.95,"[0, 0, 0, 0]",424,2.12,2025-07-17 02:27:07,2025-07-17 02:28:48
_QS0683AFF94HFK-0001_SI_13-4-2024 TOTAL INVOICES.pdf,Grasim,1,Invoice No,917800419,0.95,"[360, 120, 460, 140]",439,2.19,2025-07-17 02:28:48,2025-07-17 02:30:37
_QS0683AFF94HFK-0001_SI_13-4-2024 TOTAL INVOICES.pdf,Grasim,1,Invoice Date,13.04.2025,0.95,"[560, 120, 660, 140]",439,2.19,2025-07-17 02:28:48,2025-07-17 02:30:37
_QS0683AFF94HFK-0001_SI_13-4-2024 TOTAL INVOICES.pdf,Grasim,1,Seller GSTIN,37AAACL6442L1Z9,0.95,"[100, 160, 260, 180]",439,2.19,2025-07-17 02:28:48,2025-07-17 02:30:37
_QS0683AFF94HFK-0001_SI_13-4-2024 TOTAL INVOICES.pdf,Grasim,1,Seller Pan,AAACL6442L,0.95,"[300, 200, 400, 220]",439,2.19,2025-07-17 02:28:48,2025-07-17 02:30:37
_QS0683AFF94HFK-0001_SI_13-4-2024 TOTAL INVOICES.pdf,Grasim,1,Seller Name,UltraTech Cement Limited,0.95,"[100, 180, 300, 200]",439,2.19,2025-07-17 02:28:48,2025-07-17 02:30:37
_QS0683AFF94HFK-0001_SI_13-4-2024 TOTAL INVOICES.pdf,Grasim,1,Buyer GSTIN,29AAACG4464B1ZU,0.95,"[300, 320, 460, 340]",439,2.19,2025-07-17 02:28:48,2025-07-17 02:30:37
_QS0683AFF94HFK-0001_SI_13-4-2024 TOTAL INVOICES.pdf,Grasim,1,Buyer Name,GRASIM INDUSTRIES LIMITED,0.95,"[100, 260, 300, 280]",439,2.19,2025-07-17 02:28:48,2025-07-17 02:30:37
_QS0683AFF94HFK-0001_SI_13-4-2024 TOTAL INVOICES.pdf,Grasim,1,Buyer Pan,AAACG4464B,0.95,"[300, 300, 400, 320]",439,2.19,2025-07-17 02:28:48,2025-07-17 02:30:37
_QS0683AFF94HFK-0001_SI_13-4-2024 TOTAL INVOICES.pdf,Grasim,1,Ship to GSTIN,29AAACG4464B1ZU,0.95,"[300, 320, 460, 340]",439,2.19,2025-07-17 02:28:48,2025-07-17 02:30:37
_QS0683AFF94HFK-0001_SI_13-4-2024 TOTAL INVOICES.pdf,Grasim,1,Ship to Name,GRASIM INDUSTRIES LIMITED,0.95,"[100, 340, 300, 360]",439,2.19,2025-07-17 02:28:48,2025-07-17 02:30:37
_QS0683AFF94HFK-0001_SI_13-4-2024 TOTAL INVOICES.pdf,Grasim,1,Subtotal Amount,1005300.00,0.95,"[700, 680, 800, 700]",439,2.19,2025-07-17 02:28:48,2025-07-17 02:30:37
_QS0683AFF94HFK-0001_SI_13-4-2024 TOTAL INVOICES.pdf,Grasim,1,Discount Amount,0.00,0.95,"[700, 680, 800, 700]",439,2.19,2025-07-17 02:28:48,2025-07-17 02:30:37
_QS0683AFF94HFK-0001_SI_13-4-2024 TOTAL INVOICES.pdf,Grasim,1,CGST Amount,0.00,0.95,"[700, 680, 800, 700]",439,2.19,2025-07-17 02:28:48,2025-07-17 02:30:37
_QS0683AFF94HFK-0001_SI_13-4-2024 TOTAL INVOICES.pdf,Grasim,1,SGST Amount,0.00,0.95,"[700, 680, 800, 700]",439,2.19,2025-07-17 02:28:48,2025-07-17 02:30:37
_QS0683AFF94HFK-0001_SI_13-4-2024 TOTAL INVOICES.pdf,Grasim,1,IGST Amount,180954.00,0.95,"[700, 680, 800, 700]",439,2.19,2025-07-17 02:28:48,2025-07-17 02:30:37
_QS0683AFF94HFK-0001_SI_13-4-2024 TOTAL INVOICES.pdf,Grasim,1,Cess Amount,0.00,0.95,"[700, 680, 800, 700]",439,2.19,2025-07-17 02:28:48,2025-07-17 02:30:37
_QS0683AFF94HFK-0001_SI_13-4-2024 TOTAL INVOICES.pdf,Grasim,1,Additianal Cess Amount,0.00,0.95,"[700, 680, 800, 700]",439,2.19,2025-07-17 02:28:48,2025-07-17 02:30:37
_QS0683AFF94HFK-0001_SI_13-4-2024 TOTAL INVOICES.pdf,Grasim,2,Invoice No,,0.0,[],384,1.92,2025-07-17 02:28:48,2025-07-17 02:31:42
_QS0683AFF94HFK-0001_SI_13-4-2024 TOTAL INVOICES.pdf,Grasim,2,Invoice Date,,0.0,[],384,1.92,2025-07-17 02:28:48,2025-07-17 02:31:42
_QS0683AFF94HFK-0001_SI_13-4-2024 TOTAL INVOICES.pdf,Grasim,2,Seller GSTIN,,0.0,[],384,1.92,2025-07-17 02:28:48,2025-07-17 02:31:42
_QS0683AFF94HFK-0001_SI_13-4-2024 TOTAL INVOICES.pdf,Grasim,2,Seller Pan,,0.0,[],384,1.92,2025-07-17 02:28:48,2025-07-17 02:31:42
_QS0683AFF94HFK-0001_SI_13-4-2024 TOTAL INVOICES.pdf,Grasim,2,Seller Name,UltraTech Cement Limited,0.95,[],384,1.92,2025-07-17 02:28:48,2025-07-17 02:31:42
_QS0683AFF94HFK-0001_SI_13-4-2024 TOTAL INVOICES.pdf,Grasim,2,Buyer GSTIN,,0.0,[],384,1.92,2025-07-17 02:28:48,2025-07-17 02:31:42
_QS0683AFF94HFK-0001_SI_13-4-2024 TOTAL INVOICES.pdf,Grasim,2,Buyer Name,,0.0,[],384,1.92,2025-07-17 02:28:48,2025-07-17 02:31:42
_QS0683AFF94HFK-0001_SI_13-4-2024 TOTAL INVOICES.pdf,Grasim,2,Buyer Pan,,0.0,[],384,1.92,2025-07-17 02:28:48,2025-07-17 02:31:42
_QS0683AFF94HFK-0001_SI_13-4-2024 TOTAL INVOICES.pdf,Grasim,2,Ship to GSTIN,,0.0,[],384,1.92,2025-07-17 02:28:48,2025-07-17 02:31:42
_QS0683AFF94HFK-0001_SI_13-4-2024 TOTAL INVOICES.pdf,Grasim,2,Ship to Name,,0.0,[],384,1.92,2025-07-17 02:28:48,2025-07-17 02:31:42
_QS0683AFF94HFK-0001_SI_13-4-2024 TOTAL INVOICES.pdf,Grasim,2,Subtotal Amount,596900.00,0.95,[],384,1.92,2025-07-17 02:28:48,2025-07-17 02:31:42
_QS0683AFF94HFK-0001_SI_13-4-2024 TOTAL INVOICES.pdf,Grasim,2,Discount Amount,107442.00,0.95,[],384,1.92,2025-07-17 02:28:48,2025-07-17 02:31:42
_QS0683AFF94HFK-0001_SI_13-4-2024 TOTAL INVOICES.pdf,Grasim,2,CGST Amount,0.00,0.95,[],384,1.92,2025-07-17 02:28:48,2025-07-17 02:31:42
_QS0683AFF94HFK-0001_SI_13-4-2024 TOTAL INVOICES.pdf,Grasim,2,SGST Amount,0.00,0.95,[],384,1.92,2025-07-17 02:28:48,2025-07-17 02:31:42
_QS0683AFF94HFK-0001_SI_13-4-2024 TOTAL INVOICES.pdf,Grasim,2,IGST Amount,127000.00,0.95,[],384,1.92,2025-07-17 02:28:48,2025-07-17 02:31:42
_QS0683AFF94HFK-0001_SI_13-4-2024 TOTAL INVOICES.pdf,Grasim,2,Cess Amount,0.00,0.95,[],384,1.92,2025-07-17 02:28:48,2025-07-17 02:31:42
_QS0683AFF94HFK-0001_SI_13-4-2024 TOTAL INVOICES.pdf,Grasim,2,Additianal Cess Amount,0.00,0.95,[],384,1.92,2025-07-17 02:28:48,2025-07-17 02:31:42
chettinad 3.pdf,Grasim,1,Invoice No,DW20134368,0.95,"[220, 420, 320, 440]",441,2.21,2025-07-17 02:31:42,2025-07-17 02:33:30
chettinad 3.pdf,Grasim,1,Invoice Date,10.07.2025,0.95,"[320, 420, 420, 440]",441,2.21,2025-07-17 02:31:42,2025-07-17 02:33:30
chettinad 3.pdf,Grasim,1,Seller GSTIN,37AAACC3130A1ZI,0.95,"[500, 100, 650, 120]",441,2.21,2025-07-17 02:31:42,2025-07-17 02:33:30
chettinad 3.pdf,Grasim,1,Seller Pan,AAACC3130A,0.95,"[660, 120, 760, 140]",441,2.21,2025-07-17 02:31:42,2025-07-17 02:33:30
chettinad 3.pdf,Grasim,1,Seller Name,CHETTINAD CEMENT CORPORATION PRIVATE LIMITED,0.95,"[200, 100, 700, 140]",441,2.21,2025-07-17 02:31:42,2025-07-17 02:33:30
chettinad 3.pdf,Grasim,1,Buyer GSTIN,29AAACG4464B1ZU,0.95,"[400, 240, 550, 260]",441,2.21,2025-07-17 02:31:42,2025-07-17 02:33:30
chettinad 3.pdf,Grasim,1,Buyer Name,GRASIM INDUSTRIES LIMITED,0.95,"[250, 180, 450, 200]",441,2.21,2025-07-17 02:31:42,2025-07-17 02:33:30
chettinad 3.pdf,Grasim,1,Buyer Pan,AAACG4464B,0.95,"[350, 260, 450, 280]",441,2.21,2025-07-17 02:31:42,2025-07-17 02:33:30
chettinad 3.pdf,Grasim,1,Ship to GSTIN,29AAACG4464B1ZU,0.95,"[600, 240, 750, 260]",441,2.21,2025-07-17 02:31:42,2025-07-17 02:33:30
chettinad 3.pdf,Grasim,1,Ship to Name,GRASIM INDUSTRIES LIMITED,0.95,"[500, 180, 700, 200]",441,2.21,2025-07-17 02:31:42,2025-07-17 02:33:30
chettinad 3.pdf,Grasim,1,Subtotal Amount,170976.25,0.95,"[450, 560, 550, 580]",441,2.21,2025-07-17 02:31:42,2025-07-17 02:33:30
chettinad 3.pdf,Grasim,1,Discount Amount,0.00,0.95,"[450, 580, 550, 600]",441,2.21,2025-07-17 02:31:42,2025-07-17 02:33:30
chettinad 3.pdf,Grasim,1,CGST Amount,0.00,0.95,"[550, 620, 650, 640]",441,2.21,2025-07-17 02:31:42,2025-07-17 02:33:30
chettinad 3.pdf,Grasim,1,SGST Amount,0.00,0.95,"[450, 620, 550, 640]",441,2.21,2025-07-17 02:31:42,2025-07-17 02:33:30
chettinad 3.pdf,Grasim,1,IGST Amount,47873.35,0.95,"[550, 600, 650, 620]",441,2.21,2025-07-17 02:31:42,2025-07-17 02:33:30
chettinad 3.pdf,Grasim,1,Cess Amount,0.00,0.0,"[0, 0, 0, 0]",441,2.21,2025-07-17 02:31:42,2025-07-17 02:33:30
chettinad 3.pdf,Grasim,1,Additianal Cess Amount,0.00,0.0,"[0, 0, 0, 0]",441,2.21,2025-07-17 02:31:42,2025-07-17 02:33:30
_000000737-0001_SI_Grasim 6207178270.pdf,Grasim,1,Invoice No,RV6000082662,0.95,"[590, 100, 720, 120]",446,2.23,2025-07-17 02:33:30,2025-07-17 02:35:24
_000000737-0001_SI_Grasim 6207178270.pdf,Grasim,1,Invoice Date,10.11.2023,0.95,"[800, 100, 900, 120]",446,2.23,2025-07-17 02:33:30,2025-07-17 02:35:24
_000000737-0001_SI_Grasim 6207178270.pdf,Grasim,1,Seller GSTIN,21AAACJ7097D1ZS,0.95,"[100, 160, 280, 180]",446,2.23,2025-07-17 02:33:30,2025-07-17 02:35:24
_000000737-0001_SI_Grasim 6207178270.pdf,Grasim,1,Seller Pan,AAACJ7097D,0.95,"[700, 120, 800, 140]",446,2.23,2025-07-17 02:33:30,2025-07-17 02:35:24
_000000737-0001_SI_Grasim 6207178270.pdf,Grasim,1,Seller Name,JINDAL STEEL & POWER LIMITED,0.95,"[100, 40, 400, 60]",446,2.23,2025-07-17 02:33:30,2025-07-17 02:35:24
_000000737-0001_SI_Grasim 6207178270.pdf,Grasim,1,Buyer GSTIN,29AAACG4464B1ZU,0.95,"[100, 260, 260, 280]",446,2.23,2025-07-17 02:33:30,2025-07-17 02:35:24
_000000737-0001_SI_Grasim 6207178270.pdf,Grasim,1,Buyer Name,GRASIM INDUSTRIES LIMITED,0.95,"[100, 240, 300, 260]",446,2.23,2025-07-17 02:33:30,2025-07-17 02:35:24
_000000737-0001_SI_Grasim 6207178270.pdf,Grasim,1,Buyer Pan,AAACG4464B,0.95,"[100, 300, 200, 320]",446,2.23,2025-07-17 02:33:30,2025-07-17 02:35:24
_000000737-0001_SI_Grasim 6207178270.pdf,Grasim,1,Ship to GSTIN,29AAACG4464B1ZU,0.95,"[500, 260, 660, 280]",446,2.23,2025-07-17 02:33:30,2025-07-17 02:35:24
_000000737-0001_SI_Grasim 6207178270.pdf,Grasim,1,Ship to Name,"GRASIM INDUSTRIES LIMITED SURVEY NO.49.50,51,SHIVANAHALLI VILLAGE,YELAHANKA HOBLI, BENGALURU",0.95,"[500, 240, 850, 280]",446,2.23,2025-07-17 02:33:30,2025-07-17 02:35:24
_000000737-0001_SI_Grasim 6207178270.pdf,Grasim,1,Subtotal Amount,2335228.30,0.95,"[700, 560, 800, 580]",446,2.23,2025-07-17 02:33:30,2025-07-17 02:35:24
_000000737-0001_SI_Grasim 6207178270.pdf,Grasim,1,Discount Amount,0.00,0.95,"[600, 560, 700, 580]",446,2.23,2025-07-17 02:33:30,2025-07-17 02:35:24
_000000737-0001_SI_Grasim 6207178270.pdf,Grasim,1,CGST Amount,0.00,0.95,"[800, 560, 900, 580]",446,2.23,2025-07-17 02:33:30,2025-07-17 02:35:24
_000000737-0001_SI_Grasim 6207178270.pdf,Grasim,1,SGST Amount,0.00,0.95,"[800, 560, 900, 580]",446,2.23,2025-07-17 02:33:30,2025-07-17 02:35:24
_000000737-0001_SI_Grasim 6207178270.pdf,Grasim,1,IGST Amount,420341.08,0.95,"[800, 560, 900, 580]",446,2.23,2025-07-17 02:33:30,2025-07-17 02:35:24
_000000737-0001_SI_Grasim 6207178270.pdf,Grasim,1,Cess Amount,0.00,0.95,"[900, 560, 1000, 580]",446,2.23,2025-07-17 02:33:30,2025-07-17 02:35:24
_000000737-0001_SI_Grasim 6207178270.pdf,Grasim,1,Additianal Cess Amount,0.00,0.95,"[900, 560, 1000, 580]",446,2.23,2025-07-17 02:33:30,2025-07-17 02:35:24
9506016386 1.pdf,Zepto,1,Invoice No,9506016386,0.95,"[450, 200, 550, 220]",442,2.21,2025-07-17 02:35:24,2025-07-17 02:37:02
9506016386 1.pdf,Zepto,1,Invoice Date,17-May-2025,0.95,"[250, 130, 350, 150]",442,2.21,2025-07-17 02:35:24,2025-07-17 02:37:02
9506016386 1.pdf,Zepto,1,Seller GSTIN,06AAACH1004N1ZY,0.95,"[350, 100, 450, 120]",442,2.21,2025-07-17 02:35:24,2025-07-17 02:37:02
9506016386 1.pdf,Zepto,1,Seller Pan,AACFY8913A,0.95,"[350, 160, 450, 180]",442,2.21,2025-07-17 02:35:24,2025-07-17 02:37:02
9506016386 1.pdf,Zepto,1,Seller Name,Moonstone - Gurgaon G7 Ecom Warehouse,0.95,"[10, 20, 300, 100]",442,2.21,2025-07-17 02:35:24,2025-07-17 02:37:02
9506016386 1.pdf,Zepto,1,Buyer GSTIN,06AACFY8913A2ZB,0.95,"[250, 70, 350, 90]",442,2.21,2025-07-17 02:35:24,2025-07-17 02:37:02
9506016386 1.pdf,Zepto,1,Buyer Name,HINDUSTAN UNILEVER LIMITED,0.95,"[100, 180, 300, 200]",442,2.21,2025-07-17 02:35:24,2025-07-17 02:37:02
9506016386 1.pdf,Zepto,1,Buyer Pan,AACFY8913A,0.95,"[250, 140, 350, 160]",442,2.21,2025-07-17 02:35:24,2025-07-17 02:37:02
9506016386 1.pdf,Zepto,1,Ship to GSTIN,,0.0,"[0, 0, 0, 0]",442,2.21,2025-07-17 02:35:24,2025-07-17 02:37:02
9506016386 1.pdf,Zepto,1,Ship to Name,HINDUSTAN UNILEVER LIMITED,0.95,"[100, 180, 300, 200]",442,2.21,2025-07-17 02:35:24,2025-07-17 02:37:02
9506016386 1.pdf,Zepto,1,Subtotal Amount,,0.0,"[0, 0, 0, 0]",442,2.21,2025-07-17 02:35:24,2025-07-17 02:37:02
9506016386 1.pdf,Zepto,1,Discount Amount,,0.0,"[0, 0, 0, 0]",442,2.21,2025-07-17 02:35:24,2025-07-17 02:37:02
9506016386 1.pdf,Zepto,1,CGST Amount,,0.0,"[0, 0, 0, 0]",442,2.21,2025-07-17 02:35:24,2025-07-17 02:37:02
9506016386 1.pdf,Zepto,1,SGST Amount,,0.0,"[0, 0, 0, 0]",442,2.21,2025-07-17 02:35:24,2025-07-17 02:37:02
9506016386 1.pdf,Zepto,1,IGST Amount,,0.0,"[0, 0, 0, 0]",442,2.21,2025-07-17 02:35:24,2025-07-17 02:37:02
9506016386 1.pdf,Zepto,1,Cess Amount,,0.0,"[0, 0, 0, 0]",442,2.21,2025-07-17 02:35:24,2025-07-17 02:37:02
9506016386 1.pdf,Zepto,1,Additianal Cess Amount,,0.0,"[0, 0, 0, 0]",442,2.21,2025-07-17 02:35:24,2025-07-17 02:37:02
9506016386 1.pdf,Zepto,2,Invoice No,,0.0,[],400,2.0,2025-07-17 02:35:24,2025-07-17 02:38:17
9506016386 1.pdf,Zepto,2,Invoice Date,,0.0,[],400,2.0,2025-07-17 02:35:24,2025-07-17 02:38:17
9506016386 1.pdf,Zepto,2,Seller GSTIN,,0.0,[],400,2.0,2025-07-17 02:35:24,2025-07-17 02:38:17
9506016386 1.pdf,Zepto,2,Seller Pan,,0.0,[],400,2.0,2025-07-17 02:35:24,2025-07-17 02:38:17
9506016386 1.pdf,Zepto,2,Seller Name,,0.0,[],400,2.0,2025-07-17 02:35:24,2025-07-17 02:38:17
9506016386 1.pdf,Zepto,2,Buyer GSTIN,,0.0,[],400,2.0,2025-07-17 02:35:24,2025-07-17 02:38:17
9506016386 1.pdf,Zepto,2,Buyer Name,,0.0,[],400,2.0,2025-07-17 02:35:24,2025-07-17 02:38:17
9506016386 1.pdf,Zepto,2,Buyer Pan,,0.0,[],400,2.0,2025-07-17 02:35:24,2025-07-17 02:38:17
9506016386 1.pdf,Zepto,2,Ship to GSTIN,,0.0,[],400,2.0,2025-07-17 02:35:24,2025-07-17 02:38:17
9506016386 1.pdf,Zepto,2,Ship to Name,,0.0,[],400,2.0,2025-07-17 02:35:24,2025-07-17 02:38:17
9506016386 1.pdf,Zepto,2,Subtotal Amount,162521.16,0.95,"[290, 60, 360, 80]",400,2.0,2025-07-17 02:35:24,2025-07-17 02:38:17
9506016386 1.pdf,Zepto,2,Discount Amount,,0.0,[],400,2.0,2025-07-17 02:35:24,2025-07-17 02:38:17
9506016386 1.pdf,Zepto,2,CGST Amount,12381.16,0.95,"[300, 260, 370, 280]",400,2.0,2025-07-17 02:35:24,2025-07-17 02:38:17
9506016386 1.pdf,Zepto,2,SGST Amount,12381.16,0.95,"[300, 280, 370, 300]",400,2.0,2025-07-17 02:35:24,2025-07-17 02:38:17
9506016386 1.pdf,Zepto,2,IGST Amount,4402.13,0.95,"[290, 180, 360, 200]",400,2.0,2025-07-17 02:35:24,2025-07-17 02:38:17
9506016386 1.pdf,Zepto,2,Cess Amount,0.00,0.95,"[290, 200, 360, 220]",400,2.0,2025-07-17 02:35:24,2025-07-17 02:38:17
9506016386 1.pdf,Zepto,2,Additianal Cess Amount,0.00,0.95,"[290, 240, 360, 260]",400,2.0,2025-07-17 02:35:24,2025-07-17 02:38:17
9506016386 1.pdf,Zepto,3,Invoice No,5538112194,0.95,"[1100, 1000, 1250, 1030]",439,2.19,2025-07-17 02:35:24,2025-07-17 02:40:12
9506016386 1.pdf,Zepto,3,Invoice Date,15.05.2025,0.95,"[1100, 1050, 1200, 1080]",439,2.19,2025-07-17 02:35:24,2025-07-17 02:40:12
9506016386 1.pdf,Zepto,3,Seller GSTIN,06AAACH1004M1ZJ,0.95,"[1100, 1200, 1250, 1230]",439,2.19,2025-07-17 02:35:24,2025-07-17 02:40:12
9506016386 1.pdf,Zepto,3,Seller Pan,AAACH1004M,0.95,"[1100, 1250, 1200, 1280]",439,2.19,2025-07-17 02:35:24,2025-07-17 02:40:12
9506016386 1.pdf,Zepto,3,Seller Name,Hindustan Unilever Limited,0.95,"[1100, 1300, 1300, 1330]",439,2.19,2025-07-17 02:35:24,2025-07-17 02:40:12
9506016386 1.pdf,Zepto,3,Buyer GSTIN,20AACFY8132Z8AA,0.95,"[1100, 1400, 1250, 1430]",439,2.19,2025-07-17 02:35:24,2025-07-17 02:40:12
9506016386 1.pdf,Zepto,3,Buyer Name,Monostone Ventures LLP,0.95,"[1100, 1450, 1300, 1480]",439,2.19,2025-07-17 02:35:24,2025-07-17 02:40:12
9506016386 1.pdf,Zepto,3,Buyer Pan,AAACFY8132Z,0.95,"[1100, 1500, 1200, 1530]",439,2.19,2025-07-17 02:35:24,2025-07-17 02:40:12
9506016386 1.pdf,Zepto,3,Ship to GSTIN,20AACFY8132Z8AA,0.95,"[1100, 1550, 1250, 1580]",439,2.19,2025-07-17 02:35:24,2025-07-17 02:40:12
9506016386 1.pdf,Zepto,3,Ship to Name,Monostone Ventures LLP,0.95,"[1100, 1600, 1300, 1630]",439,2.19,2025-07-17 02:35:24,2025-07-17 02:40:12
9506016386 1.pdf,Zepto,3,Subtotal Amount,"31,125.47",0.95,"[1300, 1700, 1400, 1730]",439,2.19,2025-07-17 02:35:24,2025-07-17 02:40:12
9506016386 1.pdf,Zepto,3,Discount Amount,0.00,0.95,"[1300, 1750, 1400, 1780]",439,2.19,2025-07-17 02:35:24,2025-07-17 02:40:12
9506016386 1.pdf,Zepto,3,CGST Amount,0.00,0.95,"[1300, 1800, 1400, 1830]",439,2.19,2025-07-17 02:35:24,2025-07-17 02:40:12
9506016386 1.pdf,Zepto,3,SGST Amount,0.00,0.95,"[1300, 1850, 1400, 1880]",439,2.19,2025-07-17 02:35:24,2025-07-17 02:40:12
9506016386 1.pdf,Zepto,3,IGST Amount,"5,568.74",0.95,"[1300, 1900, 1400, 1930]",439,2.19,2025-07-17 02:35:24,2025-07-17 02:40:12
9506016386 1.pdf,Zepto,3,Cess Amount,0.00,0.95,"[1300, 1950, 1400, 1980]",439,2.19,2025-07-17 02:35:24,2025-07-17 02:40:12
9506016386 1.pdf,Zepto,3,Additianal Cess Amount,0.00,0.95,"[1300, 2000, 1400, 2030]",439,2.19,2025-07-17 02:35:24,2025-07-17 02:40:12
9506016386 1.pdf,Zepto,4,Invoice No,9500016366,0.95,"[1080, 10, 1180, 30]",442,2.21,2025-07-17 02:35:24,2025-07-17 02:42:04
9506016386 1.pdf,Zepto,4,Invoice Date,17-07-2025,0.95,"[1080, 30, 1180, 50]",442,2.21,2025-07-17 02:35:24,2025-07-17 02:42:04
9506016386 1.pdf,Zepto,4,Seller GSTIN,2027042025004,0.95,"[10, 10, 120, 30]",442,2.21,2025-07-17 02:35:24,2025-07-17 02:42:04
9506016386 1.pdf,Zepto,4,Seller Pan,AACCA0720E,0.95,"[10, 30, 120, 50]",442,2.21,2025-07-17 02:35:24,2025-07-17 02:42:04
9506016386 1.pdf,Zepto,4,Seller Name,SURF EXCEL LIQUID DETERGENT,0.95,"[10, 50, 250, 70]",442,2.21,2025-07-17 02:35:24,2025-07-17 02:42:04
9506016386 1.pdf,Zepto,4,Buyer GSTIN,2027042025004,0.95,"[10, 100, 120, 120]",442,2.21,2025-07-17 02:35:24,2025-07-17 02:42:04
9506016386 1.pdf,Zepto,4,Buyer Name,SURF EXCEL LIQUID DETERGENT,0.95,"[10, 120, 250, 140]",442,2.21,2025-07-17 02:35:24,2025-07-17 02:42:04
9506016386 1.pdf,Zepto,4,Buyer Pan,AACCA0720E,0.95,"[10, 140, 120, 160]",442,2.21,2025-07-17 02:35:24,2025-07-17 02:42:04
9506016386 1.pdf,Zepto,4,Ship to GSTIN,2027042025004,0.95,"[10, 180, 120, 200]",442,2.21,2025-07-17 02:35:24,2025-07-17 02:42:04
9506016386 1.pdf,Zepto,4,Ship to Name,SURF EXCEL LIQUID DETERGENT,0.95,"[10, 200, 250, 220]",442,2.21,2025-07-17 02:35:24,2025-07-17 02:42:04
9506016386 1.pdf,Zepto,4,Subtotal Amount,1773.75,0.95,"[1080, 1080, 1180, 1100]",442,2.21,2025-07-17 02:35:24,2025-07-17 02:42:04
9506016386 1.pdf,Zepto,4,Discount Amount,0.00,0.95,"[1080, 1100, 1180, 1120]",442,2.21,2025-07-17 02:35:24,2025-07-17 02:42:04
9506016386 1.pdf,Zepto,4,CGST Amount,0.00,0.95,"[1080, 1120, 1180, 1140]",442,2.21,2025-07-17 02:35:24,2025-07-17 02:42:04
9506016386 1.pdf,Zepto,4,SGST Amount,0.00,0.95,"[1080, 1140, 1180, 1160]",442,2.21,2025-07-17 02:35:24,2025-07-17 02:42:04
9506016386 1.pdf,Zepto,4,IGST Amount,305.30,0.95,"[1080, 1160, 1180, 1180]",442,2.21,2025-07-17 02:35:24,2025-07-17 02:42:04
9506016386 1.pdf,Zepto,4,Cess Amount,0.00,0.95,"[1080, 1180, 1180, 1200]",442,2.21,2025-07-17 02:35:24,2025-07-17 02:42:04
9506016386 1.pdf,Zepto,4,Additianal Cess Amount,0.00,0.95,"[1080, 1200, 1180, 1220]",442,2.21,2025-07-17 02:35:24,2025-07-17 02:42:04
9506016386 1.pdf,Zepto,5,Invoice No,950601686,0.95,"[1600, 100, 1700, 130]",440,2.2,2025-07-17 02:35:24,2025-07-17 02:43:56
9506016386 1.pdf,Zepto,5,Invoice Date,17-07-2025,0.95,"[1600, 150, 1700, 180]",440,2.2,2025-07-17 02:35:24,2025-07-17 02:43:56
9506016386 1.pdf,Zepto,5,Seller GSTIN,20AACCA0270S1ZI,0.95,"[100, 200, 250, 230]",440,2.2,2025-07-17 02:35:24,2025-07-17 02:43:56
9506016386 1.pdf,Zepto,5,Seller Pan,AACCA0270S,0.95,"[100, 250, 200, 280]",440,2.2,2025-07-17 02:35:24,2025-07-17 02:43:56
9506016386 1.pdf,Zepto,5,Seller Name,LAKSHMI AUTOMOBILES,0.95,"[100, 300, 350, 330]",440,2.2,2025-07-17 02:35:24,2025-07-17 02:43:56
9506016386 1.pdf,Zepto,5,Buyer GSTIN,20AABCP2704R1ZS,0.95,"[100, 400, 250, 430]",440,2.2,2025-07-17 02:35:24,2025-07-17 02:43:56
9506016386 1.pdf,Zepto,5,Buyer Name,M/S. XYZ AUTO PARTS,0.95,"[100, 450, 300, 480]",440,2.2,2025-07-17 02:35:24,2025-07-17 02:43:56
9506016386 1.pdf,Zepto,5,Buyer Pan,AABCP2704R,0.95,"[100, 500, 200, 530]",440,2.2,2025-07-17 02:35:24,2025-07-17 02:43:56
9506016386 1.pdf,Zepto,5,Ship to GSTIN,20AABCP2704R1ZS,0.95,"[100, 600, 250, 630]",440,2.2,2025-07-17 02:35:24,2025-07-17 02:43:56
9506016386 1.pdf,Zepto,5,Ship to Name,M/S. XYZ AUTO PARTS,0.95,"[100, 650, 300, 680]",440,2.2,2025-07-17 02:35:24,2025-07-17 02:43:56
9506016386 1.pdf,Zepto,5,Subtotal Amount,640.14,0.95,"[1600, 1000, 1700, 1030]",440,2.2,2025-07-17 02:35:24,2025-07-17 02:43:56
9506016386 1.pdf,Zepto,5,Discount Amount,0.00,0.95,"[1600, 1050, 1700, 1080]",440,2.2,2025-07-17 02:35:24,2025-07-17 02:43:56
9506016386 1.pdf,Zepto,5,CGST Amount,0.00,0.95,"[1600, 1100, 1700, 1130]",440,2.2,2025-07-17 02:35:24,2025-07-17 02:43:56
9506016386 1.pdf,Zepto,5,SGST Amount,0.00,0.95,"[1600, 1150, 1700, 1180]",440,2.2,2025-07-17 02:35:24,2025-07-17 02:43:56
9506016386 1.pdf,Zepto,5,IGST Amount,113.34,0.95,"[1600, 1200, 1700, 1230]",440,2.2,2025-07-17 02:35:24,2025-07-17 02:43:56
9506016386 1.pdf,Zepto,5,Cess Amount,0.00,0.95,"[1600, 1250, 1700, 1280]",440,2.2,2025-07-17 02:35:24,2025-07-17 02:43:56
9506016386 1.pdf,Zepto,5,Additianal Cess Amount,0.00,0.95,"[1600, 1300, 1700, 1330]",440,2.2,2025-07-17 02:35:24,2025-07-17 02:43:56
9506016386 1.pdf,Zepto,6,Invoice No,9506016386,0.95,"[1000, 100, 1100, 150]",436,2.18,2025-07-17 02:35:24,2025-07-17 02:45:48
9506016386 1.pdf,Zepto,6,Invoice Date,2023-11-20,0.95,"[1000, 200, 1100, 250]",436,2.18,2025-07-17 02:35:24,2025-07-17 02:45:48
9506016386 1.pdf,Zepto,6,Seller GSTIN,20AJSPK9999A1ZI,0.95,"[100, 300, 250, 350]",436,2.18,2025-07-17 02:35:24,2025-07-17 02:45:48
9506016386 1.pdf,Zepto,6,Seller Pan,AJSPK9999A,0.95,"[100, 350, 250, 400]",436,2.18,2025-07-17 02:35:24,2025-07-17 02:45:48
9506016386 1.pdf,Zepto,6,Seller Name,KIRAN FASHIONS,0.95,"[100, 400, 300, 450]",436,2.18,2025-07-17 02:35:24,2025-07-17 02:45:48
9506016386 1.pdf,Zepto,6,Buyer GSTIN,20AAAFK9999A1ZI,0.95,"[100, 500, 250, 550]",436,2.18,2025-07-17 02:35:24,2025-07-17 02:45:48
9506016386 1.pdf,Zepto,6,Buyer Name,KIRAN FASHIONS,0.95,"[100, 550, 300, 600]",436,2.18,2025-07-17 02:35:24,2025-07-17 02:45:48
9506016386 1.pdf,Zepto,6,Buyer Pan,AAAFK9999A,0.95,"[100, 600, 250, 650]",436,2.18,2025-07-17 02:35:24,2025-07-17 02:45:48
9506016386 1.pdf,Zepto,6,Ship to GSTIN,20AAAFK9999A1ZI,0.95,"[100, 700, 250, 750]",436,2.18,2025-07-17 02:35:24,2025-07-17 02:45:48
9506016386 1.pdf,Zepto,6,Ship to Name,KIRAN FASHIONS,0.95,"[100, 750, 300, 800]",436,2.18,2025-07-17 02:35:24,2025-07-17 02:45:48
9506016386 1.pdf,Zepto,6,Subtotal Amount,21387.00,0.95,"[1000, 1000, 1100, 1050]",436,2.18,2025-07-17 02:35:24,2025-07-17 02:45:48
9506016386 1.pdf,Zepto,6,Discount Amount,0.00,0.95,"[1000, 1050, 1100, 1100]",436,2.18,2025-07-17 02:35:24,2025-07-17 02:45:48
9506016386 1.pdf,Zepto,6,CGST Amount,0.00,0.95,"[1000, 1100, 1100, 1150]",436,2.18,2025-07-17 02:35:24,2025-07-17 02:45:48
9506016386 1.pdf,Zepto,6,SGST Amount,0.00,0.95,"[1000, 1150, 1100, 1200]",436,2.18,2025-07-17 02:35:24,2025-07-17 02:45:48
9506016386 1.pdf,Zepto,6,IGST Amount,3590.75,0.95,"[1000, 1200, 1100, 1250]",436,2.18,2025-07-17 02:35:24,2025-07-17 02:45:48
9506016386 1.pdf,Zepto,6,Cess Amount,0.00,0.95,"[1000, 1250, 1100, 1300]",436,2.18,2025-07-17 02:35:24,2025-07-17 02:45:48
9506016386 1.pdf,Zepto,6,Additianal Cess Amount,0.00,0.95,"[1000, 1300, 1100, 1350]",436,2.18,2025-07-17 02:35:24,2025-07-17 02:45:48
9506016386 1.pdf,Zepto,7,Invoice No,95006016386,0.95,"[1000, 100, 1100, 150]",439,2.19,2025-07-17 02:35:24,2025-07-17 02:47:40
9506016386 1.pdf,Zepto,7,Invoice Date,17-07-2025,0.95,"[1000, 150, 1100, 200]",439,2.19,2025-07-17 02:35:24,2025-07-17 02:47:40
9506016386 1.pdf,Zepto,7,Seller GSTIN,20AACCK1970M1ZI,0.95,"[100, 200, 250, 250]",439,2.19,2025-07-17 02:35:24,2025-07-17 02:47:40
9506016386 1.pdf,Zepto,7,Seller Pan,AACCK1970M,0.95,"[100, 250, 200, 300]",439,2.19,2025-07-17 02:35:24,2025-07-17 02:47:40
9506016386 1.pdf,Zepto,7,Seller Name,RELIANCE RETAIL LIMITED,0.95,"[100, 300, 400, 350]",439,2.19,2025-07-17 02:35:24,2025-07-17 02:47:40
9506016386 1.pdf,Zepto,7,Buyer GSTIN,20AAACR2970M1ZI,0.95,"[100, 400, 250, 450]",439,2.19,2025-07-17 02:35:24,2025-07-17 02:47:40
9506016386 1.pdf,Zepto,7,Buyer Name,RELIANCE RETAIL LIMITED,0.95,"[100, 450, 400, 500]",439,2.19,2025-07-17 02:35:24,2025-07-17 02:47:40
9506016386 1.pdf,Zepto,7,Buyer Pan,AAACR2970M,0.95,"[100, 500, 200, 550]",439,2.19,2025-07-17 02:35:24,2025-07-17 02:47:40
9506016386 1.pdf,Zepto,7,Ship to GSTIN,20AAACR2970M1ZI,0.95,"[100, 600, 250, 650]",439,2.19,2025-07-17 02:35:24,2025-07-17 02:47:40
9506016386 1.pdf,Zepto,7,Ship to Name,RELIANCE RETAIL LIMITED,0.95,"[100, 650, 400, 700]",439,2.19,2025-07-17 02:35:24,2025-07-17 02:47:40
9506016386 1.pdf,Zepto,7,Subtotal Amount,"13,800.99",0.95,"[1000, 1000, 1100, 1050]",439,2.19,2025-07-17 02:35:24,2025-07-17 02:47:40
9506016386 1.pdf,Zepto,7,Discount Amount,0.00,0.95,"[1000, 1050, 1100, 1100]",439,2.19,2025-07-17 02:35:24,2025-07-17 02:47:40
9506016386 1.pdf,Zepto,7,CGST Amount,0.00,0.95,"[1000, 1100, 1100, 1150]",439,2.19,2025-07-17 02:35:24,2025-07-17 02:47:40
9506016386 1.pdf,Zepto,7,SGST Amount,0.00,0.95,"[1000, 1150, 1100, 1200]",439,2.19,2025-07-17 02:35:24,2025-07-17 02:47:40
9506016386 1.pdf,Zepto,7,IGST Amount,0.00,0.95,"[1000, 1200, 1100, 1250]",439,2.19,2025-07-17 02:35:24,2025-07-17 02:47:40
9506016386 1.pdf,Zepto,7,Cess Amount,0.00,0.95,"[1000, 1250, 1100, 1300]",439,2.19,2025-07-17 02:35:24,2025-07-17 02:47:40
9506016386 1.pdf,Zepto,7,Additianal Cess Amount,0.00,0.95,"[1000, 1300, 1100, 1350]",439,2.19,2025-07-17 02:35:24,2025-07-17 02:47:40
9506016386 1.pdf,Zepto,8,Invoice No,95060016386,0.95,"[1000, 100, 1150, 150]",439,2.19,2025-07-17 02:35:24,2025-07-17 02:49:33
9506016386 1.pdf,Zepto,8,Invoice Date,2025-07-17,0.95,"[1000, 150, 1150, 200]",439,2.19,2025-07-17 02:35:24,2025-07-17 02:49:33
9506016386 1.pdf,Zepto,8,Seller GSTIN,27AADCS9750H1ZI,0.95,"[100, 200, 250, 250]",439,2.19,2025-07-17 02:35:24,2025-07-17 02:49:33
9506016386 1.pdf,Zepto,8,Seller Pan,AADCS9750H,0.95,"[100, 250, 250, 300]",439,2.19,2025-07-17 02:35:24,2025-07-17 02:49:33
9506016386 1.pdf,Zepto,8,Seller Name,KESHAV PROVISION STORES,0.95,"[100, 300, 400, 350]",439,2.19,2025-07-17 02:35:24,2025-07-17 02:49:33
9506016386 1.pdf,Zepto,8,Buyer GSTIN,27AAACF2123R1ZK,0.95,"[100, 400, 250, 450]",439,2.19,2025-07-17 02:35:24,2025-07-17 02:49:33
9506016386 1.pdf,Zepto,8,Buyer Name,SURYA KANT SHARMA,0.95,"[100, 450, 300, 500]",439,2.19,2025-07-17 02:35:24,2025-07-17 02:49:33
9506016386 1.pdf,Zepto,8,Buyer Pan,AAACF2123R,0.95,"[100, 500, 250, 550]",439,2.19,2025-07-17 02:35:24,2025-07-17 02:49:33
9506016386 1.pdf,Zepto,8,Ship to GSTIN,27AAACF2123R1ZK,0.95,"[100, 600, 250, 650]",439,2.19,2025-07-17 02:35:24,2025-07-17 02:49:33
9506016386 1.pdf,Zepto,8,Ship to Name,SURYA KANT SHARMA,0.95,"[100, 650, 300, 700]",439,2.19,2025-07-17 02:35:24,2025-07-17 02:49:33
9506016386 1.pdf,Zepto,8,Subtotal Amount,184159.08,0.95,"[1000, 1000, 1150, 1050]",439,2.19,2025-07-17 02:35:24,2025-07-17 02:49:33
9506016386 1.pdf,Zepto,8,Discount Amount,0.00,0.95,"[1000, 1050, 1150, 1100]",439,2.19,2025-07-17 02:35:24,2025-07-17 02:49:33
9506016386 1.pdf,Zepto,8,CGST Amount,0.00,0.95,"[1000, 1100, 1150, 1150]",439,2.19,2025-07-17 02:35:24,2025-07-17 02:49:33
9506016386 1.pdf,Zepto,8,SGST Amount,0.00,0.95,"[1000, 1150, 1150, 1200]",439,2.19,2025-07-17 02:35:24,2025-07-17 02:49:33
9506016386 1.pdf,Zepto,8,IGST Amount,2721.44,0.95,"[1000, 1200, 1150, 1250]",439,2.19,2025-07-17 02:35:24,2025-07-17 02:49:33
9506016386 1.pdf,Zepto,8,Cess Amount,0.00,0.95,"[1000, 1250, 1150, 1300]",439,2.19,2025-07-17 02:35:24,2025-07-17 02:49:33
9506016386 1.pdf,Zepto,8,Additianal Cess Amount,0.00,0.95,"[1000, 1300, 1150, 1350]",439,2.19,2025-07-17 02:35:24,2025-07-17 02:49:33
9506016386 1.pdf,Zepto,9,Invoice No,272114145,0.95,"[1000, 100, 1100, 150]",438,2.19,2025-07-17 02:35:24,2025-07-17 02:51:26
9506016386 1.pdf,Zepto,9,Invoice Date,18-11-2018,0.95,"[900, 200, 1000, 250]",438,2.19,2025-07-17 02:35:24,2025-07-17 02:51:26
9506016386 1.pdf,Zepto,9,Seller GSTIN,03AJSPG7787R1ZI,0.95,"[900, 300, 1000, 350]",438,2.19,2025-07-17 02:35:24,2025-07-17 02:51:26
9506016386 1.pdf,Zepto,9,Seller Pan,AJSPG7787R,0.95,"[900, 350, 1000, 400]",438,2.19,2025-07-17 02:35:24,2025-07-17 02:51:26
9506016386 1.pdf,Zepto,9,Seller Name,Moonsoon Ventures Pvt. Ltd.,0.95,"[100, 200, 400, 250]",438,2.19,2025-07-17 02:35:24,2025-07-17 02:51:26
9506016386 1.pdf,Zepto,9,Buyer GSTIN,07AAACF0000A1ZI,0.95,"[900, 400, 1000, 450]",438,2.19,2025-07-17 02:35:24,2025-07-17 02:51:26
9506016386 1.pdf,Zepto,9,Buyer Name,Gurgaon Feeder,0.95,"[100, 300, 300, 350]",438,2.19,2025-07-17 02:35:24,2025-07-17 02:51:26
9506016386 1.pdf,Zepto,9,Buyer Pan,AAACF0000A,0.95,"[900, 450, 1000, 500]",438,2.19,2025-07-17 02:35:24,2025-07-17 02:51:26
9506016386 1.pdf,Zepto,9,Ship to GSTIN,07AAACF0000A1ZI,0.95,"[900, 500, 1000, 550]",438,2.19,2025-07-17 02:35:24,2025-07-17 02:51:26
9506016386 1.pdf,Zepto,9,Ship to Name,Gurgaon Feeder,0.95,"[100, 400, 300, 450]",438,2.19,2025-07-17 02:35:24,2025-07-17 02:51:26
9506016386 1.pdf,Zepto,9,Subtotal Amount,368318.16,0.95,"[1000, 600, 1100, 650]",438,2.19,2025-07-17 02:35:24,2025-07-17 02:51:26
9506016386 1.pdf,Zepto,9,Discount Amount,0.00,0.95,"[1000, 650, 1100, 700]",438,2.19,2025-07-17 02:35:24,2025-07-17 02:51:26
9506016386 1.pdf,Zepto,9,CGST Amount,1811458.85,0.95,"[1000, 700, 1100, 750]",438,2.19,2025-07-17 02:35:24,2025-07-17 02:51:26
9506016386 1.pdf,Zepto,9,SGST Amount,1811458.85,0.95,"[1000, 750, 1100, 800]",438,2.19,2025-07-17 02:35:24,2025-07-17 02:51:26
9506016386 1.pdf,Zepto,9,IGST Amount,0.00,0.95,"[1000, 800, 1100, 850]",438,2.19,2025-07-17 02:35:24,2025-07-17 02:51:26
9506016386 1.pdf,Zepto,9,Cess Amount,0.00,0.95,"[1000, 850, 1100, 900]",438,2.19,2025-07-17 02:35:24,2025-07-17 02:51:26
9506016386 1.pdf,Zepto,9,Additianal Cess Amount,0.00,0.95,"[1000, 900, 1100, 950]",438,2.19,2025-07-17 02:35:24,2025-07-17 02:51:26
I-25-26-002690 1.pdf,Zepto,1,Invoice No,L25-26/002690,0.95,"[120, 160, 260, 180]",445,2.23,2025-07-17 02:51:26,2025-07-17 02:53:07
I-25-26-002690 1.pdf,Zepto,1,Invoice Date,10/04/2025,0.95,"[360, 160, 440, 180]",445,2.23,2025-07-17 02:51:26,2025-07-17 02:53:07
I-25-26-002690 1.pdf,Zepto,1,Seller GSTIN,24AADCH0703R1Z3,0.95,"[120, 200, 260, 220]",445,2.23,2025-07-17 02:51:26,2025-07-17 02:53:07
I-25-26-002690 1.pdf,Zepto,1,Seller Pan,AOBPP7191G,0.95,"[460, 160, 540, 180]",445,2.23,2025-07-17 02:51:26,2025-07-17 02:53:07
I-25-26-002690 1.pdf,Zepto,1,Seller Name,B-1/2 Suraydawala Tower Opp SBI,0.95,"[120, 180, 300, 200]",445,2.23,2025-07-17 02:51:26,2025-07-17 02:53:07
I-25-26-002690 1.pdf,Zepto,1,Buyer GSTIN,24AAOPPI1912006,0.95,"[120, 240, 260, 260]",445,2.23,2025-07-17 02:51:26,2025-07-17 02:53:07
I-25-26-002690 1.pdf,Zepto,1,Buyer Name,HANDS ON TRADES PRIVATE LIMITED,0.95,"[120, 220, 300, 240]",445,2.23,2025-07-17 02:51:26,2025-07-17 02:53:07
I-25-26-002690 1.pdf,Zepto,1,Buyer Pan,AAOPPI19120,0.95,"[120, 260, 220, 280]",445,2.23,2025-07-17 02:51:26,2025-07-17 02:53:07
I-25-26-002690 1.pdf,Zepto,1,Ship to GSTIN,24AAOPPI1912006,0.95,"[120, 300, 260, 320]",445,2.23,2025-07-17 02:51:26,2025-07-17 02:53:07
I-25-26-002690 1.pdf,Zepto,1,Ship to Name,HANDS ON TRADES PRIVATE LIMITED,0.95,"[120, 280, 300, 300]",445,2.23,2025-07-17 02:51:26,2025-07-17 02:53:07
I-25-26-002690 1.pdf,Zepto,1,Subtotal Amount,4170.00,0.95,"[580, 1000, 640, 1020]",445,2.23,2025-07-17 02:51:26,2025-07-17 02:53:07
I-25-26-002690 1.pdf,Zepto,1,Discount Amount,0.00,0.95,"[580, 1020, 640, 1040]",445,2.23,2025-07-17 02:51:26,2025-07-17 02:53:07
I-25-26-002690 1.pdf,Zepto,1,CGST Amount,0.00,0.95,"[580, 1040, 640, 1060]",445,2.23,2025-07-17 02:51:26,2025-07-17 02:53:07
I-25-26-002690 1.pdf,Zepto,1,SGST Amount,0.00,0.95,"[580, 1060, 640, 1080]",445,2.23,2025-07-17 02:51:26,2025-07-17 02:53:07
I-25-26-002690 1.pdf,Zepto,1,IGST Amount,0.00,0.95,"[580, 1080, 640, 1100]",445,2.23,2025-07-17 02:51:26,2025-07-17 02:53:07
I-25-26-002690 1.pdf,Zepto,1,Cess Amount,0.00,0.95,"[580, 1100, 640, 1120]",445,2.23,2025-07-17 02:51:26,2025-07-17 02:53:07
I-25-26-002690 1.pdf,Zepto,1,Additianal Cess Amount,0.00,0.95,"[580, 1120, 640, 1140]",445,2.23,2025-07-17 02:51:26,2025-07-17 02:53:07
I-25-26-002690 1.pdf,Zepto,2,Invoice No,I/25-26/002690,0.95,"[120, 200, 260, 220]",442,2.21,2025-07-17 02:51:26,2025-07-17 02:54:45
I-25-26-002690 1.pdf,Zepto,2,Invoice Date,10/04/2025,0.95,"[320, 200, 400, 220]",442,2.21,2025-07-17 02:51:26,2025-07-17 02:54:45
I-25-26-002690 1.pdf,Zepto,2,Seller GSTIN,24AABOPF7191G1Z8,0.95,"[480, 100, 620, 120]",442,2.21,2025-07-17 02:51:26,2025-07-17 02:54:45
I-25-26-002690 1.pdf,Zepto,2,Seller Pan,AABOPF7191G,0.95,"[480, 120, 600, 140]",442,2.21,2025-07-17 02:51:26,2025-07-17 02:54:45
I-25-26-002690 1.pdf,Zepto,2,Seller Name,MAHADEV AGENCIES,0.95,"[120, 100, 280, 120]",442,2.21,2025-07-17 02:51:26,2025-07-17 02:54:45
I-25-26-002690 1.pdf,Zepto,2,Buyer GSTIN,24AAADCH7038R1Z3,0.95,"[320, 240, 460, 260]",442,2.21,2025-07-17 02:51:26,2025-07-17 02:54:45
I-25-26-002690 1.pdf,Zepto,2,Buyer Name,HANDS ON TRADES PRIVATE LIMITED,0.95,"[120, 240, 320, 260]",442,2.21,2025-07-17 02:51:26,2025-07-17 02:54:45
I-25-26-002690 1.pdf,Zepto,2,Buyer Pan,AAADCH7038R,0.95,"[320, 260, 420, 280]",442,2.21,2025-07-17 02:51:26,2025-07-17 02:54:45
I-25-26-002690 1.pdf,Zepto,2,Ship to GSTIN,24AAADCH7038R1Z3,0.95,"[320, 280, 460, 300]",442,2.21,2025-07-17 02:51:26,2025-07-17 02:54:45
I-25-26-002690 1.pdf,Zepto,2,Ship to Name,HANDS ON TRADES PRIVATE LIMITED,0.95,"[120, 280, 320, 300]",442,2.21,2025-07-17 02:51:26,2025-07-17 02:54:45
I-25-26-002690 1.pdf,Zepto,2,Subtotal Amount,2170.00,0.95,"[600, 600, 680, 620]",442,2.21,2025-07-17 02:51:26,2025-07-17 02:54:45
I-25-26-002690 1.pdf,Zepto,2,Discount Amount,0.00,0.95,"[400, 640, 480, 660]",442,2.21,2025-07-17 02:51:26,2025-07-17 02:54:45
I-25-26-002690 1.pdf,Zepto,2,CGST Amount,36504.17,0.95,"[500, 520, 580, 540]",442,2.21,2025-07-17 02:51:26,2025-07-17 02:54:45
I-25-26-002690 1.pdf,Zepto,2,SGST Amount,36504.17,0.95,"[420, 520, 500, 540]",442,2.21,2025-07-17 02:51:26,2025-07-17 02:54:45
I-25-26-002690 1.pdf,Zepto,2,IGST Amount,0.00,0.95,"[580, 520, 660, 540]",442,2.21,2025-07-17 02:51:26,2025-07-17 02:54:45
I-25-26-002690 1.pdf,Zepto,2,Cess Amount,38930.72,0.95,"[660, 520, 740, 540]",442,2.21,2025-07-17 02:51:26,2025-07-17 02:54:45
I-25-26-002690 1.pdf,Zepto,2,Additianal Cess Amount,39446.80,0.95,"[660, 540, 740, 560]",442,2.21,2025-07-17 02:51:26,2025-07-17 02:54:45
