File,Invoice No,Invoice Date,Seller GSTIN,Seller Pan,Seller Name,Buyer GSTIN,Buyer Name,Buyer Pan,Ship to GSTIN,Ship to Name,Subtotal Amount,Discount Amount,CGST Amount,SGST Amount,IGST Amount,Cess Amount,Additianal Cess Amount
_000013845-0001_SI_Sales_24-25_635_page1.json,"{'value': '24-25/635', 'bbox': [450, 100, 520, 120], 'confidence': 0.95}","{'value': '4-Dec-24', 'bbox': [600, 100, 660, 120], 'confidence': 0.95}","{'value': '09AAVFB7148K1ZO', 'bbox': [200, 160, 320, 180], 'confidence': 0.95}","{'value': 'AAVFB7148K', 'bbox': [200, 180, 280, 200], 'confidence': 0.95}","{'value': 'BIUT BATH INDUSTRY LLP', 'bbox': [100, 40, 300, 60], 'confidence': 0.95}","{'value': '29AAACG4464B1ZU', 'bbox': [200, 280, 320, 300], 'confidence': 0.95}","{'value': 'GRASIM INDUSTRIES LIMITED', 'bbox': [100, 220, 300, 240], 'confidence': 0.95}","{'value': 'AAACG4464B', 'bbox': [200, 300, 280, 320], 'confidence': 0.95}","{'value': '23AACCG4464B1ZU', 'bbox': [200, 200, 320, 220], 'confidence': 0.95}","{'value': 'GRASIM INDUSTRIES LIMITED', 'bbox': [100, 140, 300, 160], 'confidence': 0.95}","{'value': '', 'bbox': [], 'confidence': 0.0}","{'value': '', 'bbox': [], 'confidence': 0.0}","{'value': '', 'bbox': [], 'confidence': 0.0}","{'value': '', 'bbox': [], 'confidence': 0.0}","{'value': '', 'bbox': [], 'confidence': 0.0}","{'value': '', 'bbox': [], 'confidence': 0.0}","{'value': '', 'bbox': [], 'confidence': 0.0}"
GRN2630812.json,"{'value': 'F21100018080-24', 'bbox': [430, 80, 560, 100], 'confidence': 0.95}","{'value': '25.09.2024', 'bbox': [430, 100, 520, 120], 'confidence': 0.95}","{'value': '29AAECN1546M1Z3', 'bbox': [100, 180, 250, 200], 'confidence': 0.95}","{'value': 'U01120KA2010PTC052035', 'bbox': [100, 220, 300, 240], 'confidence': 0.95}","{'value': 'Dairy Tales Namdhari Pvt. Ltd.', 'bbox': [100, 60, 300, 80], 'confidence': 0.95}","{'value': '', 'bbox': [0, 0, 0, 0], 'confidence': 0.0}","{'value': 'Bundl Technologies Pvt Ltd (HO)', 'bbox': [100, 300, 300, 320], 'confidence': 0.95}","{'value': '', 'bbox': [0, 0, 0, 0], 'confidence': 0.0}","{'value': '29AAFCB7707D1ZQ', 'bbox': [430, 340, 560, 360], 'confidence': 0.95}","{'value': 'Bundl Technologies Pvt Ltd - JP Nagar', 'bbox': [430, 320, 600, 340], 'confidence': 0.95}","{'value': '307.18', 'bbox': [500, 460, 560, 480], 'confidence': 0.95}","{'value': '0.00', 'bbox': [500, 500, 560, 520], 'confidence': 0.95}","{'value': '0.00', 'bbox': [500, 480, 560, 500], 'confidence': 0.95}","{'value': '0.00', 'bbox': [500, 480, 560, 500], 'confidence': 0.95}","{'value': '0.00', 'bbox': [500, 480, 560, 500], 'confidence': 0.95}","{'value': '0.00', 'bbox': [500, 520, 560, 540], 'confidence': 0.95}","{'value': '0.00', 'bbox': [500, 520, 560, 540], 'confidence': 0.95}"
GRN2290682.json,"{'value': '12400048914', 'bbox': [320, 100, 480, 120], 'confidence': 0.95}","{'value': '30/09/2024', 'bbox': [200, 100, 280, 120], 'confidence': 0.95}","{'value': '29AAICM3930G1ZD', 'bbox': [500, 240, 620, 260], 'confidence': 0.95}","{'value': 'AAICM3930G', 'bbox': [500, 280, 580, 300], 'confidence': 0.95}","{'value': 'ID FRESH FOOD (INDIA) PRIVATE LIMITED', 'bbox': [400, 180, 620, 220], 'confidence': 0.95}","{'value': '29AAFCB7707D1ZQ', 'bbox': [180, 240, 300, 260], 'confidence': 0.95}","{'value': 'Swiggy Limited', 'bbox': [100, 180, 250, 200], 'confidence': 0.95}","{'value': '', 'bbox': [0, 0, 0, 0], 'confidence': 0.0}","{'value': '', 'bbox': [0, 0, 0, 0], 'confidence': 0.0}","{'value': '', 'bbox': [0, 0, 0, 0], 'confidence': 0.0}","{'value': '714.29', 'bbox': [600, 480, 660, 500], 'confidence': 0.95}","{'value': '0.00', 'bbox': [600, 520, 660, 540], 'confidence': 0.95}","{'value': '17.86', 'bbox': [600, 460, 660, 480], 'confidence': 0.95}","{'value': '17.86', 'bbox': [600, 460, 660, 480], 'confidence': 0.95}","{'value': '0.00', 'bbox': [600, 460, 660, 480], 'confidence': 0.95}","{'value': '0.00', 'bbox': [0, 0, 0, 0], 'confidence': 0.0}","{'value': '0.00', 'bbox': [0, 0, 0, 0], 'confidence': 0.0}"
12028.json,"{'value': '12028', 'bbox': [520, 100, 580, 120], 'confidence': 0.95}","{'value': '29-12-2022', 'bbox': [520, 140, 600, 160], 'confidence': 0.95}","{'value': '36AADCE2731L1ZN', 'bbox': [520, 220, 640, 240], 'confidence': 0.95}","{'value': 'AADCE2731L', 'bbox': [520, 200, 600, 220], 'confidence': 0.95}","{'value': 'Exceloid Soft Systems Pvt Ltd', 'bbox': [100, 100, 350, 140], 'confidence': 0.95}","{'value': '07AAACL9861H1Z8', 'bbox': [200, 340, 320, 360], 'confidence': 0.95}","{'value': 'Decathlon Sports india Pvt Ltd', 'bbox': [100, 260, 350, 280], 'confidence': 0.95}","{'value': '', 'bbox': [], 'confidence': 0.0}","{'value': '07AAACL9861H1Z8', 'bbox': [600, 340, 720, 360], 'confidence': 0.95}","{'value': 'Decathlon Sports india Pvt Ltd', 'bbox': [500, 260, 750, 280], 'confidence': 0.95}","{'value': '106520.00', 'bbox': [700, 560, 780, 580], 'confidence': 0.95}","{'value': '0.00', 'bbox': [], 'confidence': 0.0}","{'value': '0.00', 'bbox': [], 'confidence': 0.0}","{'value': '0.00', 'bbox': [], 'confidence': 0.0}","{'value': '19173.60', 'bbox': [700, 600, 780, 620], 'confidence': 0.95}","{'value': '0.00', 'bbox': [], 'confidence': 0.0}","{'value': '0.00', 'bbox': [], 'confidence': 0.0}"
208_0003311_2324_PMRMO24405_1_20230802122016.json,"{'value': '08', 'bbox': [520, 100, 560, 120], 'confidence': 0.95}","{'value': '31.7.2023', 'bbox': [520, 130, 600, 150], 'confidence': 0.95}","{'value': '09ANHPK5353N1ZG', 'bbox': [0, 20, 150, 40], 'confidence': 0.95}","{'value': '', 'bbox': [], 'confidence': 0.0}","{'value': 'A-BEE ASSOCIATES', 'bbox': [100, 170, 350, 200], 'confidence': 0.95}","{'value': '', 'bbox': [], 'confidence': 0.0}","{'value': 'Hamdard Lab India', 'bbox': [100, 300, 250, 320], 'confidence': 0.95}","{'value': '', 'bbox': [], 'confidence': 0.0}","{'value': '', 'bbox': [], 'confidence': 0.0}","{'value': 'Hamdard Lab India', 'bbox': [100, 300, 250, 320], 'confidence': 0.95}","{'value': '4130', 'bbox': [600, 650, 650, 670], 'confidence': 0.95}","{'value': '0', 'bbox': [600, 630, 650, 650], 'confidence': 0.95}","{'value': '630', 'bbox': [600, 690, 650, 710], 'confidence': 0.95}","{'value': '630', 'bbox': [600, 710, 650, 730], 'confidence': 0.95}","{'value': '0', 'bbox': [600, 730, 650, 750], 'confidence': 0.95}","{'value': '0', 'bbox': [600, 750, 650, 770], 'confidence': 0.95}","{'value': '0', 'bbox': [600, 770, 650, 790], 'confidence': 0.95}"
SWIGGY LIMITED_Jul 25_FMS Rental_Lease Rental_IND-214045_page2.json,"{'value': '101572-16', 'bbox': [100, 100, 170, 130], 'confidence': 0.95}","{'value': '01/07/2025', 'bbox': [300, 100, 370, 130], 'confidence': 0.95}","{'value': 'KAOSNK5021', 'bbox': [170, 100, 240, 130], 'confidence': 0.95}","{'value': '996749', 'bbox': [50, 100, 100, 130], 'confidence': 0.95}","{'value': 'FMS Rental', 'bbox': [0, 100, 50, 130], 'confidence': 0.95}","{'value': '1018228', 'bbox': [240, 100, 300, 130], 'confidence': 0.95}","{'value': 'MANIUNATH RAO', 'bbox': [370, 100, 470, 130], 'confidence': 0.95}","{'value': '', 'bbox': [0, 0, 0, 0], 'confidence': 0.0}","{'value': '', 'bbox': [0, 0, 0, 0], 'confidence': 0.0}","{'value': '', 'bbox': [0, 0, 0, 0], 'confidence': 0.0}","{'value': '2184.11', 'bbox': [700, 100, 750, 130], 'confidence': 0.95}","{'value': '0.00', 'bbox': [750, 100, 800, 130], 'confidence': 0.95}","{'value': '18.00', 'bbox': [800, 100, 850, 130], 'confidence': 0.95}","{'value': '333.17', 'bbox': [850, 100, 900, 130], 'confidence': 0.95}","{'value': '0.00', 'bbox': [900, 100, 950, 130], 'confidence': 0.95}","{'value': '0.00', 'bbox': [950, 100, 1000, 130], 'confidence': 0.95}","{'value': '0.00', 'bbox': [1000, 100, 1050, 130], 'confidence': 0.95}"
_000001856-0006_SI_SI2012311401_page2.json,"{'value': 'SIZ201231041', 'bbox': [320, 1000, 420, 1020], 'confidence': 0.95}","{'value': '10.01.2024', 'bbox': [450, 1000, 530, 1020], 'confidence': 0.95}","{'value': '06AAACG4468B3ZO', 'bbox': [580, 1000, 700, 1020], 'confidence': 0.95}","{'value': 'AAACG4468B', 'bbox': [720, 1000, 800, 1020], 'confidence': 0.95}","{'value': 'UTTAM STRIPS LIMITED', 'bbox': [320, 960, 580, 980], 'confidence': 0.95}","{'value': '20AADCH1920G1ZI', 'bbox': [320, 1040, 440, 1060], 'confidence': 0.95}","{'value': 'UTTAM STRIPS LIMITED', 'bbox': [320, 1080, 580, 1100], 'confidence': 0.95}","{'value': 'AAACG4468B', 'bbox': [720, 1040, 800, 1060], 'confidence': 0.95}","{'value': '20AADCH1920G1ZI', 'bbox': [320, 1120, 440, 1140], 'confidence': 0.95}","{'value': 'UTTAM STRIPS LIMITED', 'bbox': [320, 1160, 580, 1180], 'confidence': 0.95}","{'value': '645691.09', 'bbox': [600, 680, 680, 700], 'confidence': 0.95}","{'value': '0.00', 'bbox': [600, 720, 680, 740], 'confidence': 0.95}","{'value': '0.00', 'bbox': [600, 760, 680, 780], 'confidence': 0.95}","{'value': '0.00', 'bbox': [600, 800, 680, 820], 'confidence': 0.95}","{'value': '358717.72', 'bbox': [600, 840, 680, 860], 'confidence': 0.95}","{'value': '0.00', 'bbox': [600, 880, 680, 900], 'confidence': 0.95}","{'value': '0.00', 'bbox': [600, 920, 680, 940], 'confidence': 0.95}"
_000001856-0006_SI_SI2012311401_page3.json,"{'value': '7913 9642 1989', 'bbox': [120, 140, 280, 160], 'confidence': 0.95}","{'value': '10/01/2024', 'bbox': [350, 140, 430, 160], 'confidence': 0.95}","{'value': '06AAACU8548C1Z9', 'bbox': [120, 260, 280, 280], 'confidence': 0.95}","{'value': '', 'bbox': [], 'confidence': 0.0}","{'value': 'UTTAM STRIPS LTD', 'bbox': [120, 280, 280, 300], 'confidence': 0.95}","{'value': '09AAACG4468B3Z0', 'bbox': [350, 260, 510, 280], 'confidence': 0.95}","{'value': 'GSTIN INDUSTRIES LIMITED', 'bbox': [350, 280, 510, 300], 'confidence': 0.95}","{'value': '', 'bbox': [], 'confidence': 0.0}","{'value': '', 'bbox': [], 'confidence': 0.0}","{'value': 'COMMITTED ISPAT PRIVATE LIMITED', 'bbox': [350, 320, 510, 340], 'confidence': 0.95}","{'value': '3587172.72', 'bbox': [400, 460, 510, 480], 'confidence': 0.95}","{'value': '0.00', 'bbox': [], 'confidence': 0.0}","{'value': '0.00', 'bbox': [120, 500, 200, 520], 'confidence': 0.95}","{'value': '0.00', 'bbox': [220, 500, 300, 520], 'confidence': 0.95}","{'value': '645691.09', 'bbox': [320, 500, 400, 520], 'confidence': 0.95}","{'value': '0.00', 'bbox': [420, 500, 500, 520], 'confidence': 0.95}","{'value': '0.00', 'bbox': [520, 500, 600, 520], 'confidence': 0.95}"
24-2019-20 - Sangeetha Madan.json,"{'value': '24/2019-20', 'bbox': [260, 30, 330, 50], 'confidence': 0.95}","{'value': '01.07.19', 'bbox': [340, 30, 400, 50], 'confidence': 0.95}","{'value': '07AEHPM1499N1ZU', 'bbox': [260, 60, 380, 80], 'confidence': 0.95}","{'value': 'AEHPM1499N', 'bbox': [260, 80, 340, 100], 'confidence': 0.95}","{'value': 'SANGEETA MADAN', 'bbox': [260, 40, 380, 60], 'confidence': 0.95}","{'value': '07AAACL9861H1Z8', 'bbox': [260, 200, 380, 220], 'confidence': 0.95}","{'value': 'Decathlon Sports India Pvt Ltd', 'bbox': [100, 120, 300, 140], 'confidence': 0.95}","{'value': 'AAACL9861H', 'bbox': [260, 220, 340, 240], 'confidence': 0.95}","{'value': '07AAACL9861H1Z8', 'bbox': [500, 200, 620, 220], 'confidence': 0.95}","{'value': 'Decathlon Sports India Pvt Ltd', 'bbox': [400, 120, 600, 140], 'confidence': 0.95}","{'value': '25990', 'bbox': [600, 360, 660, 380], 'confidence': 0.95}","{'value': '0', 'bbox': [0, 0, 0, 0], 'confidence': 0.0}","{'value': '2339', 'bbox': [600, 380, 660, 400], 'confidence': 0.95}","{'value': '2339', 'bbox': [600, 400, 660, 420], 'confidence': 0.95}","{'value': '0', 'bbox': [600, 420, 660, 440], 'confidence': 0.95}","{'value': '0', 'bbox': [0, 0, 0, 0], 'confidence': 0.0}","{'value': '0', 'bbox': [0, 0, 0, 0], 'confidence': 0.0}"
BOLPF 1236 - PETS CENTRIC PRIVATE LIMITED - DL - Muhammed Noufal_page1.json,"{'value': 'BOLPF/24-25/1236', 'bbox': [420, 160, 540, 180], 'confidence': 0.95}","{'value': '4-Dec-24', 'bbox': [580, 160, 660, 180], 'confidence': 0.95}","{'value': '27AAECV8384M1ZH', 'bbox': [100, 300, 220, 320], 'confidence': 0.95}","{'value': 'AAECV8384H', 'bbox': [100, 320, 180, 340], 'confidence': 0.95}","{'value': 'VIVALDIS HEALTH AND FOODS PVT LTD.', 'bbox': [100, 200, 350, 220], 'confidence': 0.95}","{'value': '07AALCP9335K1ZT', 'bbox': [100, 420, 220, 440], 'confidence': 0.95}","{'value': 'PETS CENTRIC PRIVATE LIMITED - DL', 'bbox': [100, 360, 300, 380], 'confidence': 0.95}","{'value': 'AALCP9335H', 'bbox': [100, 440, 180, 460], 'confidence': 0.95}","{'value': '07AALCP9335K1ZT', 'bbox': [100, 420, 220, 440], 'confidence': 0.95}","{'value': 'PETS CENTRIC PRIVATE LIMITED - DL', 'bbox': [100, 360, 300, 380], 'confidence': 0.95}","{'value': '', 'bbox': [], 'confidence': 0.0}","{'value': '', 'bbox': [], 'confidence': 0.0}","{'value': '', 'bbox': [], 'confidence': 0.0}","{'value': '', 'bbox': [], 'confidence': 0.0}","{'value': '', 'bbox': [], 'confidence': 0.0}","{'value': '', 'bbox': [], 'confidence': 0.0}","{'value': '', 'bbox': [], 'confidence': 0.0}"
SWIGGY LIMITED_Jul 25_FMS Rental_Lease Rental_IND-214045_page3.json,"{'value': '20-33', 'bbox': [10, 10, 60, 30], 'confidence': 0.95}","{'value': '01/07/2025', 'bbox': [200, 100, 280, 120], 'confidence': 0.95}","{'value': '0101572-20 to 0101572-31', 'bbox': [150, 10, 250, 30], 'confidence': 0.95}","{'value': '996749, 997319', 'bbox': [10, 10, 80, 30], 'confidence': 0.95}","{'value': 'FMS Rental, Lease Rental', 'bbox': [90, 10, 150, 30], 'confidence': 0.95}","{'value': '1621593, 1646284, 1631662, 1642712, 1631569, 1218183, 1644341', 'bbox': [300, 10, 400, 30], 'confidence': 0.95}","{'value': 'MEHUL SHARAD SHAH, BHARAT ARORA, RACHIT BHALLA, DOLLY SUREKA, PRASHANT KUMAR, PRAKASH AGRAWAL, SRINGARAM MAHESH, VIPUL KAPOOR', 'bbox': [450, 10, 650, 30], 'confidence': 0.95}","{'value': 'MH47BT3820, 24BH4P1291, HRS1CP3148, 24BH1452K, UP16EM7212, KA01ND1251, TG09C0574, DLBCB1414', 'bbox': [250, 10, 350, 30], 'confidence': 0.95}","{'value': '', 'bbox': [0, 0, 0, 0], 'confidence': 0.0}","{'value': '', 'bbox': [0, 0, 0, 0], 'confidence': 0.0}","{'value': '27792.96', 'bbox': [650, 500, 700, 520], 'confidence': 0.95}","{'value': '0.00', 'bbox': [700, 500, 750, 520], 'confidence': 0.95}","{'value': '0.00', 'bbox': [750, 500, 800, 520], 'confidence': 0.95}","{'value': '0.00', 'bbox': [800, 500, 850, 520], 'confidence': 0.95}","{'value': '5546.59', 'bbox': [850, 500, 900, 520], 'confidence': 0.95}","{'value': '0.00', 'bbox': [900, 500, 950, 520], 'confidence': 0.95}","{'value': '0.00', 'bbox': [950, 500, 1000, 520], 'confidence': 0.95}"
GRN2720803.json,"{'value': 'E21100018503/24', 'bbox': [430, 100, 580, 120], 'confidence': 0.95}","{'value': '29.09.2024', 'bbox': [430, 130, 520, 150], 'confidence': 0.95}","{'value': '29AAECN1546M1Z3', 'bbox': [150, 210, 300, 230], 'confidence': 0.95}","{'value': '', 'bbox': [0, 0, 0, 0], 'confidence': 0.0}","{'value': 'Dairy Tales Namdhari Pvt. Ltd.', 'bbox': [100, 50, 300, 70], 'confidence': 0.95}","{'value': '29AAFCB7707D1ZQ', 'bbox': [150, 370, 300, 390], 'confidence': 0.95}","{'value': 'Bundl Technologies Pvt Ltd (HO)', 'bbox': [100, 320, 350, 340], 'confidence': 0.95}","{'value': '', 'bbox': [0, 0, 0, 0], 'confidence': 0.0}","{'value': '29AAFCB7707D1ZQ', 'bbox': [430, 370, 580, 390], 'confidence': 0.95}","{'value': 'Bundl Technologies Pvt Ltd - Bellandur', 'bbox': [430, 320, 600, 340], 'confidence': 0.95}","{'value': '153.59', 'bbox': [500, 500, 580, 520], 'confidence': 0.95}","{'value': '0.00', 'bbox': [500, 560, 580, 580], 'confidence': 0.95}","{'value': '0.00', 'bbox': [500, 460, 580, 480], 'confidence': 0.95}","{'value': '0.00', 'bbox': [500, 460, 580, 480], 'confidence': 0.95}","{'value': '0.00', 'bbox': [500, 460, 580, 480], 'confidence': 0.95}","{'value': '0.00', 'bbox': [500, 560, 580, 580], 'confidence': 0.95}","{'value': '0.00', 'bbox': [500, 560, 580, 580], 'confidence': 0.95}"
17182903.json,"{'value': '17182903', 'bbox': [160, 200, 260, 220], 'confidence': 0.95}","{'value': '15/02/2022', 'bbox': [160, 220, 260, 240], 'confidence': 0.95}","{'value': '33AADCE4476C1ZY', 'bbox': [400, 100, 550, 120], 'confidence': 0.95}","{'value': 'AADCE4476C', 'bbox': [400, 120, 500, 140], 'confidence': 0.95}","{'value': 'Earth Recycler Private Limited', 'bbox': [200, 60, 450, 80], 'confidence': 0.95}","{'value': '07AAACL9861H1Z8', 'bbox': [200, 400, 350, 420], 'confidence': 0.95}","{'value': 'Decathlon Sports India Private Limited', 'bbox': [100, 300, 400, 320], 'confidence': 0.95}","{'value': '', 'bbox': [], 'confidence': 0.0}","{'value': '', 'bbox': [], 'confidence': 0.0}","{'value': '', 'bbox': [], 'confidence': 0.0}","{'value': '16800.00', 'bbox': [600, 560, 700, 580], 'confidence': 0.95}","{'value': '0.00', 'bbox': [], 'confidence': 0.0}","{'value': '0.00', 'bbox': [], 'confidence': 0.0}","{'value': '0.00', 'bbox': [], 'confidence': 0.0}","{'value': '3024.00', 'bbox': [600, 580, 700, 600], 'confidence': 0.95}","{'value': '0.00', 'bbox': [], 'confidence': 0.0}","{'value': '0.00', 'bbox': [], 'confidence': 0.0}"
VIV 7998 - PETS CENTRIC PRIVATE LIMITED - MH - Muhammed Noufal.json,"{'value': 'VIV/24-25/7998', 'bbox': [350, 160, 450, 180], 'confidence': 0.95}","{'value': '4-Dec-24', 'bbox': [500, 160, 580, 180], 'confidence': 0.95}","{'value': '27AAECV8384M1ZH', 'bbox': [100, 260, 250, 280], 'confidence': 0.95}","{'value': 'AAECV8384M', 'bbox': [100, 780, 200, 800], 'confidence': 0.95}","{'value': 'VIVALDIS HEALTH AND FOODS PVT. LTD.', 'bbox': [100, 190, 350, 230], 'confidence': 0.95}","{'value': '27AALCP9335K1ZR', 'bbox': [100, 400, 250, 420], 'confidence': 0.95}","{'value': 'PETS CENTRIC PRIVATE LIMITED - MH', 'bbox': [100, 340, 300, 360], 'confidence': 0.95}","{'value': 'Not Available', 'bbox': [0, 0, 0, 0], 'confidence': 0.0}","{'value': '27AALCP9335K1ZR', 'bbox': [100, 460, 250, 480], 'confidence': 0.95}","{'value': 'PETS CENTRIC PRIVATE LIMITED - MH', 'bbox': [100, 400, 300, 420], 'confidence': 0.95}","{'value': '333.00', 'bbox': [600, 520, 650, 540], 'confidence': 0.95}","{'value': '0.00', 'bbox': [0, 0, 0, 0], 'confidence': 0.0}","{'value': '29.97', 'bbox': [600, 580, 650, 600], 'confidence': 0.95}","{'value': '29.97', 'bbox': [680, 580, 730, 600], 'confidence': 0.95}","{'value': '0.00', 'bbox': [0, 0, 0, 0], 'confidence': 0.0}","{'value': '0.00', 'bbox': [0, 0, 0, 0], 'confidence': 0.0}","{'value': '0.00', 'bbox': [0, 0, 0, 0], 'confidence': 0.0}"
GRN2290683.json,"{'value': '5-104415102597', 'bbox': [350, 160, 470, 180], 'confidence': 0.95}","{'value': '5-Sep-24', 'bbox': [500, 160, 580, 180], 'confidence': 0.95}","{'value': '29AGZPS6963K1ZZ', 'bbox': [150, 100, 300, 120], 'confidence': 0.95}","{'value': 'AGZPS6963K', 'bbox': [450, 550, 550, 570], 'confidence': 0.95}","{'value': 'KK INDANE ENTERPRISES', 'bbox': [100, 80, 300, 100], 'confidence': 0.95}","{'value': '29AAFCB7707D1ZQ', 'bbox': [300, 220, 450, 240], 'confidence': 0.95}","{'value': 'Swiggy Limited (Kalyannagar)', 'bbox': [100, 200, 300, 220], 'confidence': 0.95}","{'value': '', 'bbox': [], 'confidence': 0.0}","{'value': '29AAFCB7707D1ZQ', 'bbox': [300, 260, 450, 280], 'confidence': 0.95}","{'value': 'Swiggy Limited (Kalyannagar)', 'bbox': [100, 240, 300, 260], 'confidence': 0.95}","{'value': '4,498.74', 'bbox': [550, 360, 630, 380], 'confidence': 0.95}","{'value': '', 'bbox': [], 'confidence': 0.0}","{'value': '404.89', 'bbox': [550, 420, 630, 440], 'confidence': 0.95}","{'value': '404.89', 'bbox': [550, 440, 630, 460], 'confidence': 0.95}","{'value': '', 'bbox': [], 'confidence': 0.0}","{'value': '', 'bbox': [], 'confidence': 0.0}","{'value': '', 'bbox': [], 'confidence': 0.0}"
DOC376.json,"{'value': '21397', 'bbox': [1000, 100, 1050, 130], 'confidence': 0.95}","{'value': '17/08/2023', 'bbox': [1000, 130, 1080, 160], 'confidence': 0.95}","{'value': '32AAGPS7532Z1ZO', 'bbox': [100, 200, 250, 230], 'confidence': 0.95}","{'value': 'AQOPA4682D', 'bbox': [100, 260, 180, 290], 'confidence': 0.95}","{'value': 'AMEEN TRADERS', 'bbox': [100, 320, 250, 350], 'confidence': 0.95}","{'value': '32AABCL0212H1ZB', 'bbox': [800, 200, 950, 230], 'confidence': 0.95}","{'value': 'LU LU HYPER MARKET KOCHI', 'bbox': [800, 260, 1050, 290], 'confidence': 0.95}","{'value': 'TEL-0484-2727772', 'bbox': [800, 320, 950, 350], 'confidence': 0.95}","{'value': '', 'bbox': [0, 0, 0, 0], 'confidence': 0.0}","{'value': '', 'bbox': [0, 0, 0, 0], 'confidence': 0.0}","{'value': '25483.81', 'bbox': [700, 1000, 780, 1030], 'confidence': 0.95}","{'value': '0.00', 'bbox': [700, 1030, 780, 1060], 'confidence': 0.95}","{'value': '637.10', 'bbox': [700, 1060, 780, 1090], 'confidence': 0.95}","{'value': '637.10', 'bbox': [700, 1090, 780, 1120], 'confidence': 0.95}","{'value': '0.00', 'bbox': [700, 1120, 780, 1150], 'confidence': 0.95}","{'value': '0.00', 'bbox': [700, 1150, 780, 1180], 'confidence': 0.95}","{'value': '0.00', 'bbox': [700, 1180, 780, 1210], 'confidence': 0.95}"
GRN2550457.json,"{'value': '730400000657', 'bbox': [290, 120, 420, 140], 'confidence': 0.95}","{'value': '30/09/2024', 'bbox': [380, 100, 480, 120], 'confidence': 0.95}","{'value': '29AAICM3930G1ZD', 'bbox': [550, 240, 680, 260], 'confidence': 0.95}","{'value': 'AAICM3930G', 'bbox': [550, 280, 640, 300], 'confidence': 0.95}","{'value': 'ID FRESH FOOD (INDIA) PVT LTD.', 'bbox': [450, 180, 650, 220], 'confidence': 0.95}","{'value': '29AAFCB7707D1ZQ', 'bbox': [150, 240, 280, 260], 'confidence': 0.95}","{'value': 'Swiggy Limited', 'bbox': [100, 180, 250, 200], 'confidence': 0.95}","{'value': '', 'bbox': [0, 0, 0, 0], 'confidence': 0.0}","{'value': '', 'bbox': [0, 0, 0, 0], 'confidence': 0.0}","{'value': '', 'bbox': [0, 0, 0, 0], 'confidence': 0.0}","{'value': '500.00', 'bbox': [600, 560, 660, 580], 'confidence': 0.95}","{'value': '0.00', 'bbox': [600, 600, 660, 620], 'confidence': 0.95}","{'value': '12.50', 'bbox': [600, 580, 660, 600], 'confidence': 0.95}","{'value': '12.50', 'bbox': [600, 580, 660, 600], 'confidence': 0.95}","{'value': '0.00', 'bbox': [600, 580, 660, 600], 'confidence': 0.95}","{'value': '0.00', 'bbox': [0, 0, 0, 0], 'confidence': 0.0}","{'value': '0.00', 'bbox': [0, 0, 0, 0], 'confidence': 0.0}"
208_0003325_2324_PMRMO24419_1_20230802124712_page1.json,"{'value': '730/23-24', 'bbox': [120, 260, 240, 280], 'confidence': 0.95}","{'value': '07-07-2023', 'bbox': [120, 280, 240, 300], 'confidence': 0.95}","{'value': '07AAZPH9110K1Z7', 'bbox': [10, 10, 150, 30], 'confidence': 0.95}","{'value': 'AAZPH9110K', 'bbox': [250, 130, 350, 150], 'confidence': 0.95}","{'value': 'CAPITAL TRADERS', 'bbox': [200, 70, 400, 90], 'confidence': 0.95}","{'value': '09AAATH0842H1ZU', 'bbox': [120, 460, 300, 480], 'confidence': 0.95}","{'value': 'HAMDARD LABORATORIES (INDIA)', 'bbox': [120, 360, 400, 380], 'confidence': 0.95}","{'value': 'Not Available', 'bbox': [0, 0, 0, 0], 'confidence': 0.0}","{'value': '09AAATH0842H1ZU', 'bbox': [450, 460, 630, 480], 'confidence': 0.95}","{'value': 'HAMDARD LABORATORIES (INDIA)', 'bbox': [450, 360, 730, 380], 'confidence': 0.95}","{'value': '2,62,052.00', 'bbox': [700, 680, 780, 700], 'confidence': 0.95}","{'value': '0.00', 'bbox': [0, 0, 0, 0], 'confidence': 0.0}","{'value': '12,070.10', 'bbox': [650, 740, 720, 760], 'confidence': 0.95}","{'value': '12,070.10', 'bbox': [650, 740, 720, 760], 'confidence': 0.95}","{'value': '13,102.60', 'bbox': [650, 720, 720, 740], 'confidence': 0.95}","{'value': '0.00', 'bbox': [0, 0, 0, 0], 'confidence': 0.0}","{'value': '0.00', 'bbox': [0, 0, 0, 0], 'confidence': 0.0}"
_QS0686F956BCXX-0002_SI_GRASIM INDUSTRIES_page1.json,"{'value': 'SIG/06317/25-26', 'bbox': [320, 160, 420, 180], 'confidence': 0.95}","{'value': '15-Jul-25', 'bbox': [550, 160, 630, 180], 'confidence': 0.95}","{'value': '33AABFP6358D1ZG', 'bbox': [100, 220, 250, 240], 'confidence': 0.95}","{'value': 'AABFP6358D', 'bbox': [100, 240, 180, 260], 'confidence': 0.95}","{'value': 'Pioneer Steels', 'bbox': [100, 180, 220, 200], 'confidence': 0.95}","{'value': '29AAACG4464B1ZU', 'bbox': [300, 300, 450, 320], 'confidence': 0.95}","{'value': 'GRASIM INDUSTRIES LIMITED - UNIT HARIHAR POLYFIBERS & GRASILENE DIVISION', 'bbox': [100, 280, 500, 300], 'confidence': 0.95}","{'value': 'AAACG4464B', 'bbox': [300, 320, 380, 340], 'confidence': 0.95}","{'value': '33AAVFG6779R1Z3', 'bbox': [300, 500, 450, 520], 'confidence': 0.95}","{'value': 'GRASIM INDUSTRIES LIMITED - UNIT HARIHAR POLYFIBERS & GRASILENE DIVISION', 'bbox': [100, 460, 500, 480], 'confidence': 0.95}","{'value': '6,06,965.00', 'bbox': [600, 560, 680, 580], 'confidence': 0.95}","{'value': '0.30', 'bbox': [600, 580, 630, 600], 'confidence': 0.95}","{'value': '0.00', 'confidence': 0.95, 'bbox': [0, 0, 0, 0]}","{'value': '0.00', 'confidence': 0.95, 'bbox': [0, 0, 0, 0]}","{'value': '1,09,253.70', 'bbox': [600, 580, 680, 600], 'confidence': 0.95}","{'value': '0.00', 'confidence': 0.95, 'bbox': [0, 0, 0, 0]}","{'value': '0.00', 'confidence': 0.95, 'bbox': [0, 0, 0, 0]}"
9506016386 1_page1.json,"{'value': '9506016386', 'bbox': [450, 200, 550, 220], 'confidence': 0.95}","{'value': '17-May-2025', 'bbox': [250, 130, 350, 150], 'confidence': 0.95}","{'value': '06AAACH1004N1ZY', 'bbox': [350, 100, 450, 120], 'confidence': 0.95}","{'value': 'AACFY8913A', 'bbox': [350, 160, 450, 180], 'confidence': 0.95}","{'value': 'Moonstone - Gurgaon G7 Ecom Warehouse', 'bbox': [10, 20, 300, 100], 'confidence': 0.95}","{'value': '06AACFY8913A2ZB', 'bbox': [250, 70, 350, 90], 'confidence': 0.95}","{'value': 'HINDUSTAN UNILEVER LIMITED', 'bbox': [100, 180, 300, 200], 'confidence': 0.95}","{'value': 'AACFY8913A', 'bbox': [250, 140, 350, 160], 'confidence': 0.95}","{'value': '', 'bbox': [0, 0, 0, 0], 'confidence': 0.0}","{'value': 'HINDUSTAN UNILEVER LIMITED', 'bbox': [100, 180, 300, 200], 'confidence': 0.95}","{'value': '', 'bbox': [0, 0, 0, 0], 'confidence': 0.0}","{'value': '', 'bbox': [0, 0, 0, 0], 'confidence': 0.0}","{'value': '', 'bbox': [0, 0, 0, 0], 'confidence': 0.0}","{'value': '', 'bbox': [0, 0, 0, 0], 'confidence': 0.0}","{'value': '', 'bbox': [0, 0, 0, 0], 'confidence': 0.0}","{'value': '', 'bbox': [0, 0, 0, 0], 'confidence': 0.0}","{'value': '', 'bbox': [0, 0, 0, 0], 'confidence': 0.0}"
SWIGGY LIMITED_Jul 25_FMS Rental_Lease Rental_IND-214045_page4.json,"{'value': '34-47', 'bbox': [1, 1, 100, 20], 'confidence': 0.95}","{'value': '01/07/2025', 'bbox': [100, 1, 200, 20], 'confidence': 0.95}","{'value': '24ABSJP6701R1ZS', 'bbox': [200, 1, 300, 20], 'confidence': 0.95}","{'value': 'AASCA1234E', 'bbox': [300, 1, 400, 20], 'confidence': 0.95}","{'value': 'FMS Rental', 'bbox': [400, 1, 500, 20], 'confidence': 0.95}","{'value': '24ABSJP6701R1ZS', 'bbox': [500, 1, 600, 20], 'confidence': 0.95}","{'value': 'VIPUL KAPOOR', 'bbox': [600, 1, 700, 20], 'confidence': 0.95}","{'value': 'DLBCB1414', 'bbox': [700, 1, 800, 20], 'confidence': 0.95}","{'value': '24ABSJP6701R1ZS', 'bbox': [800, 1, 900, 20], 'confidence': 0.95}","{'value': 'VIPUL KAPOOR', 'bbox': [900, 1, 1000, 20], 'confidence': 0.95}","{'value': '4878.85', 'bbox': [1000, 1, 1100, 20], 'confidence': 0.95}","{'value': '0.00', 'bbox': [1100, 1, 1200, 20], 'confidence': 0.95}","{'value': '0.00', 'bbox': [1200, 1, 1300, 20], 'confidence': 0.95}","{'value': '0.00', 'bbox': [1300, 1, 1400, 20], 'confidence': 0.95}","{'value': '0.00', 'bbox': [1400, 1, 1500, 20], 'confidence': 0.95}","{'value': '0.00', 'bbox': [1500, 1, 1600, 20], 'confidence': 0.95}","{'value': '0.00', 'bbox': [1600, 1, 1700, 20], 'confidence': 0.95}"
EP-03-71-21-22 - Ambience_page2.json,"{'value': 'EP/03/71/21-22', 'bbox': [330, 100, 450, 120], 'confidence': 0.95}","{'value': '26-Mar-22', 'bbox': [550, 100, 650, 120], 'confidence': 0.95}","{'value': '07AAECA6845N1Z8', 'bbox': [100, 150, 250, 170], 'confidence': 0.95}","{'value': 'AAECA6845N', 'bbox': [100, 750, 250, 770], 'confidence': 0.95}","{'value': 'Ambience Commercial Developers (P) Ltd.', 'bbox': [100, 50, 350, 70], 'confidence': 0.95}","{'value': '07AAACL9861H1Z8', 'bbox': [300, 250, 450, 270], 'confidence': 0.95}","{'value': 'Decathlon Sports India Pvt. Ltd.', 'bbox': [100, 200, 350, 220], 'confidence': 0.95}","{'value': '', 'bbox': [], 'confidence': 0.0}","{'value': '07AAACL9861H1Z8', 'bbox': [300, 300, 450, 320], 'confidence': 0.95}","{'value': 'Decathlon Sports India Pvt. Ltd.', 'bbox': [100, 270, 350, 290], 'confidence': 0.95}","{'value': '125000.00', 'bbox': [600, 500, 700, 520], 'confidence': 0.95}","{'value': '0.00', 'bbox': [], 'confidence': 0.0}","{'value': '11250.00', 'bbox': [600, 550, 700, 570], 'confidence': 0.95}","{'value': '11250.00', 'bbox': [600, 570, 700, 590], 'confidence': 0.95}","{'value': '0.00', 'bbox': [], 'confidence': 0.0}","{'value': '0.00', 'bbox': [], 'confidence': 0.0}","{'value': '0.00', 'bbox': [], 'confidence': 0.0}"
24-2019-20 - Sanjay Madan.json,"{'value': '24/2019-20', 'bbox': [330, 30, 410, 50], 'confidence': 0.95}","{'value': '01.07.19', 'bbox': [420, 30, 480, 50], 'confidence': 0.95}","{'value': '07AEHPM1494B1ZO', 'bbox': [200, 60, 360, 80], 'confidence': 0.95}","{'value': 'AEHPM1494B', 'bbox': [200, 80, 300, 100], 'confidence': 0.95}","{'value': 'SANJAY MADAN', 'bbox': [100, 40, 250, 60], 'confidence': 0.95}","{'value': '07AAACL9861H1Z8', 'bbox': [200, 180, 360, 200], 'confidence': 0.95}","{'value': 'Decathlon Sports India Pvt Ltd', 'bbox': [100, 120, 300, 140], 'confidence': 0.95}","{'value': 'AAACL9861H', 'bbox': [200, 200, 300, 220], 'confidence': 0.95}","{'value': '07AAACL9861H1Z8', 'bbox': [400, 180, 560, 200], 'confidence': 0.95}","{'value': 'Decathlon Sports India Pvt Ltd', 'bbox': [300, 120, 500, 140], 'confidence': 0.95}","{'value': '25990', 'bbox': [550, 320, 600, 340], 'confidence': 0.95}","{'value': '0', 'bbox': [0, 0, 0, 0], 'confidence': 0.0}","{'value': '2339', 'bbox': [550, 340, 600, 360], 'confidence': 0.95}","{'value': '2339', 'bbox': [550, 360, 600, 380], 'confidence': 0.95}","{'value': '0', 'bbox': [550, 380, 600, 400], 'confidence': 0.95}","{'value': '0', 'bbox': [0, 0, 0, 0], 'confidence': 0.0}","{'value': '0', 'bbox': [0, 0, 0, 0], 'confidence': 0.0}"
9506016386 1_page6.json,"{'value': '9506016386', 'bbox': [1000, 100, 1100, 150], 'confidence': 0.95}","{'value': '2023-11-20', 'bbox': [1000, 200, 1100, 250], 'confidence': 0.95}","{'value': '20AJSPK9999A1ZI', 'bbox': [100, 300, 250, 350], 'confidence': 0.95}","{'value': 'AJSPK9999A', 'bbox': [100, 350, 250, 400], 'confidence': 0.95}","{'value': 'KIRAN FASHIONS', 'bbox': [100, 400, 300, 450], 'confidence': 0.95}","{'value': '20AAAFK9999A1ZI', 'bbox': [100, 500, 250, 550], 'confidence': 0.95}","{'value': 'KIRAN FASHIONS', 'bbox': [100, 550, 300, 600], 'confidence': 0.95}","{'value': 'AAAFK9999A', 'bbox': [100, 600, 250, 650], 'confidence': 0.95}","{'value': '20AAAFK9999A1ZI', 'bbox': [100, 700, 250, 750], 'confidence': 0.95}","{'value': 'KIRAN FASHIONS', 'bbox': [100, 750, 300, 800], 'confidence': 0.95}","{'value': '21387.00', 'bbox': [1000, 1000, 1100, 1050], 'confidence': 0.95}","{'value': '0.00', 'bbox': [1000, 1050, 1100, 1100], 'confidence': 0.95}","{'value': '0.00', 'bbox': [1000, 1100, 1100, 1150], 'confidence': 0.95}","{'value': '0.00', 'bbox': [1000, 1150, 1100, 1200], 'confidence': 0.95}","{'value': '3590.75', 'bbox': [1000, 1200, 1100, 1250], 'confidence': 0.95}","{'value': '0.00', 'bbox': [1000, 1250, 1100, 1300], 'confidence': 0.95}","{'value': '0.00', 'bbox': [1000, 1300, 1100, 1350], 'confidence': 0.95}"
_000009338-0001_SI_GRASIM BILL NO - 2184.json,"{'value': 'GSTT/2184', 'bbox': [200, 260, 300, 280], 'confidence': 0.95}","{'value': '18/08/2024', 'bbox': [350, 260, 450, 280], 'confidence': 0.95}","{'value': '24AALCS2727A1ZP', 'bbox': [600, 120, 750, 140], 'confidence': 0.95}","{'value': 'AALCS2727A', 'bbox': [150, 120, 250, 140], 'confidence': 0.95}","{'value': 'GRAFITE CERAMICS PVT LTD', 'bbox': [600, 1000, 800, 1020], 'confidence': 0.95}","{'value': '24AAACG4464B9ZW', 'bbox': [200, 400, 350, 420], 'confidence': 0.95}","{'value': 'GRASIM INDUSTRIES LIMITED', 'bbox': [150, 320, 350, 340], 'confidence': 0.95}","{'value': 'AAACG4464B', 'bbox': [200, 420, 300, 440], 'confidence': 0.95}","{'value': '', 'bbox': [550, 320, 650, 340], 'confidence': 0.95}","{'value': 'MASKE TRADERS', 'bbox': [550, 290, 650, 310], 'confidence': 0.95}","{'value': '217306.13', 'bbox': [650, 750, 750, 770], 'confidence': 0.95}","{'value': '1081.13', 'bbox': [650, 730, 750, 750], 'confidence': 0.95}","{'value': '19557.55', 'bbox': [650, 790, 750, 810], 'confidence': 0.95}","{'value': '19557.55', 'bbox': [650, 810, 750, 830], 'confidence': 0.95}","{'value': '0.00', 'confidence': 0.95, 'bbox': [0, 0, 0, 0]}","{'value': '0.00', 'confidence': 0.95, 'bbox': [0, 0, 0, 0]}","{'value': '0.00', 'confidence': 0.95, 'bbox': [0, 0, 0, 0]}"
SWIGGY LIMITED_Jul 25_FMS Rental_Lease Rental_IND-214045_page8.json,"{'value': '85', 'bbox': [10, 160, 50, 190], 'confidence': 0.95}","{'value': '01/07/2025', 'bbox': [300, 160, 380, 190], 'confidence': 0.95}","{'value': '27AABCM3784R1ZI', 'bbox': [0, 0, 0, 0], 'confidence': 0.0}","{'value': 'AABCM3784R', 'bbox': [0, 0, 0, 0], 'confidence': 0.0}","{'value': 'Mahindra & Mahindra Financial Services Limited', 'bbox': [0, 0, 0, 0], 'confidence': 0.0}","{'value': '09AJXPK6274P1ZI', 'bbox': [0, 0, 0, 0], 'confidence': 0.0}","{'value': 'Shubham Choubey', 'bbox': [250, 160, 350, 190], 'confidence': 0.95}","{'value': '09AJXPK6274P', 'bbox': [0, 0, 0, 0], 'confidence': 0.0}","{'value': '', 'bbox': [0, 0, 0, 0], 'confidence': 0.0}","{'value': '', 'bbox': [0, 0, 0, 0], 'confidence': 0.0}","{'value': '3405393.35', 'bbox': [750, 400, 850, 430], 'confidence': 0.95}","{'value': '0.00', 'bbox': [0, 0, 0, 0], 'confidence': 0.0}","{'value': '0.00', 'bbox': [0, 0, 0, 0], 'confidence': 0.0}","{'value': '0.00', 'bbox': [0, 0, 0, 0], 'confidence': 0.0}","{'value': '0.00', 'bbox': [0, 0, 0, 0], 'confidence': 0.0}","{'value': '0.00', 'bbox': [0, 0, 0, 0], 'confidence': 0.0}","{'value': '0.00', 'bbox': [0, 0, 0, 0], 'confidence': 0.0}"
BOLPF 1235 - PETS CENTRIC PRIVATE LIMITED - MH - Muhammed Noufal_page2.json,"{'value': 'INVOICPF/24-25/1235', 'bbox': [360, 100, 480, 120], 'confidence': 0.95}","{'value': '4-Dec-24', 'bbox': [600, 100, 680, 120], 'confidence': 0.95}","{'value': '27AAECV8384M1ZH', 'bbox': [100, 160, 240, 180], 'confidence': 0.95}","{'value': 'AAECV8384M', 'bbox': [100, 380, 200, 400], 'confidence': 0.95}","{'value': 'VIVALDIS HEALTH AND FOODS PVT LTD.', 'bbox': [100, 120, 350, 140], 'confidence': 0.95}","{'value': '27AALCP9335K1ZR', 'bbox': [100, 260, 240, 280], 'confidence': 0.95}","{'value': 'PETS CENTRIC PRIVATE LIMITED - MH', 'bbox': [100, 220, 350, 240], 'confidence': 0.95}","{'value': 'Not Available', 'bbox': [0, 0, 0, 0], 'confidence': 0.0}","{'value': '27AALCP9335K1ZR', 'bbox': [100, 300, 240, 320], 'confidence': 0.95}","{'value': 'PETS CENTRIC PRIVATE LIMITED - MH', 'bbox': [100, 280, 350, 300], 'confidence': 0.95}","{'value': '101155.00', 'bbox': [650, 560, 720, 580], 'confidence': 0.95}","{'value': '0.00', 'bbox': [0, 0, 0, 0], 'confidence': 0.0}","{'value': '9103.95', 'bbox': [650, 600, 720, 620], 'confidence': 0.95}","{'value': '9103.95', 'bbox': [650, 620, 720, 640], 'confidence': 0.95}","{'value': '0.00', 'bbox': [0, 0, 0, 0], 'confidence': 0.0}","{'value': '0.00', 'bbox': [0, 0, 0, 0], 'confidence': 0.0}","{'value': '0.00', 'bbox': [0, 0, 0, 0], 'confidence': 0.0}"
DL1-AR-006-19-20.json,"{'value': 'DLVAR/00918-20', 'bbox': [200, 300, 300, 320], 'confidence': 0.95}","{'value': '27.01.2020', 'bbox': [350, 300, 450, 320], 'confidence': 0.95}","{'value': '07AAECB2681L1ZZ', 'bbox': [100, 150, 250, 170], 'confidence': 0.95}","{'value': 'AAECI2651L', 'bbox': [300, 150, 400, 170], 'confidence': 0.95}","{'value': 'Intelligreen Technologies Private Limited', 'bbox': [100, 50, 500, 70], 'confidence': 0.95}","{'value': '07AALPS988H1Z8', 'bbox': [100, 450, 250, 470], 'confidence': 0.95}","{'value': 'M/S Decathlon Sports India Pvt. Ltd.', 'bbox': [100, 350, 350, 370], 'confidence': 0.95}","{'value': 'Not Available', 'bbox': [0, 0, 0, 0], 'confidence': 0.0}","{'value': '07AALPS988H1Z8', 'bbox': [400, 450, 550, 470], 'confidence': 0.95}","{'value': 'M/S Decathlon Sports India Pvt. Ltd.', 'bbox': [400, 350, 650, 370], 'confidence': 0.95}","{'value': '816090.50', 'bbox': [500, 850, 600, 870], 'confidence': 0.95}","{'value': '0.00', 'bbox': [0, 0, 0, 0], 'confidence': 0.0}","{'value': '36748.15', 'bbox': [600, 900, 700, 920], 'confidence': 0.95}","{'value': '36748.15', 'bbox': [600, 920, 700, 940], 'confidence': 0.95}","{'value': '0.00', 'bbox': [0, 0, 0, 0], 'confidence': 0.0}","{'value': '0.00', 'bbox': [0, 0, 0, 0], 'confidence': 0.0}","{'value': '0.00', 'bbox': [0, 0, 0, 0], 'confidence': 0.0}"
BOLPF 1234 - PETS CENTRIC PRIVATE LIMITED - KA - Muhammed Noufal_page2.json,"{'value': 'BOLPF/24-25/1234', 'bbox': [350, 100, 450, 120], 'confidence': 0.95}","{'value': '4-Dec-24', 'bbox': [600, 100, 680, 120], 'confidence': 0.95}","{'value': '27AAECV8384M1ZH', 'bbox': [100, 160, 250, 180], 'confidence': 0.95}","{'value': 'AAECV8384M', 'bbox': [100, 480, 200, 500], 'confidence': 0.95}","{'value': 'VIVALDIS HEALTH AND FOODS PVT LTD.', 'bbox': [100, 120, 350, 140], 'confidence': 0.95}","{'value': '29AALCP9335K1ZN', 'bbox': [100, 280, 250, 300], 'confidence': 0.95}","{'value': 'PETS CENTRIC PRIVATE LIMITED - KA', 'bbox': [100, 240, 350, 260], 'confidence': 0.95}","{'value': 'Not Available', 'bbox': [0, 0, 0, 0], 'confidence': 0.0}","{'value': '29AALCP9335K1ZN', 'bbox': [100, 360, 250, 380], 'confidence': 0.95}","{'value': 'PETS CENTRIC PRIVATE LIMITED - KA', 'bbox': [100, 320, 350, 340], 'confidence': 0.95}","{'value': '1,32,022.00', 'bbox': [650, 520, 750, 540], 'confidence': 0.95}","{'value': '0.00', 'bbox': [0, 0, 0, 0], 'confidence': 0.0}","{'value': '0.00', 'bbox': [0, 0, 0, 0], 'confidence': 0.0}","{'value': '0.00', 'bbox': [0, 0, 0, 0], 'confidence': 0.0}","{'value': '23,763.96', 'bbox': [650, 560, 750, 580], 'confidence': 0.95}","{'value': '0.00', 'bbox': [0, 0, 0, 0], 'confidence': 0.0}","{'value': '0.00', 'bbox': [0, 0, 0, 0], 'confidence': 0.0}"
IM-PI23000001297_Swiggy_IM FP&SKAN_DSP&Glance.json,"{'value': 'IM-PI23000001297', 'bbox': [590, 190, 760, 210], 'confidence': 0.95}","{'value': '11-Jul-25', 'bbox': [300, 190, 380, 210], 'confidence': 0.95}","{'value': '29AACCI7117F1ZM', 'bbox': [100, 120, 260, 140], 'confidence': 0.95}","{'value': 'AACCI7117F', 'bbox': [100, 100, 180, 120], 'confidence': 0.95}","{'value': 'InMobi Technology Services Private Limited', 'bbox': [100, 40, 400, 80], 'confidence': 0.95}","{'value': '29AAFCB7707D1ZQ', 'bbox': [100, 260, 260, 280], 'confidence': 0.95}","{'value': 'SWIGGY LIMITED', 'bbox': [100, 220, 200, 240], 'confidence': 0.95}","{'value': 'Not Available', 'bbox': [0, 0, 0, 0], 'confidence': 0.0}","{'value': 'Not Available', 'bbox': [0, 0, 0, 0], 'confidence': 0.0}","{'value': 'Not Available', 'bbox': [0, 0, 0, 0], 'confidence': 0.0}","{'value': '6435600.00', 'bbox': [500, 460, 600, 480], 'confidence': 0.95}","{'value': '0.00', 'bbox': [0, 0, 0, 0], 'confidence': 0.0}","{'value': '579204.00', 'bbox': [700, 460, 800, 480], 'confidence': 0.95}","{'value': '579204.00', 'bbox': [800, 460, 900, 480], 'confidence': 0.95}","{'value': '0.00', 'bbox': [0, 0, 0, 0], 'confidence': 0.0}","{'value': '0.00', 'bbox': [0, 0, 0, 0], 'confidence': 0.0}","{'value': '0.00', 'bbox': [0, 0, 0, 0], 'confidence': 0.0}"
208_0003314_2324_PMRMO24408_1_20230802122526.json,"{'value': 'RPOA/823/23-24', 'bbox': [450, 100, 550, 120], 'confidence': 0.95}","{'value': '22-Jul-23', 'bbox': [550, 100, 650, 120], 'confidence': 0.95}","{'value': '07AADCR846B1ZC', 'bbox': [100, 150, 250, 170], 'confidence': 0.95}","{'value': 'AADCR8846B', 'bbox': [100, 600, 200, 620], 'confidence': 0.95}","{'value': 'RP OFFICE AUTOMATION PVT LTD', 'bbox': [100, 50, 300, 70], 'confidence': 0.95}","{'value': '09AAATH0842H1ZU', 'bbox': [100, 250, 250, 270], 'confidence': 0.95}","{'value': 'HAMDARD LABORATORIES (INDIA)', 'bbox': [100, 200, 300, 220], 'confidence': 0.95}","{'value': '', 'bbox': [], 'confidence': 0.0}","{'value': '09AAATH0842H1ZU', 'bbox': [100, 300, 250, 320], 'confidence': 0.95}","{'value': 'HAMDARD LABORATORIES (INDIA)', 'bbox': [100, 270, 300, 290], 'confidence': 0.95}","{'value': '25,424.00', 'bbox': [600, 500, 700, 520], 'confidence': 0.95}","{'value': '0.00', 'bbox': [], 'confidence': 0.0}","{'value': '0.00', 'bbox': [], 'confidence': 0.0}","{'value': '0.00', 'bbox': [], 'confidence': 0.0}","{'value': '4,576.32', 'bbox': [600, 520, 700, 540], 'confidence': 0.95}","{'value': '0.00', 'bbox': [], 'confidence': 0.0}","{'value': '0.00', 'bbox': [], 'confidence': 0.0}"
Invoice Number 302_page1.json,"{'value': '302', 'bbox': [420, 100, 480, 120], 'confidence': 0.95}","{'value': '15/05/2025', 'bbox': [420, 120, 500, 140], 'confidence': 0.95}","{'value': '09KMSPS3586K1ZO', 'bbox': [100, 650, 250, 670], 'confidence': 0.95}","{'value': '', 'bbox': [], 'confidence': 0.0}","{'value': 'Digital Fox Media', 'bbox': [100, 630, 250, 650], 'confidence': 0.95}","{'value': '29AAFCB7707D1ZQ', 'bbox': [200, 200, 350, 220], 'confidence': 0.95}","{'value': 'Swiggy Limited', 'bbox': [150, 160, 300, 180], 'confidence': 0.95}","{'value': '', 'bbox': [], 'confidence': 0.0}","{'value': '', 'bbox': [], 'confidence': 0.0}","{'value': '', 'bbox': [], 'confidence': 0.0}","{'value': '', 'bbox': [], 'confidence': 0.0}","{'value': '', 'bbox': [], 'confidence': 0.0}","{'value': '', 'bbox': [], 'confidence': 0.0}","{'value': '', 'bbox': [], 'confidence': 0.0}","{'value': '', 'bbox': [], 'confidence': 0.0}","{'value': '', 'bbox': [], 'confidence': 0.0}","{'value': '', 'bbox': [], 'confidence': 0.0}"
9506016386 1_page7.json,"{'value': '95006016386', 'bbox': [1000, 100, 1100, 150], 'confidence': 0.95}","{'value': '17-07-2025', 'bbox': [1000, 150, 1100, 200], 'confidence': 0.95}","{'value': '20AACCK1970M1ZI', 'bbox': [100, 200, 250, 250], 'confidence': 0.95}","{'value': 'AACCK1970M', 'bbox': [100, 250, 200, 300], 'confidence': 0.95}","{'value': 'RELIANCE RETAIL LIMITED', 'bbox': [100, 300, 400, 350], 'confidence': 0.95}","{'value': '20AAACR2970M1ZI', 'bbox': [100, 400, 250, 450], 'confidence': 0.95}","{'value': 'RELIANCE RETAIL LIMITED', 'bbox': [100, 450, 400, 500], 'confidence': 0.95}","{'value': 'AAACR2970M', 'bbox': [100, 500, 200, 550], 'confidence': 0.95}","{'value': '20AAACR2970M1ZI', 'bbox': [100, 600, 250, 650], 'confidence': 0.95}","{'value': 'RELIANCE RETAIL LIMITED', 'bbox': [100, 650, 400, 700], 'confidence': 0.95}","{'value': '13,800.99', 'bbox': [1000, 1000, 1100, 1050], 'confidence': 0.95}","{'value': '0.00', 'bbox': [1000, 1050, 1100, 1100], 'confidence': 0.95}","{'value': '0.00', 'bbox': [1000, 1100, 1100, 1150], 'confidence': 0.95}","{'value': '0.00', 'bbox': [1000, 1150, 1100, 1200], 'confidence': 0.95}","{'value': '0.00', 'bbox': [1000, 1200, 1100, 1250], 'confidence': 0.95}","{'value': '0.00', 'bbox': [1000, 1250, 1100, 1300], 'confidence': 0.95}","{'value': '0.00', 'bbox': [1000, 1300, 1100, 1350], 'confidence': 0.95}"
208_0003342_2324_PMRMO24437_2_20230803123014.json,"{'value': 'GST/563', 'bbox': [350, 180, 420, 200], 'confidence': 0.95}","{'value': '25-Jul-23', 'bbox': [550, 180, 620, 200], 'confidence': 0.95}","{'value': '09ACZPG8509P1ZH', 'bbox': [150, 220, 300, 240], 'confidence': 0.95}","{'value': 'ACZPG8509P', 'bbox': [550, 750, 650, 770], 'confidence': 0.95}","{'value': 'VIJAY PLASTICS', 'bbox': [100, 120, 250, 140], 'confidence': 0.95}","{'value': '07AAATH0842H1ZY', 'bbox': [350, 300, 480, 320], 'confidence': 0.95}","{'value': 'Hamdard Laboratories India (Delhi)', 'bbox': [150, 280, 400, 300], 'confidence': 0.95}","{'value': '', 'bbox': [], 'confidence': 0.0}","{'value': '07AAATH0842H1ZY', 'bbox': [350, 340, 480, 360], 'confidence': 0.95}","{'value': 'Hamdard Laboratories India (Delhi)', 'bbox': [150, 320, 400, 340], 'confidence': 0.95}","{'value': '3,79,374.000', 'bbox': [650, 550, 750, 570], 'confidence': 0.95}","{'value': '0.000', 'bbox': [], 'confidence': 0.0}","{'value': '0.000', 'bbox': [], 'confidence': 0.0}","{'value': '0.000', 'bbox': [], 'confidence': 0.0}","{'value': '68,287.320', 'bbox': [650, 620, 750, 640], 'confidence': 0.95}","{'value': '0.000', 'bbox': [], 'confidence': 0.0}","{'value': '0.000', 'bbox': [], 'confidence': 0.0}"
MAY 25 MH_page1.json,"{'value': 'MH/2526/C/004596', 'bbox': [450, 200, 600, 220], 'confidence': 0.95}","{'value': '06-Jun-2025', 'bbox': [450, 260, 550, 280], 'confidence': 0.95}","{'value': '27AABCCS486C1ZR', 'bbox': [350, 100, 480, 120], 'confidence': 0.95}","{'value': 'AABCC5486C', 'bbox': [350, 80, 450, 100], 'confidence': 0.95}","{'value': 'Carzonrent (India) Pvt. Ltd.', 'bbox': [100, 80, 350, 120], 'confidence': 0.95}","{'value': '29AAFCB7707D1ZQ', 'bbox': [100, 300, 250, 320], 'confidence': 0.95}","{'value': 'Swiggy Limited', 'bbox': [100, 220, 250, 240], 'confidence': 0.95}","{'value': 'AAFCB7707D', 'bbox': [100, 340, 200, 360], 'confidence': 0.95}","{'value': '', 'bbox': [0, 0, 0, 0], 'confidence': 0.0}","{'value': '', 'bbox': [0, 0, 0, 0], 'confidence': 0.0}","{'value': '21127.8', 'bbox': [550, 460, 620, 480], 'confidence': 0.95}","{'value': '0', 'bbox': [0, 0, 0, 0], 'confidence': 0.0}","{'value': '0', 'bbox': [0, 0, 0, 0], 'confidence': 0.0}","{'value': '0', 'bbox': [0, 0, 0, 0], 'confidence': 0.0}","{'value': '1056.39', 'bbox': [550, 480, 620, 500], 'confidence': 0.95}","{'value': '0', 'bbox': [550, 500, 620, 520], 'confidence': 0.95}","{'value': '0', 'bbox': [0, 0, 0, 0], 'confidence': 0.0}"
chettinad 3.json,"{'value': 'DW20134368', 'bbox': [220, 420, 320, 440], 'confidence': 0.95}","{'value': '10.07.2025', 'bbox': [320, 420, 420, 440], 'confidence': 0.95}","{'value': '37AAACC3130A1ZI', 'bbox': [500, 100, 650, 120], 'confidence': 0.95}","{'value': 'AAACC3130A', 'bbox': [660, 120, 760, 140], 'confidence': 0.95}","{'value': 'CHETTINAD CEMENT CORPORATION PRIVATE LIMITED', 'bbox': [200, 100, 700, 140], 'confidence': 0.95}","{'value': '29AAACG4464B1ZU', 'bbox': [400, 240, 550, 260], 'confidence': 0.95}","{'value': 'GRASIM INDUSTRIES LIMITED', 'bbox': [250, 180, 450, 200], 'confidence': 0.95}","{'value': 'AAACG4464B', 'bbox': [350, 260, 450, 280], 'confidence': 0.95}","{'value': '29AAACG4464B1ZU', 'bbox': [600, 240, 750, 260], 'confidence': 0.95}","{'value': 'GRASIM INDUSTRIES LIMITED', 'bbox': [500, 180, 700, 200], 'confidence': 0.95}","{'value': '170976.25', 'bbox': [450, 560, 550, 580], 'confidence': 0.95}","{'value': '0.00', 'bbox': [450, 580, 550, 600], 'confidence': 0.95}","{'value': '0.00', 'bbox': [550, 620, 650, 640], 'confidence': 0.95}","{'value': '0.00', 'bbox': [450, 620, 550, 640], 'confidence': 0.95}","{'value': '47873.35', 'bbox': [550, 600, 650, 620], 'confidence': 0.95}","{'value': '0.00', 'bbox': [0, 0, 0, 0], 'confidence': 0.0}","{'value': '0.00', 'bbox': [0, 0, 0, 0], 'confidence': 0.0}"
SWIGGY LIMITED_Jul 25_FMS Rental_Lease Rental_IND-214045_page5.json,"{'value': '', 'bbox': [], 'confidence': 0.0}","{'value': '', 'bbox': [], 'confidence': 0.0}","{'value': '', 'bbox': [], 'confidence': 0.0}","{'value': '', 'bbox': [], 'confidence': 0.0}","{'value': '', 'bbox': [], 'confidence': 0.0}","{'value': '', 'bbox': [], 'confidence': 0.0}","{'value': '', 'bbox': [], 'confidence': 0.0}","{'value': '', 'bbox': [], 'confidence': 0.0}","{'value': '', 'bbox': [], 'confidence': 0.0}","{'value': '', 'bbox': [], 'confidence': 0.0}","{'value': '', 'bbox': [], 'confidence': 0.0}","{'value': '', 'bbox': [], 'confidence': 0.0}","{'value': '', 'bbox': [], 'confidence': 0.0}","{'value': '', 'bbox': [], 'confidence': 0.0}","{'value': '', 'bbox': [], 'confidence': 0.0}","{'value': '', 'bbox': [], 'confidence': 0.0}","{'value': '', 'bbox': [], 'confidence': 0.0}"
INV-2122-0031_page2.json,"{'value': '', 'bbox': [], 'confidence': 0.0}","{'value': '', 'bbox': [], 'confidence': 0.0}","{'value': '', 'bbox': [], 'confidence': 0.0}","{'value': '', 'bbox': [], 'confidence': 0.0}","{'value': '', 'bbox': [], 'confidence': 0.0}","{'value': '', 'bbox': [], 'confidence': 0.0}","{'value': '', 'bbox': [], 'confidence': 0.0}","{'value': '', 'bbox': [], 'confidence': 0.0}","{'value': '', 'bbox': [], 'confidence': 0.0}","{'value': '', 'bbox': [], 'confidence': 0.0}","{'value': '', 'bbox': [], 'confidence': 0.0}","{'value': '', 'bbox': [], 'confidence': 0.0}","{'value': '', 'bbox': [], 'confidence': 0.0}","{'value': '', 'bbox': [], 'confidence': 0.0}","{'value': '', 'bbox': [], 'confidence': 0.0}","{'value': '', 'bbox': [], 'confidence': 0.0}","{'value': '', 'bbox': [], 'confidence': 0.0}"
_QS0683AFF94HFK-0001_SI_13-4-2024 TOTAL INVOICES_page2.json,"{'value': '', 'bbox': [], 'confidence': 0.0}","{'value': '', 'bbox': [], 'confidence': 0.0}","{'value': '', 'bbox': [], 'confidence': 0.0}","{'value': '', 'bbox': [], 'confidence': 0.0}","{'value': 'UltraTech Cement Limited', 'bbox': [], 'confidence': 0.95}","{'value': '', 'bbox': [], 'confidence': 0.0}","{'value': '', 'bbox': [], 'confidence': 0.0}","{'value': '', 'bbox': [], 'confidence': 0.0}","{'value': '', 'bbox': [], 'confidence': 0.0}","{'value': '', 'bbox': [], 'confidence': 0.0}","{'value': '596900.00', 'bbox': [], 'confidence': 0.95}","{'value': '107442.00', 'bbox': [], 'confidence': 0.95}","{'value': '0.00', 'bbox': [], 'confidence': 0.95}","{'value': '0.00', 'bbox': [], 'confidence': 0.95}","{'value': '127000.00', 'bbox': [], 'confidence': 0.95}","{'value': '0.00', 'bbox': [], 'confidence': 0.95}","{'value': '0.00', 'bbox': [], 'confidence': 0.95}"
I-25-26-002690 1_page2.json,"{'value': 'I/25-26/002690', 'bbox': [120, 200, 260, 220], 'confidence': 0.95}","{'value': '10/04/2025', 'bbox': [320, 200, 400, 220], 'confidence': 0.95}","{'value': '24AABOPF7191G1Z8', 'bbox': [480, 100, 620, 120], 'confidence': 0.95}","{'value': 'AABOPF7191G', 'bbox': [480, 120, 600, 140], 'confidence': 0.95}","{'value': 'MAHADEV AGENCIES', 'bbox': [120, 100, 280, 120], 'confidence': 0.95}","{'value': '24AAADCH7038R1Z3', 'bbox': [320, 240, 460, 260], 'confidence': 0.95}","{'value': 'HANDS ON TRADES PRIVATE LIMITED', 'bbox': [120, 240, 320, 260], 'confidence': 0.95}","{'value': 'AAADCH7038R', 'bbox': [320, 260, 420, 280], 'confidence': 0.95}","{'value': '24AAADCH7038R1Z3', 'bbox': [320, 280, 460, 300], 'confidence': 0.95}","{'value': 'HANDS ON TRADES PRIVATE LIMITED', 'bbox': [120, 280, 320, 300], 'confidence': 0.95}","{'value': '2170.00', 'bbox': [600, 600, 680, 620], 'confidence': 0.95}","{'value': '0.00', 'bbox': [400, 640, 480, 660], 'confidence': 0.95}","{'value': '36504.17', 'bbox': [500, 520, 580, 540], 'confidence': 0.95}","{'value': '36504.17', 'bbox': [420, 520, 500, 540], 'confidence': 0.95}","{'value': '0.00', 'bbox': [580, 520, 660, 540], 'confidence': 0.95}","{'value': '38930.72', 'bbox': [660, 520, 740, 540], 'confidence': 0.95}","{'value': '39446.80', 'bbox': [660, 540, 740, 560], 'confidence': 0.95}"
2929_001 (1).json,"{'value': '606', 'bbox': [120, 300, 160, 320], 'confidence': 0.95}","{'value': '31/08/2025', 'bbox': [450, 260, 550, 280], 'confidence': 0.95}","{'value': '29AESFS9239R1ZI', 'bbox': [10, 20, 130, 40], 'confidence': 0.95}","{'value': 'AESFS9239R', 'bbox': [10, 40, 100, 60], 'confidence': 0.95}","{'value': 'SUM ENTERPRISES', 'bbox': [100, 100, 350, 140], 'confidence': 0.95}","{'value': '29AAFCT7707D1ZQ', 'bbox': [400, 320, 580, 340], 'confidence': 0.95}","{'value': 'Swiggy Limited', 'bbox': [100, 360, 220, 380], 'confidence': 0.95}","{'value': '', 'bbox': [], 'confidence': 0.0}","{'value': '', 'bbox': [], 'confidence': 0.0}","{'value': 'Swiggy Limited', 'bbox': [100, 360, 220, 380], 'confidence': 0.95}","{'value': '13500', 'bbox': [450, 580, 520, 600], 'confidence': 0.95}","{'value': '0', 'bbox': [], 'confidence': 0.0}","{'value': '1215', 'bbox': [520, 580, 580, 600], 'confidence': 0.95}","{'value': '1215', 'bbox': [520, 600, 580, 620], 'confidence': 0.95}","{'value': '0', 'bbox': [], 'confidence': 0.0}","{'value': '0', 'bbox': [], 'confidence': 0.0}","{'value': '0', 'bbox': [], 'confidence': 0.0}"
GRN2352317.json,"{'value': '325', 'bbox': [110, 200, 160, 220], 'confidence': 0.95}","{'value': '25-09-2024', 'bbox': [220, 200, 310, 220], 'confidence': 0.95}","{'value': '29AEZFS6335P1ZO', 'bbox': [450, 120, 620, 140], 'confidence': 0.95}","{'value': '', 'bbox': [], 'confidence': 0.0}","{'value': 'SRI DEVI PLASTICS', 'bbox': [110, 80, 350, 100], 'confidence': 0.95}","{'value': '29AAFCB7707D1ZQ', 'bbox': [110, 360, 270, 380], 'confidence': 0.95}","{'value': 'SWIGGY LIMITED', 'bbox': [110, 300, 250, 320], 'confidence': 0.95}","{'value': '', 'bbox': [], 'confidence': 0.0}","{'value': '', 'bbox': [], 'confidence': 0.0}","{'value': '', 'bbox': [], 'confidence': 0.0}","{'value': '1500.00', 'bbox': [550, 580, 620, 600], 'confidence': 0.95}","{'value': '0.00', 'bbox': [], 'confidence': 0.0}","{'value': '135.00', 'bbox': [660, 600, 720, 620], 'confidence': 0.95}","{'value': '135.00', 'bbox': [760, 600, 820, 620], 'confidence': 0.95}","{'value': '0.00', 'bbox': [], 'confidence': 0.0}","{'value': '0.00', 'bbox': [], 'confidence': 0.0}","{'value': '0.00', 'bbox': [], 'confidence': 0.0}"
VIV 7999 - PETS CENTRIC PRIVATE LIMITED - DL - Muhammed Noufal.json,"{'value': 'VIV/24-25/7999', 'bbox': [350, 160, 450, 180], 'confidence': 0.95}","{'value': '4-Dec-24', 'bbox': [500, 160, 580, 180], 'confidence': 0.95}","{'value': '27AAECV8384M1ZH', 'bbox': [100, 250, 250, 270], 'confidence': 0.95}","{'value': 'AAECV8384M', 'bbox': [100, 750, 200, 770], 'confidence': 0.95}","{'value': 'VIVALDIS HEALTH AND FOODS PVT LTD.', 'bbox': [100, 190, 350, 230], 'confidence': 0.95}","{'value': '07AALCP9335K1ZT', 'bbox': [100, 380, 250, 400], 'confidence': 0.95}","{'value': 'PETS CENTRIC PRIVATE LIMITED - DL', 'bbox': [100, 320, 350, 340], 'confidence': 0.95}","{'value': 'Not Available', 'bbox': [0, 0, 0, 0], 'confidence': 0.0}","{'value': '07AALCP9335K1ZT', 'bbox': [100, 450, 250, 470], 'confidence': 0.95}","{'value': 'PETS CENTRIC PRIVATE LIMITED - DL', 'bbox': [100, 390, 350, 410], 'confidence': 0.95}","{'value': '1665.00', 'bbox': [600, 550, 680, 570], 'confidence': 0.95}","{'value': '0.00', 'bbox': [0, 0, 0, 0], 'confidence': 0.0}","{'value': '0.00', 'bbox': [0, 0, 0, 0], 'confidence': 0.0}","{'value': '0.00', 'bbox': [0, 0, 0, 0], 'confidence': 0.0}","{'value': '299.70', 'bbox': [600, 620, 680, 640], 'confidence': 0.95}","{'value': '0.00', 'bbox': [0, 0, 0, 0], 'confidence': 0.0}","{'value': '0.00', 'bbox': [0, 0, 0, 0], 'confidence': 0.0}"
MAY 25 MH_page2.json,"{'value': 'MH/2526/C/004596', 'bbox': [380, 10, 500, 30], 'confidence': 0.95}","{'value': '6/6/25', 'bbox': [10, 10, 50, 30], 'confidence': 0.95}","{'value': '', 'bbox': [], 'confidence': 0.0}","{'value': '', 'bbox': [], 'confidence': 0.0}","{'value': '', 'bbox': [], 'confidence': 0.0}","{'value': '', 'bbox': [], 'confidence': 0.0}","{'value': '', 'bbox': [], 'confidence': 0.0}","{'value': '', 'bbox': [], 'confidence': 0.0}","{'value': '', 'bbox': [], 'confidence': 0.0}","{'value': '', 'bbox': [], 'confidence': 0.0}","{'value': '', 'bbox': [], 'confidence': 0.0}","{'value': '', 'bbox': [], 'confidence': 0.0}","{'value': '', 'bbox': [], 'confidence': 0.0}","{'value': '', 'bbox': [], 'confidence': 0.0}","{'value': '', 'bbox': [], 'confidence': 0.0}","{'value': '', 'bbox': [], 'confidence': 0.0}","{'value': '', 'bbox': [], 'confidence': 0.0}"
SWIGGY LIMITED_Jul 25_FMS Rental_Lease Rental_IND-214045_page6.json,"{'value': '996749', 'bbox': [10, 10, 60, 30], 'confidence': 0.95}","{'value': '01/07/2025', 'bbox': [280, 10, 350, 30], 'confidence': 0.95}","{'value': '101572-45', 'bbox': [160, 10, 230, 30], 'confidence': 0.95}","{'value': '1646759', 'bbox': [240, 10, 300, 30], 'confidence': 0.95}","{'value': 'Kurnala Hivamant Srikrishna', 'bbox': [310, 10, 500, 30], 'confidence': 0.95}","{'value': '101572-45', 'bbox': [160, 50, 230, 70], 'confidence': 0.95}","{'value': 'Kurnala Hivamant Srikrishna', 'bbox': [310, 50, 500, 70], 'confidence': 0.95}","{'value': '1646759', 'bbox': [240, 50, 300, 70], 'confidence': 0.95}","{'value': '101572-45', 'bbox': [160, 90, 230, 110], 'confidence': 0.95}","{'value': 'Kurnala Hivamant Srikrishna', 'bbox': [310, 90, 500, 110], 'confidence': 0.95}","{'value': '7858.37', 'bbox': [650, 50, 710, 70], 'confidence': 0.95}","{'value': '0.00', 'bbox': [720, 50, 780, 70], 'confidence': 0.95}","{'value': '0.00', 'bbox': [790, 50, 850, 70], 'confidence': 0.95}","{'value': '0.00', 'bbox': [860, 50, 920, 70], 'confidence': 0.95}","{'value': '1414.51', 'bbox': [930, 50, 990, 70], 'confidence': 0.95}","{'value': '0.00', 'bbox': [1000, 50, 1060, 70], 'confidence': 0.95}","{'value': '0.00', 'bbox': [1070, 50, 1130, 70], 'confidence': 0.95}"
INV-2122-0031_page1.json,"{'value': 'INV-21/22-0031', 'bbox': [200, 220, 300, 240], 'confidence': 0.95}","{'value': '26/07/2021', 'bbox': [200, 240, 300, 260], 'confidence': 0.95}","{'value': '27AACCL3430G1ZT', 'bbox': [400, 100, 550, 120], 'confidence': 0.95}","{'value': 'U72900MH2012PTC235006', 'bbox': [400, 120, 600, 140], 'confidence': 0.95}","{'value': 'Levia Technologies Pvt Ltd', 'bbox': [200, 100, 400, 120], 'confidence': 0.95}","{'value': '07AAACL9861H1Z8', 'bbox': [200, 420, 350, 440], 'confidence': 0.95}","{'value': 'Decathlon Sport India Private Ltd', 'bbox': [200, 360, 400, 380], 'confidence': 0.95}","{'value': '', 'bbox': [], 'confidence': 0.0}","{'value': '07AAACL9861H1Z8', 'bbox': [600, 360, 750, 380], 'confidence': 0.95}","{'value': 'Decathlon Sport India Private Ltd', 'bbox': [600, 300, 800, 320], 'confidence': 0.95}","{'value': '2,00,300.00', 'bbox': [700, 600, 800, 620], 'confidence': 0.95}","{'value': '0.00', 'bbox': [], 'confidence': 0.0}","{'value': '0.00', 'bbox': [], 'confidence': 0.0}","{'value': '0.00', 'bbox': [], 'confidence': 0.0}","{'value': '36,054.00', 'bbox': [700, 640, 800, 660], 'confidence': 0.95}","{'value': '0.00', 'bbox': [], 'confidence': 0.0}","{'value': '0.00', 'bbox': [], 'confidence': 0.0}"
_QS0683AFF94HFK-0001_SI_13-4-2024 TOTAL INVOICES_page1.json,"{'value': '917800419', 'bbox': [360, 120, 460, 140], 'confidence': 0.95}","{'value': '13.04.2025', 'bbox': [560, 120, 660, 140], 'confidence': 0.95}","{'value': '37AAACL6442L1Z9', 'bbox': [100, 160, 260, 180], 'confidence': 0.95}","{'value': 'AAACL6442L', 'bbox': [300, 200, 400, 220], 'confidence': 0.95}","{'value': 'UltraTech Cement Limited', 'bbox': [100, 180, 300, 200], 'confidence': 0.95}","{'value': '29AAACG4464B1ZU', 'bbox': [300, 320, 460, 340], 'confidence': 0.95}","{'value': 'GRASIM INDUSTRIES LIMITED', 'bbox': [100, 260, 300, 280], 'confidence': 0.95}","{'value': 'AAACG4464B', 'bbox': [300, 300, 400, 320], 'confidence': 0.95}","{'value': '29AAACG4464B1ZU', 'bbox': [300, 320, 460, 340], 'confidence': 0.95}","{'value': 'GRASIM INDUSTRIES LIMITED', 'bbox': [100, 340, 300, 360], 'confidence': 0.95}","{'value': '1005300.00', 'bbox': [700, 680, 800, 700], 'confidence': 0.95}","{'value': '0.00', 'bbox': [700, 680, 800, 700], 'confidence': 0.95}","{'value': '0.00', 'bbox': [700, 680, 800, 700], 'confidence': 0.95}","{'value': '0.00', 'bbox': [700, 680, 800, 700], 'confidence': 0.95}","{'value': '180954.00', 'bbox': [700, 680, 800, 700], 'confidence': 0.95}","{'value': '0.00', 'bbox': [700, 680, 800, 700], 'confidence': 0.95}","{'value': '0.00', 'bbox': [700, 680, 800, 700], 'confidence': 0.95}"
I-25-26-002690 1_page1.json,"{'value': 'L25-26/002690', 'bbox': [120, 160, 260, 180], 'confidence': 0.95}","{'value': '10/04/2025', 'bbox': [360, 160, 440, 180], 'confidence': 0.95}","{'value': '24AADCH0703R1Z3', 'bbox': [120, 200, 260, 220], 'confidence': 0.95}","{'value': 'AOBPP7191G', 'bbox': [460, 160, 540, 180], 'confidence': 0.95}","{'value': 'B-1/2 Suraydawala Tower Opp SBI', 'bbox': [120, 180, 300, 200], 'confidence': 0.95}","{'value': '24AAOPPI1912006', 'bbox': [120, 240, 260, 260], 'confidence': 0.95}","{'value': 'HANDS ON TRADES PRIVATE LIMITED', 'bbox': [120, 220, 300, 240], 'confidence': 0.95}","{'value': 'AAOPPI19120', 'bbox': [120, 260, 220, 280], 'confidence': 0.95}","{'value': '24AAOPPI1912006', 'bbox': [120, 300, 260, 320], 'confidence': 0.95}","{'value': 'HANDS ON TRADES PRIVATE LIMITED', 'bbox': [120, 280, 300, 300], 'confidence': 0.95}","{'value': '4170.00', 'bbox': [580, 1000, 640, 1020], 'confidence': 0.95}","{'value': '0.00', 'bbox': [580, 1020, 640, 1040], 'confidence': 0.95}","{'value': '0.00', 'bbox': [580, 1040, 640, 1060], 'confidence': 0.95}","{'value': '0.00', 'bbox': [580, 1060, 640, 1080], 'confidence': 0.95}","{'value': '0.00', 'bbox': [580, 1080, 640, 1100], 'confidence': 0.95}","{'value': '0.00', 'bbox': [580, 1100, 640, 1120], 'confidence': 0.95}","{'value': '0.00', 'bbox': [580, 1120, 640, 1140], 'confidence': 0.95}"
9506016386 1_page8.json,"{'value': '95060016386', 'bbox': [1000, 100, 1150, 150], 'confidence': 0.95}","{'value': '2025-07-17', 'bbox': [1000, 150, 1150, 200], 'confidence': 0.95}","{'value': '27AADCS9750H1ZI', 'bbox': [100, 200, 250, 250], 'confidence': 0.95}","{'value': 'AADCS9750H', 'bbox': [100, 250, 250, 300], 'confidence': 0.95}","{'value': 'KESHAV PROVISION STORES', 'bbox': [100, 300, 400, 350], 'confidence': 0.95}","{'value': '27AAACF2123R1ZK', 'bbox': [100, 400, 250, 450], 'confidence': 0.95}","{'value': 'SURYA KANT SHARMA', 'bbox': [100, 450, 300, 500], 'confidence': 0.95}","{'value': 'AAACF2123R', 'bbox': [100, 500, 250, 550], 'confidence': 0.95}","{'value': '27AAACF2123R1ZK', 'bbox': [100, 600, 250, 650], 'confidence': 0.95}","{'value': 'SURYA KANT SHARMA', 'bbox': [100, 650, 300, 700], 'confidence': 0.95}","{'value': '184159.08', 'bbox': [1000, 1000, 1150, 1050], 'confidence': 0.95}","{'value': '0.00', 'bbox': [1000, 1050, 1150, 1100], 'confidence': 0.95}","{'value': '0.00', 'bbox': [1000, 1100, 1150, 1150], 'confidence': 0.95}","{'value': '0.00', 'bbox': [1000, 1150, 1150, 1200], 'confidence': 0.95}","{'value': '2721.44', 'bbox': [1000, 1200, 1150, 1250], 'confidence': 0.95}","{'value': '0.00', 'bbox': [1000, 1250, 1150, 1300], 'confidence': 0.95}","{'value': '0.00', 'bbox': [1000, 1300, 1150, 1350], 'confidence': 0.95}"
BOLPF 1234 - PETS CENTRIC PRIVATE LIMITED - KA - Muhammed Noufal_page1.json,"{'value': 'BOLPF/24-25/1234', 'bbox': [420, 160, 560, 180], 'confidence': 0.95}","{'value': '4-Dec-24', 'bbox': [600, 160, 680, 180], 'confidence': 0.95}","{'value': '27AAECV8384M1ZH', 'bbox': [100, 300, 240, 320], 'confidence': 0.95}","{'value': 'AAECV8384H', 'bbox': [100, 320, 200, 340], 'confidence': 0.95}","{'value': 'VIVALDIS HEALTH AND FOODS PVT LTD.', 'bbox': [100, 200, 400, 240], 'confidence': 0.95}","{'value': '29AALCP9335K1ZN', 'bbox': [100, 460, 240, 480], 'confidence': 0.95}","{'value': 'PETS CENTRIC PRIVATE LIMITED - KA', 'bbox': [100, 380, 350, 420], 'confidence': 0.95}","{'value': 'AALCP9335H', 'bbox': [100, 480, 200, 500], 'confidence': 0.95}","{'value': '29AALCP9335K1ZN', 'bbox': [100, 540, 240, 560], 'confidence': 0.95}","{'value': 'PETS CENTRIC PRIVATE LIMITED - KA', 'bbox': [100, 500, 350, 540], 'confidence': 0.95}","{'value': '29,146.00', 'bbox': [700, 780, 780, 800], 'confidence': 0.95}","{'value': '0.00', 'bbox': [700, 800, 780, 820], 'confidence': 0.95}","{'value': '0.00', 'bbox': [700, 820, 780, 840], 'confidence': 0.95}","{'value': '0.00', 'bbox': [700, 840, 780, 860], 'confidence': 0.95}","{'value': '0.00', 'bbox': [700, 860, 780, 880], 'confidence': 0.95}","{'value': '0.00', 'bbox': [700, 880, 780, 900], 'confidence': 0.95}","{'value': '0.00', 'bbox': [700, 900, 780, 920], 'confidence': 0.95}"
DOC373.json,"{'value': '96', 'bbox': [350, 100, 400, 120], 'confidence': 0.95}","{'value': '16-Aug-23', 'bbox': [500, 100, 580, 120], 'confidence': 0.95}","{'value': '32AHEPP0024A1ZB', 'bbox': [100, 150, 280, 170], 'confidence': 0.95}","{'value': 'AHEPP0024A', 'bbox': [100, 650, 220, 670], 'confidence': 0.95}","{'value': 'SAFE PACKAGING SYSTEMS', 'bbox': [100, 60, 300, 80], 'confidence': 0.95}","{'value': '32AABCL0212H1ZB', 'bbox': [100, 260, 280, 280], 'confidence': 0.95}","{'value': 'Lulu HyperMarket, Kochi', 'bbox': [100, 220, 300, 240], 'confidence': 0.95}","{'value': '', 'bbox': [], 'confidence': 0.0}","{'value': '', 'bbox': [], 'confidence': 0.0}","{'value': 'Lulu Central Warehouse-Aluva', 'bbox': [350, 300, 550, 320], 'confidence': 0.95}","{'value': '2,45,700.00', 'bbox': [500, 450, 600, 470], 'confidence': 0.95}","{'value': '0.00', 'bbox': [], 'confidence': 0.0}","{'value': '22,113.00', 'bbox': [600, 480, 680, 500], 'confidence': 0.95}","{'value': '22,113.00', 'bbox': [600, 490, 680, 510], 'confidence': 0.95}","{'value': '0.00', 'bbox': [], 'confidence': 0.0}","{'value': '0.00', 'bbox': [], 'confidence': 0.0}","{'value': '0.00', 'bbox': [], 'confidence': 0.0}"
GRN2760812.json,"{'value': '11700064146', 'bbox': [260, 110, 380, 130], 'confidence': 0.95}","{'value': '30/09/2024', 'bbox': [420, 110, 520, 130], 'confidence': 0.95}","{'value': '29AAJCM3930G1ZD', 'bbox': [620, 230, 760, 250], 'confidence': 0.95}","{'value': 'AAJCM3930G', 'bbox': [620, 250, 720, 270], 'confidence': 0.95}","{'value': 'ID FRESH FOOD (INDIA) PRIVATE LIMITED', 'bbox': [500, 170, 780, 210], 'confidence': 0.95}","{'value': '29AAFCB7707D1ZQ', 'bbox': [160, 230, 300, 250], 'confidence': 0.95}","{'value': 'Swiggy Limited', 'bbox': [100, 170, 260, 190], 'confidence': 0.95}","{'value': '', 'bbox': [0, 0, 0, 0], 'confidence': 0.0}","{'value': '', 'bbox': [0, 0, 0, 0], 'confidence': 0.0}","{'value': '', 'bbox': [0, 0, 0, 0], 'confidence': 0.0}","{'value': '428.57', 'bbox': [700, 520, 760, 540], 'confidence': 0.95}","{'value': '0.00', 'bbox': [700, 560, 760, 580], 'confidence': 0.95}","{'value': '10.71', 'bbox': [700, 540, 760, 560], 'confidence': 0.95}","{'value': '10.71', 'bbox': [700, 540, 760, 560], 'confidence': 0.95}","{'value': '0.00', 'bbox': [700, 540, 760, 560], 'confidence': 0.95}","{'value': '0.00', 'bbox': [0, 0, 0, 0], 'confidence': 0.0}","{'value': '0.00', 'bbox': [0, 0, 0, 0], 'confidence': 0.0}"
GRN2352316(1).json,"{'value': '728', 'bbox': [660, 50, 720, 70], 'confidence': 0.95}","{'value': '30 Sep 2024', 'bbox': [550, 50, 640, 70], 'confidence': 0.95}","{'value': '29BOZPS2473H1Z3', 'bbox': [0, 0, 150, 20], 'confidence': 0.95}","{'value': '', 'bbox': [0, 0, 0, 0], 'confidence': 0.0}","{'value': 'Paradigm', 'bbox': [50, 60, 150, 80], 'confidence': 0.95}","{'value': '29AAFCB7707D1ZQ', 'bbox': [200, 240, 350, 260], 'confidence': 0.95}","{'value': 'Swiggy Limited', 'bbox': [70, 120, 200, 140], 'confidence': 0.95}","{'value': '', 'bbox': [0, 0, 0, 0], 'confidence': 0.0}","{'value': '', 'bbox': [0, 0, 0, 0], 'confidence': 0.0}","{'value': 'Swiggy Limited', 'bbox': [400, 120, 530, 140], 'confidence': 0.95}","{'value': '22712.50', 'bbox': [550, 420, 620, 440], 'confidence': 0.95}","{'value': '0.00', 'bbox': [450, 380, 500, 400], 'confidence': 0.95}","{'value': '0.00', 'bbox': [550, 440, 600, 460], 'confidence': 0.95}","{'value': '0.00', 'bbox': [550, 440, 600, 460], 'confidence': 0.95}","{'value': '0.00', 'bbox': [550, 440, 600, 460], 'confidence': 0.95}","{'value': '0.00', 'bbox': [550, 440, 600, 460], 'confidence': 0.95}","{'value': '0.00', 'bbox': [550, 440, 600, 460], 'confidence': 0.95}"
Invoice Number 302_page2.json,"{'value': '302', 'bbox': [420, 100, 480, 120], 'confidence': 0.95}","{'value': '15/05/2025', 'bbox': [420, 120, 500, 140], 'confidence': 0.95}","{'value': '09KMSPS3586K1ZO', 'bbox': [100, 650, 280, 670], 'confidence': 0.95}","{'value': '', 'bbox': [], 'confidence': 0.0}","{'value': 'Digital Fox Media', 'bbox': [100, 580, 280, 600], 'confidence': 0.95}","{'value': '29AAFCB7707D1ZQ', 'bbox': [200, 240, 360, 260], 'confidence': 0.95}","{'value': 'Swiggy Limited', 'bbox': [120, 180, 260, 200], 'confidence': 0.95}","{'value': '', 'bbox': [], 'confidence': 0.0}","{'value': '', 'bbox': [], 'confidence': 0.0}","{'value': '', 'bbox': [], 'confidence': 0.0}","{'value': '78,000', 'bbox': [500, 460, 560, 480], 'confidence': 0.95}","{'value': '0', 'bbox': [], 'confidence': 0.0}","{'value': '0', 'bbox': [], 'confidence': 0.0}","{'value': '0', 'bbox': [], 'confidence': 0.0}","{'value': '14040', 'bbox': [500, 480, 560, 500], 'confidence': 0.95}","{'value': '0', 'bbox': [], 'confidence': 0.0}","{'value': '0', 'bbox': [], 'confidence': 0.0}"
208_0003312_2324_PMRMO24406_1_20230802122144.json,"{'value': 'SE-0930/23-24', 'bbox': [450, 160, 550, 180], 'confidence': 0.95}","{'value': '27/07/2023', 'bbox': [550, 160, 650, 180], 'confidence': 0.95}","{'value': '05ATPPS9456A1ZB', 'bbox': [10, 20, 130, 40], 'confidence': 0.95}","{'value': 'ATPPS9456A', 'bbox': [100, 80, 220, 100], 'confidence': 0.95}","{'value': 'SHIVALIK ENTERPRISES', 'bbox': [150, 100, 450, 130], 'confidence': 0.95}","{'value': '09AAATH0842H1ZU', 'bbox': [350, 240, 470, 260], 'confidence': 0.95}","{'value': 'M/s HAMDARD LABORATORIES (INDIA)', 'bbox': [150, 180, 400, 210], 'confidence': 0.95}","{'value': '', 'bbox': [0, 0, 0, 0], 'confidence': 0.0}","{'value': '', 'bbox': [0, 0, 0, 0], 'confidence': 0.0}","{'value': '', 'bbox': [0, 0, 0, 0], 'confidence': 0.0}","{'value': '1014.00', 'bbox': [600, 650, 680, 670], 'confidence': 0.95}","{'value': '0.00', 'bbox': [600, 670, 680, 690], 'confidence': 0.95}","{'value': '0.00', 'bbox': [600, 690, 680, 710], 'confidence': 0.95}","{'value': '0.00', 'bbox': [600, 710, 680, 730], 'confidence': 0.95}","{'value': '182.52', 'bbox': [600, 730, 680, 750], 'confidence': 0.95}","{'value': '0.00', 'bbox': [600, 750, 680, 770], 'confidence': 0.95}","{'value': '0.00', 'bbox': [600, 770, 680, 790], 'confidence': 0.95}"
9506016386 1_page4.json,"{'value': '9500016366', 'bbox': [1080, 10, 1180, 30], 'confidence': 0.95}","{'value': '17-07-2025', 'bbox': [1080, 30, 1180, 50], 'confidence': 0.95}","{'value': '2027042025004', 'bbox': [10, 10, 120, 30], 'confidence': 0.95}","{'value': 'AACCA0720E', 'bbox': [10, 30, 120, 50], 'confidence': 0.95}","{'value': 'SURF EXCEL LIQUID DETERGENT', 'bbox': [10, 50, 250, 70], 'confidence': 0.95}","{'value': '2027042025004', 'bbox': [10, 100, 120, 120], 'confidence': 0.95}","{'value': 'SURF EXCEL LIQUID DETERGENT', 'bbox': [10, 120, 250, 140], 'confidence': 0.95}","{'value': 'AACCA0720E', 'bbox': [10, 140, 120, 160], 'confidence': 0.95}","{'value': '2027042025004', 'bbox': [10, 180, 120, 200], 'confidence': 0.95}","{'value': 'SURF EXCEL LIQUID DETERGENT', 'bbox': [10, 200, 250, 220], 'confidence': 0.95}","{'value': '1773.75', 'bbox': [1080, 1080, 1180, 1100], 'confidence': 0.95}","{'value': '0.00', 'bbox': [1080, 1100, 1180, 1120], 'confidence': 0.95}","{'value': '0.00', 'bbox': [1080, 1120, 1180, 1140], 'confidence': 0.95}","{'value': '0.00', 'bbox': [1080, 1140, 1180, 1160], 'confidence': 0.95}","{'value': '305.30', 'bbox': [1080, 1160, 1180, 1180], 'confidence': 0.95}","{'value': '0.00', 'bbox': [1080, 1180, 1180, 1200], 'confidence': 0.95}","{'value': '0.00', 'bbox': [1080, 1200, 1180, 1220], 'confidence': 0.95}"
VIV 7997 - PETS CENTRIC PRIVATE LIMITED - KA - Muhammed Noufal.json,"{'value': 'VIV/24-25/7997', 'bbox': [350, 160, 450, 180], 'confidence': 0.95}","{'value': '4-Dec-24', 'bbox': [500, 160, 580, 180], 'confidence': 0.95}","{'value': '27AAECV8384M1ZH', 'bbox': [100, 260, 250, 280], 'confidence': 0.95}","{'value': 'AAECV8384M', 'bbox': [100, 780, 200, 800], 'confidence': 0.95}","{'value': 'VIVALDIS HEALTH AND FOODS PVT LTD.', 'bbox': [100, 190, 350, 220], 'confidence': 0.95}","{'value': '29AALCP9335K1ZN', 'bbox': [100, 420, 250, 440], 'confidence': 0.95}","{'value': 'PETS CENTRIC PRIVATE LIMITED - KA', 'bbox': [100, 350, 350, 370], 'confidence': 0.95}","{'value': 'Not Available', 'bbox': [0, 0, 0, 0], 'confidence': 0.0}","{'value': '29AALCP9335K1ZN', 'bbox': [100, 420, 250, 440], 'confidence': 0.95}","{'value': 'PETS CENTRIC PRIVATE LIMITED - KA', 'bbox': [100, 350, 350, 370], 'confidence': 0.95}","{'value': '999.00', 'bbox': [600, 580, 680, 600], 'confidence': 0.95}","{'value': '0.00', 'bbox': [0, 0, 0, 0], 'confidence': 0.0}","{'value': '0.00', 'bbox': [0, 0, 0, 0], 'confidence': 0.0}","{'value': '0.00', 'bbox': [0, 0, 0, 0], 'confidence': 0.0}","{'value': '179.82', 'bbox': [680, 640, 760, 660], 'confidence': 0.95}","{'value': '0.00', 'bbox': [0, 0, 0, 0], 'confidence': 0.0}","{'value': '0.00', 'bbox': [0, 0, 0, 0], 'confidence': 0.0}"
9506016386 1_page5.json,"{'value': '950601686', 'bbox': [1600, 100, 1700, 130], 'confidence': 0.95}","{'value': '17-07-2025', 'bbox': [1600, 150, 1700, 180], 'confidence': 0.95}","{'value': '20AACCA0270S1ZI', 'bbox': [100, 200, 250, 230], 'confidence': 0.95}","{'value': 'AACCA0270S', 'bbox': [100, 250, 200, 280], 'confidence': 0.95}","{'value': 'LAKSHMI AUTOMOBILES', 'bbox': [100, 300, 350, 330], 'confidence': 0.95}","{'value': '20AABCP2704R1ZS', 'bbox': [100, 400, 250, 430], 'confidence': 0.95}","{'value': 'M/S. XYZ AUTO PARTS', 'bbox': [100, 450, 300, 480], 'confidence': 0.95}","{'value': 'AABCP2704R', 'bbox': [100, 500, 200, 530], 'confidence': 0.95}","{'value': '20AABCP2704R1ZS', 'bbox': [100, 600, 250, 630], 'confidence': 0.95}","{'value': 'M/S. XYZ AUTO PARTS', 'bbox': [100, 650, 300, 680], 'confidence': 0.95}","{'value': '640.14', 'bbox': [1600, 1000, 1700, 1030], 'confidence': 0.95}","{'value': '0.00', 'bbox': [1600, 1050, 1700, 1080], 'confidence': 0.95}","{'value': '0.00', 'bbox': [1600, 1100, 1700, 1130], 'confidence': 0.95}","{'value': '0.00', 'bbox': [1600, 1150, 1700, 1180], 'confidence': 0.95}","{'value': '113.34', 'bbox': [1600, 1200, 1700, 1230], 'confidence': 0.95}","{'value': '0.00', 'bbox': [1600, 1250, 1700, 1280], 'confidence': 0.95}","{'value': '0.00', 'bbox': [1600, 1300, 1700, 1330], 'confidence': 0.95}"
BOLPF 1235 - PETS CENTRIC PRIVATE LIMITED - MH - Muhammed Noufal_page1.json,"{'value': 'BOLPF/24-25/1235', 'bbox': [420, 200, 540, 220], 'confidence': 0.95}","{'value': '4-Dec-24', 'bbox': [600, 200, 680, 220], 'confidence': 0.95}","{'value': '27AAECV8384M1ZH', 'bbox': [100, 300, 240, 320], 'confidence': 0.95}","{'value': 'AAECV8384M', 'bbox': [100, 320, 200, 340], 'confidence': 0.95}","{'value': 'VIVALDIS HEALTH AND FOODS PVT LTD.', 'bbox': [100, 220, 400, 260], 'confidence': 0.95}","{'value': '27AALCP9335K1ZR', 'bbox': [100, 460, 240, 480], 'confidence': 0.95}","{'value': 'PETS CENTRIC PRIVATE LIMITED - MH', 'bbox': [100, 380, 350, 420], 'confidence': 0.95}","{'value': 'AALCP9335K', 'bbox': [100, 480, 200, 500], 'confidence': 0.95}","{'value': '27AALCP9335K1ZR', 'bbox': [100, 400, 240, 420], 'confidence': 0.95}","{'value': 'PETS CENTRIC PRIVATE LIMITED - MH', 'bbox': [100, 340, 350, 380], 'confidence': 0.95}","{'value': '', 'bbox': [], 'confidence': 0.0}","{'value': '', 'bbox': [], 'confidence': 0.0}","{'value': '', 'bbox': [], 'confidence': 0.0}","{'value': '', 'bbox': [], 'confidence': 0.0}","{'value': '', 'bbox': [], 'confidence': 0.0}","{'value': '', 'bbox': [], 'confidence': 0.0}","{'value': '', 'bbox': [], 'confidence': 0.0}"
208_0003317_2324_PMRMO24411_1_20230802123434.json,"{'value': '109', 'bbox': [200, 200, 250, 220], 'confidence': 0.95}","{'value': '24/07/2023', 'bbox': [450, 300, 550, 320], 'confidence': 0.95}","{'value': '', 'bbox': [0, 0, 0, 0], 'confidence': 0.0}","{'value': '', 'bbox': [0, 0, 0, 0], 'confidence': 0.0}","{'value': 'NAJIM', 'bbox': [100, 50, 200, 70], 'confidence': 0.95}","{'value': '', 'bbox': [0, 0, 0, 0], 'confidence': 0.0}","{'value': 'Hamdard Laboratories (India)', 'bbox': [150, 350, 400, 370], 'confidence': 0.95}","{'value': '', 'bbox': [0, 0, 0, 0], 'confidence': 0.0}","{'value': '', 'bbox': [0, 0, 0, 0], 'confidence': 0.0}","{'value': '', 'bbox': [0, 0, 0, 0], 'confidence': 0.0}","{'value': '660', 'bbox': [550, 500, 600, 520], 'confidence': 0.95}","{'value': '0', 'bbox': [0, 0, 0, 0], 'confidence': 0.0}","{'value': '0', 'bbox': [0, 0, 0, 0], 'confidence': 0.0}","{'value': '0', 'bbox': [0, 0, 0, 0], 'confidence': 0.0}","{'value': '0', 'bbox': [0, 0, 0, 0], 'confidence': 0.0}","{'value': '0', 'bbox': [0, 0, 0, 0], 'confidence': 0.0}","{'value': '0', 'bbox': [0, 0, 0, 0], 'confidence': 0.0}"
2928_001 (1).json,"{'value': '605', 'bbox': [100, 250, 150, 270], 'confidence': 0.95}","{'value': '31/05/2025', 'bbox': [450, 200, 550, 220], 'confidence': 0.95}","{'value': '29AESFS9239R1ZI', 'bbox': [10, 20, 150, 40], 'confidence': 0.95}","{'value': 'AESFS9239R', 'bbox': [10, 40, 100, 60], 'confidence': 0.95}","{'value': 'SUM ENTERPRISES', 'bbox': [150, 100, 400, 140], 'confidence': 0.95}","{'value': '29AAFCT7707D1ZQ', 'bbox': [400, 320, 580, 340], 'confidence': 0.95}","{'value': 'Swiggy Limited', 'bbox': [100, 300, 250, 320], 'confidence': 0.95}","{'value': '', 'bbox': [], 'confidence': 0.0}","{'value': '', 'bbox': [], 'confidence': 0.0}","{'value': '', 'bbox': [], 'confidence': 0.0}","{'value': '12,000', 'bbox': [500, 550, 580, 570], 'confidence': 0.95}","{'value': '0', 'bbox': [], 'confidence': 0.0}","{'value': '1080', 'bbox': [550, 590, 600, 610], 'confidence': 0.95}","{'value': '1080', 'bbox': [550, 610, 600, 630], 'confidence': 0.95}","{'value': '0', 'bbox': [550, 630, 600, 650], 'confidence': 0.95}","{'value': '0', 'bbox': [], 'confidence': 0.0}","{'value': '0', 'bbox': [], 'confidence': 0.0}"
GRN2760813.json,"{'value': 'SFP 24-25-20489', 'bbox': [360, 100, 480, 120], 'confidence': 0.95}","{'value': '30-Sep-24', 'bbox': [560, 100, 640, 120], 'confidence': 0.95}","{'value': '29AAPFM9917E1ZS', 'bbox': [100, 140, 260, 160], 'confidence': 0.95}","{'value': 'AAPFM9917E', 'bbox': [100, 160, 180, 180], 'confidence': 0.95}","{'value': 'SANJAY FARM PRODUCTS', 'bbox': [100, 80, 300, 100], 'confidence': 0.95}","{'value': '29AAFCB7707D1ZQ', 'bbox': [100, 300, 260, 320], 'confidence': 0.95}","{'value': 'Swiggy Limited', 'bbox': [100, 280, 220, 300], 'confidence': 0.95}","{'value': '', 'bbox': [0, 0, 0, 0], 'confidence': 0.0}","{'value': '29AAFCB7707D1ZQ', 'bbox': [100, 340, 260, 360], 'confidence': 0.95}","{'value': 'Swiggy Limited', 'bbox': [100, 320, 220, 340], 'confidence': 0.95}","{'value': '1,692.00', 'bbox': [560, 600, 640, 620], 'confidence': 0.95}","{'value': '0.00', 'bbox': [0, 0, 0, 0], 'confidence': 0.0}","{'value': '0.00', 'bbox': [0, 0, 0, 0], 'confidence': 0.0}","{'value': '0.00', 'bbox': [0, 0, 0, 0], 'confidence': 0.0}","{'value': '0.00', 'bbox': [0, 0, 0, 0], 'confidence': 0.0}","{'value': '0.00', 'bbox': [0, 0, 0, 0], 'confidence': 0.0}","{'value': '0.00', 'bbox': [0, 0, 0, 0], 'confidence': 0.0}"
PB22INV5750.json,"{'value': 'PB22INV5750', 'bbox': [450, 100, 550, 120], 'confidence': 0.95}","{'value': '03-11-2022', 'bbox': [450, 120, 550, 140], 'confidence': 0.95}","{'value': '29AACCP3181C1ZL', 'bbox': [700, 700, 800, 720], 'confidence': 0.95}","{'value': 'AACCP3181C', 'bbox': [100, 700, 200, 720], 'confidence': 0.95}","{'value': 'Posiflex Technology (India) Pvt Ltd', 'bbox': [500, 600, 700, 620], 'confidence': 0.95}","{'value': '07AAACL9861H1Z8', 'bbox': [200, 200, 350, 220], 'confidence': 0.95}","{'value': 'Decathlon Sports India Private Limited', 'bbox': [100, 100, 350, 120], 'confidence': 0.95}","{'value': 'Not Available', 'bbox': [0, 0, 0, 0], 'confidence': 0.0}","{'value': '07AAACL9861H1Z8', 'bbox': [200, 250, 350, 270], 'confidence': 0.95}","{'value': 'Decathlon Sports India Private Limited', 'bbox': [100, 150, 350, 170], 'confidence': 0.95}","{'value': '53626.32', 'bbox': [500, 500, 600, 520], 'confidence': 0.95}","{'value': '0.00', 'bbox': [0, 0, 0, 0], 'confidence': 0.0}","{'value': '0.00', 'bbox': [0, 0, 0, 0], 'confidence': 0.0}","{'value': '0.00', 'bbox': [0, 0, 0, 0], 'confidence': 0.0}","{'value': '11462.68', 'bbox': [500, 520, 600, 540], 'confidence': 0.95}","{'value': '0.00', 'bbox': [0, 0, 0, 0], 'confidence': 0.0}","{'value': '0.00', 'bbox': [0, 0, 0, 0], 'confidence': 0.0}"
9506016386 1_page9.json,"{'value': '272114145', 'bbox': [1000, 100, 1100, 150], 'confidence': 0.95}","{'value': '18-11-2018', 'bbox': [900, 200, 1000, 250], 'confidence': 0.95}","{'value': '03AJSPG7787R1ZI', 'bbox': [900, 300, 1000, 350], 'confidence': 0.95}","{'value': 'AJSPG7787R', 'bbox': [900, 350, 1000, 400], 'confidence': 0.95}","{'value': 'Moonsoon Ventures Pvt. Ltd.', 'bbox': [100, 200, 400, 250], 'confidence': 0.95}","{'value': '07AAACF0000A1ZI', 'bbox': [900, 400, 1000, 450], 'confidence': 0.95}","{'value': 'Gurgaon Feeder', 'bbox': [100, 300, 300, 350], 'confidence': 0.95}","{'value': 'AAACF0000A', 'bbox': [900, 450, 1000, 500], 'confidence': 0.95}","{'value': '07AAACF0000A1ZI', 'bbox': [900, 500, 1000, 550], 'confidence': 0.95}","{'value': 'Gurgaon Feeder', 'bbox': [100, 400, 300, 450], 'confidence': 0.95}","{'value': '368318.16', 'bbox': [1000, 600, 1100, 650], 'confidence': 0.95}","{'value': '0.00', 'bbox': [1000, 650, 1100, 700], 'confidence': 0.95}","{'value': '1811458.85', 'bbox': [1000, 700, 1100, 750], 'confidence': 0.95}","{'value': '1811458.85', 'bbox': [1000, 750, 1100, 800], 'confidence': 0.95}","{'value': '0.00', 'bbox': [1000, 800, 1100, 850], 'confidence': 0.95}","{'value': '0.00', 'bbox': [1000, 850, 1100, 900], 'confidence': 0.95}","{'value': '0.00', 'bbox': [1000, 900, 1100, 950], 'confidence': 0.95}"
_000000737-0001_SI_Grasim 6207178270.json,"{'value': 'RV6000082662', 'bbox': [590, 100, 720, 120], 'confidence': 0.95}","{'value': '10.11.2023', 'bbox': [800, 100, 900, 120], 'confidence': 0.95}","{'value': '21AAACJ7097D1ZS', 'bbox': [100, 160, 280, 180], 'confidence': 0.95}","{'value': 'AAACJ7097D', 'bbox': [700, 120, 800, 140], 'confidence': 0.95}","{'value': 'JINDAL STEEL & POWER LIMITED', 'bbox': [100, 40, 400, 60], 'confidence': 0.95}","{'value': '29AAACG4464B1ZU', 'bbox': [100, 260, 260, 280], 'confidence': 0.95}","{'value': 'GRASIM INDUSTRIES LIMITED', 'bbox': [100, 240, 300, 260], 'confidence': 0.95}","{'value': 'AAACG4464B', 'bbox': [100, 300, 200, 320], 'confidence': 0.95}","{'value': '29AAACG4464B1ZU', 'bbox': [500, 260, 660, 280], 'confidence': 0.95}","{'value': 'GRASIM INDUSTRIES LIMITED SURVEY NO.49.50,51,SHIVANAHALLI VILLAGE,YELAHANKA HOBLI, BENGALURU', 'bbox': [500, 240, 850, 280], 'confidence': 0.95}","{'value': '2335228.30', 'bbox': [700, 560, 800, 580], 'confidence': 0.95}","{'value': '0.00', 'bbox': [600, 560, 700, 580], 'confidence': 0.95}","{'value': '0.00', 'bbox': [800, 560, 900, 580], 'confidence': 0.95}","{'value': '0.00', 'bbox': [800, 560, 900, 580], 'confidence': 0.95}","{'value': '420341.08', 'bbox': [800, 560, 900, 580], 'confidence': 0.95}","{'value': '0.00', 'bbox': [900, 560, 1000, 580], 'confidence': 0.95}","{'value': '0.00', 'bbox': [900, 560, 1000, 580], 'confidence': 0.95}"
EP-03-71-21-22 - Ambience_page1.json,"{'value': 'EP/03/71/21-22', 'bbox': [260, 160, 360, 180], 'confidence': 0.95}","{'value': '26-Mar-22', 'bbox': [440, 160, 520, 180], 'confidence': 0.95}","{'value': '07AAECA6845N1Z8', 'bbox': [100, 220, 240, 240], 'confidence': 0.95}","{'value': 'U74899DL1984PTC019045', 'bbox': [100, 200, 260, 220], 'confidence': 0.95}","{'value': 'Ambience Commercial Developers (P) Ltd.', 'bbox': [100, 100, 300, 120], 'confidence': 0.95}","{'value': '07AAACL9861H1Z8', 'bbox': [300, 280, 440, 300], 'confidence': 0.95}","{'value': 'Decathlon Sports India Pvt. Ltd.', 'bbox': [300, 240, 440, 260], 'confidence': 0.95}","{'value': '', 'bbox': [], 'confidence': 0.0}","{'value': '07AAACL9861H1Z8', 'bbox': [300, 320, 440, 340], 'confidence': 0.95}","{'value': 'Decathlon Sports India Pvt. Ltd.', 'bbox': [300, 280, 440, 300], 'confidence': 0.95}","{'value': '1,25,000.00', 'bbox': [560, 460, 640, 480], 'confidence': 0.95}","{'value': '', 'bbox': [], 'confidence': 0.0}","{'value': '', 'bbox': [], 'confidence': 0.0}","{'value': '', 'bbox': [], 'confidence': 0.0}","{'value': '', 'bbox': [], 'confidence': 0.0}","{'value': '', 'bbox': [], 'confidence': 0.0}","{'value': '', 'bbox': [], 'confidence': 0.0}"
GKA22-122846.json,"{'value': 'GKA22-122846', 'bbox': [330, 300, 420, 320], 'confidence': 0.95}","{'value': '06/12/2022', 'bbox': [470, 300, 550, 320], 'confidence': 0.95}","{'value': '29AAACQ5169M1ZT', 'bbox': [200, 140, 350, 160], 'confidence': 0.95}","{'value': 'AAACQ5169M', 'bbox': [200, 160, 280, 180], 'confidence': 0.95}","{'value': 'Qodenext India Private Limited', 'bbox': [150, 70, 350, 90], 'confidence': 0.95}","{'value': '07AAACL9861H1Z8', 'bbox': [100, 460, 250, 480], 'confidence': 0.95}","{'value': 'Decathlon Sports India Pvt. Ltd.', 'bbox': [100, 400, 300, 420], 'confidence': 0.95}","{'value': 'AAACL9861H', 'bbox': [100, 480, 180, 500], 'confidence': 0.95}","{'value': '07AAACL9861H1Z8', 'bbox': [450, 460, 600, 480], 'confidence': 0.95}","{'value': 'Decathlon Sports India Pvt. Ltd.', 'bbox': [450, 400, 650, 420], 'confidence': 0.95}","{'value': '117411.00', 'bbox': [600, 600, 680, 620], 'confidence': 0.95}","{'value': '0.00', 'bbox': [0, 0, 0, 0], 'confidence': 0.0}","{'value': '0.00', 'bbox': [680, 600, 720, 620], 'confidence': 0.95}","{'value': '0.00', 'bbox': [760, 600, 800, 620], 'confidence': 0.95}","{'value': '21133.98', 'bbox': [840, 600, 900, 620], 'confidence': 0.95}","{'value': '0.00', 'bbox': [0, 0, 0, 0], 'confidence': 0.0}","{'value': '0.00', 'bbox': [0, 0, 0, 0], 'confidence': 0.0}"
SWIGGY LIMITED_Jul 25_FMS Rental_Lease Rental_IND-214045_page7.json,"{'value': '74', 'bbox': [10, 10, 40, 30], 'confidence': 0.95}","{'value': '01/07/2025', 'bbox': [250, 100, 320, 120], 'confidence': 0.95}","{'value': '09AADFC3824G1ZI', 'bbox': [10, 50, 100, 70], 'confidence': 0.95}","{'value': 'AADFC3824G', 'bbox': [10, 70, 100, 90], 'confidence': 0.95}","{'value': 'FMS Rental', 'bbox': [10, 30, 100, 50], 'confidence': 0.95}","{'value': '27AAACF2868G1ZI', 'bbox': [10, 130, 100, 150], 'confidence': 0.95}","{'value': 'M T Muthuraj', 'bbox': [250, 100, 320, 120], 'confidence': 0.95}","{'value': 'AAACF2868G', 'bbox': [10, 150, 100, 170], 'confidence': 0.95}","{'value': '27AAACF2868G1ZI', 'bbox': [10, 190, 100, 210], 'confidence': 0.95}","{'value': 'M T Muthuraj', 'bbox': [250, 170, 320, 190], 'confidence': 0.95}","{'value': '7233.01', 'bbox': [600, 100, 650, 120], 'confidence': 0.95}","{'value': '0.00', 'bbox': [660, 100, 710, 120], 'confidence': 0.95}","{'value': '0.00', 'bbox': [720, 100, 770, 120], 'confidence': 0.95}","{'value': '0.00', 'bbox': [780, 100, 830, 120], 'confidence': 0.95}","{'value': '1301.94', 'bbox': [840, 100, 890, 120], 'confidence': 0.95}","{'value': '0.00', 'bbox': [900, 100, 950, 120], 'confidence': 0.95}","{'value': '0.00', 'bbox': [960, 100, 1010, 120], 'confidence': 0.95}"
Apollo Medicine JUNE 2025 (1).json,"{'value': 'SI-D523453511', 'bbox': [460, 300, 580, 320], 'confidence': 0.95}","{'value': '13.06.2025', 'bbox': [460, 280, 540, 300], 'confidence': 0.95}","{'value': '29AAPCA5954P1ZN', 'bbox': [460, 320, 580, 340], 'confidence': 0.95}","{'value': 'AAPCA5954P', 'bbox': [460, 320, 580, 340], 'confidence': 0.95}","{'value': 'APOLLO PHARMACIES LIMITED', 'bbox': [100, 100, 250, 120], 'confidence': 0.95}","{'value': '29AFCB7707D1ZQ', 'bbox': [550, 100, 650, 120], 'confidence': 0.95}","{'value': 'SWIGGY LIMITED', 'bbox': [550, 80, 650, 100], 'confidence': 0.95}","{'value': 'AFCB7707D', 'bbox': [550, 100, 650, 120], 'confidence': 0.95}","{'value': '', 'bbox': [0, 0, 0, 0], 'confidence': 0.0}","{'value': 'SWIGGY LIMITED', 'bbox': [550, 80, 650, 100], 'confidence': 0.95}","{'value': '6035.00', 'bbox': [600, 600, 650, 620], 'confidence': 0.95}","{'value': '0.00', 'bbox': [0, 0, 0, 0], 'confidence': 0.0}","{'value': '0.00', 'bbox': [0, 0, 0, 0], 'confidence': 0.0}","{'value': '0.00', 'bbox': [0, 0, 0, 0], 'confidence': 0.0}","{'value': '4849.55', 'bbox': [600, 620, 650, 640], 'confidence': 0.95}","{'value': '0.00', 'bbox': [0, 0, 0, 0], 'confidence': 0.0}","{'value': '0.00', 'bbox': [0, 0, 0, 0], 'confidence': 0.0}"
GRN2352316.json,"{'value': '728', 'bbox': [660, 50, 720, 70], 'confidence': 0.95}","{'value': '30 Sep 2024', 'bbox': [550, 50, 640, 70], 'confidence': 0.95}","{'value': '29BOZPS2473H1Z3', 'bbox': [0, 0, 150, 20], 'confidence': 0.95}","{'value': '', 'bbox': [0, 0, 0, 0], 'confidence': 0.0}","{'value': 'Paradigm', 'bbox': [50, 60, 150, 80], 'confidence': 0.95}","{'value': '29AAFCB7707D1ZQ', 'bbox': [200, 240, 350, 260], 'confidence': 0.95}","{'value': 'Swiggy Limited', 'bbox': [70, 120, 200, 140], 'confidence': 0.95}","{'value': '', 'bbox': [0, 0, 0, 0], 'confidence': 0.0}","{'value': '', 'bbox': [0, 0, 0, 0], 'confidence': 0.0}","{'value': 'Swiggy Limited', 'bbox': [400, 120, 530, 140], 'confidence': 0.95}","{'value': '22712.50', 'bbox': [550, 420, 620, 440], 'confidence': 0.95}","{'value': '0.00', 'bbox': [450, 380, 500, 400], 'confidence': 0.95}","{'value': '0.00', 'bbox': [550, 440, 600, 460], 'confidence': 0.95}","{'value': '0.00', 'bbox': [550, 440, 600, 460], 'confidence': 0.95}","{'value': '0.00', 'bbox': [550, 440, 600, 460], 'confidence': 0.95}","{'value': '0.00', 'bbox': [550, 440, 600, 460], 'confidence': 0.95}","{'value': '0.00', 'bbox': [550, 440, 600, 460], 'confidence': 0.95}"
208_0003325_2324_PMRMO24419_1_20230802124712_page2.json,"{'value': '730/23-24', 'bbox': [110, 220, 220, 240], 'confidence': 0.95}","{'value': '07-07-2023', 'bbox': [110, 240, 220, 260], 'confidence': 0.95}","{'value': '07AAZPH9110K1Z7', 'bbox': [10, 30, 150, 50], 'confidence': 0.95}","{'value': 'AAZPH9110K', 'bbox': [110, 120, 220, 140], 'confidence': 0.95}","{'value': 'CAPITAL TRADERS', 'bbox': [110, 60, 300, 80], 'confidence': 0.95}","{'value': '09AAATH0842H1ZU', 'bbox': [110, 360, 280, 380], 'confidence': 0.95}","{'value': 'HAMDARD LABORATORIES (INDIA)', 'bbox': [110, 320, 350, 340], 'confidence': 0.95}","{'value': 'NA', 'bbox': [0, 0, 0, 0], 'confidence': 0.0}","{'value': '09AAATH0842H1ZU', 'bbox': [350, 360, 520, 380], 'confidence': 0.95}","{'value': 'HAMDARD LABORATORIES (INDIA)', 'bbox': [350, 320, 590, 340], 'confidence': 0.95}","{'value': '2,62,052.00', 'bbox': [110, 560, 220, 580], 'confidence': 0.95}","{'value': '0.00', 'bbox': [0, 0, 0, 0], 'confidence': 0.0}","{'value': '13,102.60', 'bbox': [350, 560, 400, 580], 'confidence': 0.95}","{'value': '13,102.60', 'bbox': [400, 560, 450, 580], 'confidence': 0.95}","{'value': '0.00', 'bbox': [0, 0, 0, 0], 'confidence': 0.0}","{'value': '0.00', 'bbox': [0, 0, 0, 0], 'confidence': 0.0}","{'value': '0.00', 'bbox': [0, 0, 0, 0], 'confidence': 0.0}"
_QS0686F956BCXX-0002_SI_GRASIM INDUSTRIES_page2.json,"{'value': 'SIG/06317/25-26', 'bbox': [120, 100, 280, 120], 'confidence': 0.95}","{'value': '15-Jul-25', 'bbox': [120, 120, 200, 140], 'confidence': 0.95}","{'value': '33AABFP6358D1ZG', 'bbox': [120, 220, 280, 240], 'confidence': 0.95}","{'value': '', 'bbox': [], 'confidence': 0.0}","{'value': 'Pioneer Steels', 'bbox': [120, 200, 240, 220], 'confidence': 0.95}","{'value': '29AAACG4464B1ZU', 'bbox': [400, 220, 560, 240], 'confidence': 0.95}","{'value': 'GRASIM INDUSTRIES LIMITED - UNIT HARIHAR POLYFIBERS & GRASILENE DIVISION', 'bbox': [400, 200, 680, 220], 'confidence': 0.95}","{'value': '', 'bbox': [], 'confidence': 0.0}","{'value': '33AAVFG6779R1Z3', 'bbox': [400, 320, 560, 340], 'confidence': 0.95}","{'value': 'GLOBAL INFRA PROJECTS', 'bbox': [400, 300, 560, 320], 'confidence': 0.95}","{'value': '6,06,965.00', 'bbox': [120, 560, 240, 580], 'confidence': 0.95}","{'value': '0.30', 'bbox': [320, 560, 400, 580], 'confidence': 0.95}","{'value': '', 'bbox': [], 'confidence': 0.0}","{'value': '', 'bbox': [], 'confidence': 0.0}","{'value': '1,09,253.70', 'bbox': [120, 580, 240, 600], 'confidence': 0.95}","{'value': '', 'bbox': [], 'confidence': 0.0}","{'value': '', 'bbox': [], 'confidence': 0.0}"
_000013845-0001_SI_Sales_24-25_635_page3.json,"{'value': '24-25/635', 'bbox': [450, 60, 530, 80], 'confidence': 0.95}","{'value': '4-Dec-24', 'bbox': [600, 60, 680, 80], 'confidence': 0.95}","{'value': '09AAVFB7148K1ZO', 'bbox': [200, 120, 350, 140], 'confidence': 0.95}","{'value': 'M-9630101060', 'bbox': [200, 140, 300, 160], 'confidence': 0.95}","{'value': 'BIUT BATH INDUSTRY LLP', 'bbox': [100, 60, 350, 80], 'confidence': 0.95}","{'value': '29AAACG4464B1ZU', 'bbox': [200, 260, 350, 280], 'confidence': 0.95}","{'value': 'GRASIM INDUSTRIES LIMITED', 'bbox': [100, 220, 350, 240], 'confidence': 0.95}","{'value': 'PO/KA/25/00018341', 'bbox': [450, 220, 600, 240], 'confidence': 0.95}","{'value': '', 'bbox': [0, 0, 0, 0], 'confidence': 0.0}","{'value': 'GRASIM INDUSTRIES LIMITED', 'bbox': [100, 180, 350, 200], 'confidence': 0.95}","{'value': '1,58,392.00', 'bbox': [650, 580, 750, 600], 'confidence': 0.95}","{'value': '0.00', 'bbox': [0, 0, 0, 0], 'confidence': 0.0}","{'value': '0.00', 'bbox': [0, 0, 0, 0], 'confidence': 0.0}","{'value': '0.00', 'bbox': [0, 0, 0, 0], 'confidence': 0.0}","{'value': '28,510.56', 'bbox': [650, 640, 750, 660], 'confidence': 0.95}","{'value': '0.44', 'bbox': [750, 580, 800, 600], 'confidence': 0.95}","{'value': '0.00', 'bbox': [0, 0, 0, 0], 'confidence': 0.0}"
AH-001-2019-2020 - CHAMAN LAL BAJAJ.json,"{'value': 'AH/001/2019-2020', 'bbox': [360, 130, 480, 150], 'confidence': 0.95}","{'value': '01/04/2019', 'bbox': [360, 170, 420, 190], 'confidence': 0.95}","{'value': '05AAZPB4078Q1ZW', 'bbox': [100, 70, 240, 90], 'confidence': 0.95}","{'value': 'AAZPB4078Q', 'bbox': [360, 520, 440, 540], 'confidence': 0.95}","{'value': 'Mr Chaman Lal Bajaj', 'bbox': [20, 20, 200, 40], 'confidence': 0.95}","{'value': '07AAACL9861H1Z8', 'bbox': [100, 110, 240, 130], 'confidence': 0.95}","{'value': 'Decathlon Sports India Pvt Ltd', 'bbox': [100, 90, 300, 110], 'confidence': 0.95}","{'value': '', 'bbox': [], 'confidence': 0.0}","{'value': '', 'bbox': [], 'confidence': 0.0}","{'value': '', 'bbox': [], 'confidence': 0.0}","{'value': '47,265.00', 'bbox': [500, 260, 580, 280], 'confidence': 0.95}","{'value': '0.00', 'bbox': [500, 300, 580, 320], 'confidence': 0.95}","{'value': '0.00', 'bbox': [500, 340, 580, 360], 'confidence': 0.95}","{'value': '0.00', 'bbox': [500, 360, 580, 380], 'confidence': 0.95}","{'value': '8,508.00', 'bbox': [500, 320, 580, 340], 'confidence': 0.95}","{'value': '0.00', 'bbox': [], 'confidence': 0.0}","{'value': '0.00', 'bbox': [], 'confidence': 0.0}"
9506016386 1_page2.json,"{'value': '', 'bbox': [], 'confidence': 0.0}","{'value': '', 'bbox': [], 'confidence': 0.0}","{'value': '', 'bbox': [], 'confidence': 0.0}","{'value': '', 'bbox': [], 'confidence': 0.0}","{'value': '', 'bbox': [], 'confidence': 0.0}","{'value': '', 'bbox': [], 'confidence': 0.0}","{'value': '', 'bbox': [], 'confidence': 0.0}","{'value': '', 'bbox': [], 'confidence': 0.0}","{'value': '', 'bbox': [], 'confidence': 0.0}","{'value': '', 'bbox': [], 'confidence': 0.0}","{'value': '162521.16', 'bbox': [290, 60, 360, 80], 'confidence': 0.95}","{'value': '', 'bbox': [], 'confidence': 0.0}","{'value': '12381.16', 'bbox': [300, 260, 370, 280], 'confidence': 0.95}","{'value': '12381.16', 'bbox': [300, 280, 370, 300], 'confidence': 0.95}","{'value': '4402.13', 'bbox': [290, 180, 360, 200], 'confidence': 0.95}","{'value': '0.00', 'bbox': [290, 200, 360, 220], 'confidence': 0.95}","{'value': '0.00', 'bbox': [290, 240, 360, 260], 'confidence': 0.95}"
SE-071N.json,"{'value': 'SE/071/2025-26', 'bbox': [160, 220, 280, 240], 'confidence': 0.95}","{'value': '10.07.2025', 'bbox': [280, 220, 360, 240], 'confidence': 0.95}","{'value': '19BTFP0457K2Z7', 'bbox': [10, 100, 150, 120], 'confidence': 0.95}","{'value': '', 'bbox': [], 'confidence': 0.0}","{'value': 'SNIGDHA ENTERPRISE', 'bbox': [200, 30, 400, 60], 'confidence': 0.95}","{'value': '09AAFB7707D1Z5', 'bbox': [10, 360, 150, 380], 'confidence': 0.95}","{'value': 'SWIGGY LIMITED', 'bbox': [10, 320, 150, 340], 'confidence': 0.95}","{'value': '', 'bbox': [], 'confidence': 0.0}","{'value': '', 'bbox': [], 'confidence': 0.0}","{'value': '', 'bbox': [], 'confidence': 0.0}","{'value': '10160.00', 'bbox': [500, 650, 580, 670], 'confidence': 0.95}","{'value': '0.00', 'bbox': [], 'confidence': 0.0}","{'value': '0.00', 'bbox': [600, 670, 680, 690], 'confidence': 0.95}","{'value': '0.00', 'bbox': [680, 670, 760, 690], 'confidence': 0.95}","{'value': '1828.80', 'bbox': [760, 670, 840, 690], 'confidence': 0.95}","{'value': '0.00', 'bbox': [], 'confidence': 0.0}","{'value': '0.00', 'bbox': [], 'confidence': 0.0}"
GRN2550458.json,"{'value': 'F21100018517/24', 'bbox': [450, 100, 600, 120], 'confidence': 0.95}","{'value': '30.09.2024', 'bbox': [450, 130, 550, 150], 'confidence': 0.95}","{'value': '29AAECN1546M1Z3', 'bbox': [100, 200, 250, 220], 'confidence': 0.95}","{'value': 'U01120KA2010PTC052035', 'bbox': [100, 250, 300, 270], 'confidence': 0.95}","{'value': 'Dairy Tales Namdhari Pvt. Ltd.', 'bbox': [100, 100, 300, 120], 'confidence': 0.95}","{'value': '29AAFCB7707D1ZQ', 'bbox': [100, 350, 250, 370], 'confidence': 0.95}","{'value': 'Bundl Technologies Pvt Ltd (HO)', 'bbox': [100, 320, 300, 340], 'confidence': 0.95}","{'value': '', 'bbox': [0, 0, 0, 0], 'confidence': 0.0}","{'value': '29AAFCB7707D1ZQ', 'bbox': [450, 350, 600, 370], 'confidence': 0.95}","{'value': 'Bundl Technologies Pvt Ltd - Yelahanka', 'bbox': [450, 320, 650, 340], 'confidence': 0.95}","{'value': '153.59', 'bbox': [550, 550, 600, 570], 'confidence': 0.95}","{'value': '0.00', 'bbox': [550, 600, 600, 620], 'confidence': 0.95}","{'value': '0.00', 'bbox': [550, 630, 600, 650], 'confidence': 0.95}","{'value': '0.00', 'bbox': [550, 660, 600, 680], 'confidence': 0.95}","{'value': '0.00', 'bbox': [550, 690, 600, 710], 'confidence': 0.95}","{'value': '0.00', 'bbox': [550, 720, 600, 740], 'confidence': 0.95}","{'value': '0.00', 'bbox': [550, 750, 600, 770], 'confidence': 0.95}"
BOLPF 1236 - PETS CENTRIC PRIVATE LIMITED - DL - Muhammed Noufal_page2.json,"{'value': 'BOLPF/24-25/1236', 'bbox': [350, 100, 470, 120], 'confidence': 0.95}","{'value': '4-Dec-24', 'bbox': [600, 100, 680, 120], 'confidence': 0.95}","{'value': '27AAECV8384M1ZH', 'bbox': [100, 160, 250, 180], 'confidence': 0.95}","{'value': 'AAECV8384M', 'bbox': [100, 680, 200, 700], 'confidence': 0.95}","{'value': 'VIVALDIS HEALTH AND FOODS PVT LTD.', 'bbox': [100, 120, 400, 140], 'confidence': 0.95}","{'value': '07AALCP9335K1ZT', 'bbox': [100, 300, 250, 320], 'confidence': 0.95}","{'value': 'PETS CENTRIC PRIVATE LIMITED - DL', 'bbox': [100, 260, 350, 280], 'confidence': 0.95}","{'value': 'Not Available', 'bbox': [0, 0, 0, 0], 'confidence': 0.0}","{'value': '07AALCP9335K1ZT', 'bbox': [100, 380, 250, 400], 'confidence': 0.95}","{'value': 'PETS CENTRIC PRIVATE LIMITED - DL', 'bbox': [100, 340, 350, 360], 'confidence': 0.95}","{'value': '74,373.00', 'bbox': [600, 520, 680, 540], 'confidence': 0.95}","{'value': '0.14', 'bbox': [680, 520, 720, 540], 'confidence': 0.95}","{'value': '0.00', 'bbox': [0, 0, 0, 0], 'confidence': 0.0}","{'value': '0.00', 'bbox': [0, 0, 0, 0], 'confidence': 0.0}","{'value': '13,387.14', 'bbox': [680, 580, 760, 600], 'confidence': 0.95}","{'value': '0.00', 'bbox': [0, 0, 0, 0], 'confidence': 0.0}","{'value': '0.00', 'bbox': [0, 0, 0, 0], 'confidence': 0.0}"
GRN5060603.json,"{'value': 'SFP 24-25-20490', 'bbox': [430, 100, 550, 120], 'confidence': 0.95}","{'value': '30-Sep-24', 'bbox': [600, 100, 680, 120], 'confidence': 0.95}","{'value': '29AMCPM9917E1ZS', 'bbox': [100, 160, 250, 180], 'confidence': 0.95}","{'value': 'AQFPS9342M', 'bbox': [100, 200, 200, 220], 'confidence': 0.95}","{'value': 'SANJAY FARM PRODUCTS', 'bbox': [100, 60, 300, 80], 'confidence': 0.95}","{'value': '29AAFCB7707D1ZQ', 'bbox': [100, 360, 250, 380], 'confidence': 0.95}","{'value': 'Swiggy Limited', 'bbox': [100, 320, 250, 340], 'confidence': 0.95}","{'value': '', 'bbox': [0, 0, 0, 0], 'confidence': 0.0}","{'value': '29AAFCB7707D1ZQ', 'bbox': [100, 280, 250, 300], 'confidence': 0.95}","{'value': 'Swiggy Limited', 'bbox': [100, 240, 250, 260], 'confidence': 0.95}","{'value': '2538.00', 'bbox': [600, 500, 680, 520], 'confidence': 0.95}","{'value': '0.00', 'bbox': [0, 0, 0, 0], 'confidence': 0.0}","{'value': '0.00', 'bbox': [0, 0, 0, 0], 'confidence': 0.0}","{'value': '0.00', 'bbox': [0, 0, 0, 0], 'confidence': 0.0}","{'value': '0.00', 'bbox': [0, 0, 0, 0], 'confidence': 0.0}","{'value': '0.00', 'bbox': [0, 0, 0, 0], 'confidence': 0.0}","{'value': '0.00', 'bbox': [0, 0, 0, 0], 'confidence': 0.0}"
SWIGGY LIMITED_Jul 25_FMS Rental_Lease Rental_IND-214045_page1.json,"{'value': 'IND-214045', 'bbox': [760, 100, 860, 120], 'confidence': 0.95}","{'value': '01/07/2025', 'bbox': [760, 140, 860, 160], 'confidence': 0.95}","{'value': '27AAACM2931R3Z1', 'bbox': [400, 100, 550, 120], 'confidence': 0.95}","{'value': 'AAACM2931R', 'bbox': [400, 140, 500, 160], 'confidence': 0.95}","{'value': 'Mahindra & Mahindra Financial Services Limited', 'bbox': [400, 60, 700, 80], 'confidence': 0.95}","{'value': '29AAFCB7707D1ZQ', 'bbox': [150, 180, 300, 200], 'confidence': 0.95}","{'value': 'SWIGGY LIMITED', 'bbox': [150, 60, 300, 80], 'confidence': 0.95}","{'value': 'AAFCB7707D', 'bbox': [150, 220, 250, 240], 'confidence': 0.95}","{'value': '29AAFCB7707D1ZQ', 'bbox': [150, 180, 300, 200], 'confidence': 0.95}","{'value': 'SWIGGY LIMITED', 'bbox': [150, 60, 300, 80], 'confidence': 0.95}","{'value': '13600.00', 'bbox': [900, 660, 1000, 680], 'confidence': 0.95}","{'value': '0.00', 'bbox': [900, 680, 1000, 700], 'confidence': 0.95}","{'value': '0.00', 'bbox': [900, 700, 1000, 720], 'confidence': 0.95}","{'value': '0.00', 'bbox': [900, 720, 1000, 740], 'confidence': 0.95}","{'value': '3235.56', 'bbox': [900, 740, 1000, 760], 'confidence': 0.95}","{'value': '0.00', 'bbox': [900, 760, 1000, 780], 'confidence': 0.95}","{'value': '0.00', 'bbox': [900, 780, 1000, 800], 'confidence': 0.95}"
GRN2300933.json,"{'value': '11300067346', 'bbox': [290, 100, 420, 120], 'confidence': 0.95}","{'value': '30/09/2024', 'bbox': [200, 100, 290, 120], 'confidence': 0.95}","{'value': '29AAJCM3930G1ZD', 'bbox': [550, 200, 680, 220], 'confidence': 0.95}","{'value': 'AAICM3930G', 'bbox': [550, 240, 640, 260], 'confidence': 0.95}","{'value': 'ID FRESH FOOD (INDIA) PRIVATE LIMITED', 'bbox': [400, 160, 680, 180], 'confidence': 0.95}","{'value': '29AAFB7707D1ZQ', 'bbox': [150, 240, 280, 260], 'confidence': 0.95}","{'value': 'Swiggy Limited', 'bbox': [100, 160, 250, 180], 'confidence': 0.95}","{'value': '', 'bbox': [0, 0, 0, 0], 'confidence': 0.0}","{'value': '', 'bbox': [0, 0, 0, 0], 'confidence': 0.0}","{'value': '', 'bbox': [0, 0, 0, 0], 'confidence': 0.0}","{'value': '428.57', 'bbox': [600, 500, 650, 520], 'confidence': 0.95}","{'value': '0.00', 'bbox': [600, 540, 650, 560], 'confidence': 0.95}","{'value': '10.71', 'bbox': [600, 520, 650, 540], 'confidence': 0.95}","{'value': '10.71', 'bbox': [600, 520, 650, 540], 'confidence': 0.95}","{'value': '0.00', 'bbox': [600, 520, 650, 540], 'confidence': 0.95}","{'value': '0.00', 'bbox': [0, 0, 0, 0], 'confidence': 0.0}","{'value': '0.00', 'bbox': [0, 0, 0, 0], 'confidence': 0.0}"
_000001856-0006_SI_SI2012311401_page1.json,"{'value': '20112317041', 'bbox': [360, 1000, 460, 1020], 'confidence': 0.95}","{'value': '09/01/2024', 'bbox': [500, 1000, 580, 1020], 'confidence': 0.95}","{'value': '06AAACG4648B201', 'bbox': [600, 1000, 700, 1020], 'confidence': 0.95}","{'value': 'AAACG4648B', 'bbox': [720, 1000, 800, 1020], 'confidence': 0.95}","{'value': 'UTTAM STRIPS LIMITED', 'bbox': [360, 1040, 560, 1060], 'confidence': 0.95}","{'value': '27AACCH1928D1ZP', 'bbox': [480, 1120, 580, 1140], 'confidence': 0.95}","{'value': 'STATE BANK OF INDIA IFSC CODE: NEHRU PLACE', 'bbox': [360, 1160, 600, 1180], 'confidence': 0.95}","{'value': 'AACCH1928D', 'bbox': [600, 1120, 680, 1140], 'confidence': 0.95}","{'value': '06AAACG4648B201', 'bbox': [600, 1000, 700, 1020], 'confidence': 0.95}","{'value': 'STATE BANK OF INDIA IFSC CODE: NEHRU PLACE', 'bbox': [360, 1160, 600, 1180], 'confidence': 0.95}","{'value': '3587.17', 'bbox': [1000, 680, 1080, 700], 'confidence': 0.95}","{'value': '0.00', 'bbox': [1000, 720, 1080, 740], 'confidence': 0.95}","{'value': '0.00', 'bbox': [1000, 760, 1080, 780], 'confidence': 0.95}","{'value': '0.00', 'bbox': [1000, 800, 1080, 820], 'confidence': 0.95}","{'value': '0.00', 'bbox': [1000, 840, 1080, 860], 'confidence': 0.95}","{'value': '0.00', 'bbox': [1000, 880, 1080, 900], 'confidence': 0.95}","{'value': '0.00', 'bbox': [1000, 920, 1080, 940], 'confidence': 0.95}"
DOC378.json,"{'value': 'GT/1477', 'bbox': [440, 130, 520, 150], 'confidence': 0.95}","{'value': '03/08/2023', 'bbox': [440, 160, 520, 180], 'confidence': 0.95}","{'value': '24AAGFG5678Q1ZN', 'bbox': [100, 70, 250, 90], 'confidence': 0.95}","{'value': '', 'bbox': [], 'confidence': 0.0}","{'value': 'GUJARAT PACKAGING INDUSTRIES', 'bbox': [100, 20, 500, 40], 'confidence': 0.95}","{'value': '32AABCL0212H1ZB', 'bbox': [250, 300, 380, 320], 'confidence': 0.95}","{'value': 'LULU HYPERMARKET (C L INDIA) (SHIP TO)', 'bbox': [100, 190, 350, 210], 'confidence': 0.95}","{'value': '', 'bbox': [], 'confidence': 0.0}","{'value': '32AABCL0212H1ZB', 'bbox': [250, 300, 380, 320], 'confidence': 0.95}","{'value': 'LULU INTERNATIONAL SHOPPING', 'bbox': [100, 250, 300, 270], 'confidence': 0.95}","{'value': '93622.03', 'bbox': [500, 550, 580, 570], 'confidence': 0.95}","{'value': '0.00', 'bbox': [], 'confidence': 0.0}","{'value': '0.00', 'bbox': [], 'confidence': 0.0}","{'value': '0.00', 'bbox': [], 'confidence': 0.0}","{'value': '16851.97', 'bbox': [500, 590, 580, 610], 'confidence': 0.95}","{'value': '0.00', 'bbox': [], 'confidence': 0.0}","{'value': '0.00', 'bbox': [], 'confidence': 0.0}"
SE-072.json,"{'value': 'SE/072/2025-26', 'bbox': [160, 260, 280, 280], 'confidence': 0.95}","{'value': '12.07.2025', 'bbox': [160, 280, 280, 300], 'confidence': 0.95}","{'value': '19BTFPRO457K2Z7', 'bbox': [160, 120, 320, 140], 'confidence': 0.95}","{'value': '', 'bbox': [], 'confidence': 0.0}","{'value': 'SNIGDHA ENTERPRISE', 'bbox': [160, 40, 400, 60], 'confidence': 0.95}","{'value': '19AAFCB7707D1ZR', 'bbox': [160, 400, 320, 420], 'confidence': 0.95}","{'value': 'SWIGGY LIMITED', 'bbox': [160, 360, 300, 380], 'confidence': 0.95}","{'value': '', 'bbox': [], 'confidence': 0.0}","{'value': '', 'bbox': [], 'confidence': 0.0}","{'value': '', 'bbox': [], 'confidence': 0.0}","{'value': '6573.00', 'bbox': [600, 720, 680, 740], 'confidence': 0.95}","{'value': '0.00', 'bbox': [], 'confidence': 0.0}","{'value': '591.57', 'bbox': [680, 740, 760, 760], 'confidence': 0.95}","{'value': '591.57', 'bbox': [760, 740, 840, 760], 'confidence': 0.95}","{'value': '0.00', 'bbox': [840, 740, 920, 760], 'confidence': 0.95}","{'value': '0.00', 'bbox': [], 'confidence': 0.0}","{'value': '0.00', 'bbox': [], 'confidence': 0.0}"
_000013845-0001_SI_Sales_24-25_635_page2.json,"{'value': '24-25/635', 'bbox': [450, 60, 520, 80], 'confidence': 0.95}","{'value': '4-Dec-24', 'bbox': [600, 60, 660, 80], 'confidence': 0.95}","{'value': '09AAVFB7148K1ZO', 'bbox': [150, 120, 280, 140], 'confidence': 0.95}","{'value': 'AAVFB7148K', 'bbox': [150, 140, 240, 160], 'confidence': 0.9}","{'value': 'BIUT BATH INDUSTRY LLP', 'bbox': [100, 80, 300, 100], 'confidence': 0.95}","{'value': '29AAACG4464B1ZU', 'bbox': [150, 260, 280, 280], 'confidence': 0.95}","{'value': 'GRASIM INDUSTRIES LIMITED', 'bbox': [100, 220, 300, 240], 'confidence': 0.95}","{'value': 'AAACG4464B', 'bbox': [150, 280, 240, 300], 'confidence': 0.9}","{'value': '', 'bbox': [], 'confidence': 0.0}","{'value': 'GRASIM INDUSTRIES LIMITED', 'bbox': [100, 160, 300, 180], 'confidence': 0.95}","{'value': '', 'bbox': [], 'confidence': 0.0}","{'value': '', 'bbox': [], 'confidence': 0.0}","{'value': '', 'bbox': [], 'confidence': 0.0}","{'value': '', 'bbox': [], 'confidence': 0.0}","{'value': '', 'bbox': [], 'confidence': 0.0}","{'value': '', 'bbox': [], 'confidence': 0.0}","{'value': '', 'bbox': [], 'confidence': 0.0}"
9506016386 1_page3.json,"{'value': '5538112194', 'bbox': [1100, 1000, 1250, 1030], 'confidence': 0.95}","{'value': '15.05.2025', 'bbox': [1100, 1050, 1200, 1080], 'confidence': 0.95}","{'value': '06AAACH1004M1ZJ', 'bbox': [1100, 1200, 1250, 1230], 'confidence': 0.95}","{'value': 'AAACH1004M', 'bbox': [1100, 1250, 1200, 1280], 'confidence': 0.95}","{'value': 'Hindustan Unilever Limited', 'bbox': [1100, 1300, 1300, 1330], 'confidence': 0.95}","{'value': '20AACFY8132Z8AA', 'bbox': [1100, 1400, 1250, 1430], 'confidence': 0.95}","{'value': 'Monostone Ventures LLP', 'bbox': [1100, 1450, 1300, 1480], 'confidence': 0.95}","{'value': 'AAACFY8132Z', 'bbox': [1100, 1500, 1200, 1530], 'confidence': 0.95}","{'value': '20AACFY8132Z8AA', 'bbox': [1100, 1550, 1250, 1580], 'confidence': 0.95}","{'value': 'Monostone Ventures LLP', 'bbox': [1100, 1600, 1300, 1630], 'confidence': 0.95}","{'value': '31,125.47', 'bbox': [1300, 1700, 1400, 1730], 'confidence': 0.95}","{'value': '0.00', 'bbox': [1300, 1750, 1400, 1780], 'confidence': 0.95}","{'value': '0.00', 'bbox': [1300, 1800, 1400, 1830], 'confidence': 0.95}","{'value': '0.00', 'bbox': [1300, 1850, 1400, 1880], 'confidence': 0.95}","{'value': '5,568.74', 'bbox': [1300, 1900, 1400, 1930], 'confidence': 0.95}","{'value': '0.00', 'bbox': [1300, 1950, 1400, 1980], 'confidence': 0.95}","{'value': '0.00', 'bbox': [1300, 2000, 1400, 2030], 'confidence': 0.95}"
SSPL_138.json,"{'value': 'SSPL/138/25-26', 'bbox': [200, 300, 300, 320], 'confidence': 0.95}","{'value': '12.07.2025', 'bbox': [200, 320, 300, 340], 'confidence': 0.95}","{'value': '19AAQCM5971R1Z6', 'bbox': [100, 100, 250, 120], 'confidence': 0.95}","{'value': 'AB-79', 'bbox': [200, 150, 250, 170], 'confidence': 0.95}","{'value': 'MNS SECURE SOLUTION PVT. LTD.', 'bbox': [100, 50, 500, 70], 'confidence': 0.95}","{'value': '20AAFCB7707D128', 'bbox': [100, 450, 250, 470], 'confidence': 0.95}","{'value': 'Swiggy Limited', 'bbox': [100, 400, 250, 420], 'confidence': 0.95}","{'value': '', 'bbox': [0, 0, 0, 0], 'confidence': 0.0}","{'value': '', 'bbox': [0, 0, 0, 0], 'confidence': 0.0}","{'value': '', 'bbox': [0, 0, 0, 0], 'confidence': 0.0}","{'value': '9950.00', 'bbox': [400, 650, 500, 670], 'confidence': 0.95}","{'value': '0.00', 'bbox': [0, 0, 0, 0], 'confidence': 0.0}","{'value': '0.00', 'bbox': [500, 670, 600, 690], 'confidence': 0.95}","{'value': '0.00', 'bbox': [550, 670, 650, 690], 'confidence': 0.95}","{'value': '1791.00', 'bbox': [600, 670, 700, 690], 'confidence': 0.95}","{'value': '0.00', 'bbox': [0, 0, 0, 0], 'confidence': 0.0}","{'value': '0.00', 'bbox': [0, 0, 0, 0], 'confidence': 0.0}"
